--
-- PostgreSQL database dump
--

-- Dumped from database version 12.9
-- Dumped by pg_dump version 13.5 (Debian 13.5-0+deb11u1)

SET statement_timeout = 0;
SET lock_timeout = 0;
SET idle_in_transaction_session_timeout = 0;
SET client_encoding = 'UTF8';
SET standard_conforming_strings = on;
SELECT pg_catalog.set_config('search_path', '', false);
SET check_function_bodies = false;
SET xmloption = content;
SET client_min_messages = warning;
SET row_security = off;

ALTER TABLE ONLY public.otp_totp_totpdevice DROP CONSTRAINT otp_totp_totpdevice_user_id_0fb18292_fk_authentik_core_user_id;
ALTER TABLE ONLY public.otp_static_statictoken DROP CONSTRAINT otp_static_statictok_device_id_74b7c7d1_fk_otp_stati;
ALTER TABLE ONLY public.otp_static_staticdevice DROP CONSTRAINT otp_static_staticdev_user_id_7f9cff2b_fk_authentik;
ALTER TABLE ONLY public.guardian_userobjectpermission DROP CONSTRAINT guardian_userobjectp_user_id_d5c1e964_fk_authentik;
ALTER TABLE ONLY public.guardian_userobjectpermission DROP CONSTRAINT guardian_userobjectp_permission_id_71807bfc_fk_auth_perm;
ALTER TABLE ONLY public.guardian_userobjectpermission DROP CONSTRAINT guardian_userobjectp_content_type_id_2e892405_fk_django_co;
ALTER TABLE ONLY public.guardian_groupobjectpermission DROP CONSTRAINT guardian_groupobject_permission_id_36572738_fk_auth_perm;
ALTER TABLE ONLY public.guardian_groupobjectpermission DROP CONSTRAINT guardian_groupobject_group_id_4bbbfb62_fk_auth_grou;
ALTER TABLE ONLY public.guardian_groupobjectpermission DROP CONSTRAINT guardian_groupobject_content_type_id_7ade36b8_fk_django_co;
ALTER TABLE ONLY public.authentik_tenants_tenant DROP CONSTRAINT authentik_tenants_te_web_certificate_id_74429583_fk_authentik;
ALTER TABLE ONLY public.authentik_tenants_tenant DROP CONSTRAINT authentik_tenants_te_flow_unenrollment_id_73817e72_fk_authentik;
ALTER TABLE ONLY public.authentik_tenants_tenant DROP CONSTRAINT authentik_tenants_te_flow_recovery_id_a08f1692_fk_authentik;
ALTER TABLE ONLY public.authentik_tenants_tenant DROP CONSTRAINT authentik_tenants_te_flow_invalidation_id_cedce4a1_fk_authentik;
ALTER TABLE ONLY public.authentik_tenants_tenant DROP CONSTRAINT authentik_tenants_te_flow_authentication__7a0889f3_fk_authentik;
ALTER TABLE ONLY public.authentik_stages_user_logout_userlogoutstage DROP CONSTRAINT authentik_stages_use_stage_ptr_id_c7d7012d_fk_authentik;
ALTER TABLE ONLY public.authentik_stages_user_login_userloginstage DROP CONSTRAINT authentik_stages_use_stage_ptr_id_b1bc035b_fk_authentik;
ALTER TABLE ONLY public.authentik_stages_user_delete_userdeletestage DROP CONSTRAINT authentik_stages_use_stage_ptr_id_61292077_fk_authentik;
ALTER TABLE ONLY public.authentik_stages_user_write_userwritestage DROP CONSTRAINT authentik_stages_use_stage_ptr_id_2cc319e1_fk_authentik;
ALTER TABLE ONLY public.authentik_stages_user_write_userwritestage DROP CONSTRAINT authentik_stages_use_create_users_group_i_90b7794f_fk_authentik;
ALTER TABLE ONLY public.authentik_stages_prompt_promptstage DROP CONSTRAINT authentik_stages_pro_stage_ptr_id_285415b5_fk_authentik;
ALTER TABLE ONLY public.authentik_stages_prompt_promptstage_fields DROP CONSTRAINT authentik_stages_pro_promptstage_id_d3bd61cc_fk_authentik;
ALTER TABLE ONLY public.authentik_stages_prompt_promptstage_validation_policies DROP CONSTRAINT authentik_stages_pro_promptstage_id_cb253bb1_fk_authentik;
ALTER TABLE ONLY public.authentik_stages_prompt_promptstage_fields DROP CONSTRAINT authentik_stages_pro_prompt_id_8c79d4c1_fk_authentik;
ALTER TABLE ONLY public.authentik_stages_prompt_promptstage_validation_policies DROP CONSTRAINT authentik_stages_pro_policy_id_96db92ab_fk_authentik;
ALTER TABLE ONLY public.authentik_stages_password_passwordstage DROP CONSTRAINT authentik_stages_pas_stage_ptr_id_46eda438_fk_authentik;
ALTER TABLE ONLY public.authentik_stages_password_passwordstage DROP CONSTRAINT authentik_stages_pas_configure_flow_id_2a91be83_fk_authentik;
ALTER TABLE ONLY public.authentik_stages_invitation_invitationstage DROP CONSTRAINT authentik_stages_inv_stage_ptr_id_fcaca395_fk_authentik;
ALTER TABLE ONLY public.authentik_stages_invitation_invitation DROP CONSTRAINT authentik_stages_inv_created_by_id_87fe9398_fk_authentik;
ALTER TABLE ONLY public.authentik_stages_identification_identificationstage DROP CONSTRAINT authentik_stages_ide_stage_ptr_id_da7dad55_fk_authentik;
ALTER TABLE ONLY public.authentik_stages_identification_identificationstage_sources DROP CONSTRAINT authentik_stages_ide_source_id_9579fda9_fk_authentik;
ALTER TABLE ONLY public.authentik_stages_identification_identificationstage DROP CONSTRAINT authentik_stages_ide_recovery_flow_id_16f5f1c7_fk_authentik;
ALTER TABLE ONLY public.authentik_stages_identification_identificationstage DROP CONSTRAINT authentik_stages_ide_passwordless_flow_id_68cf3874_fk_authentik;
ALTER TABLE ONLY public.authentik_stages_identification_identificationstage DROP CONSTRAINT authentik_stages_ide_password_stage_id_8d68497a_fk_authentik;
ALTER TABLE ONLY public.authentik_stages_identification_identificationstage_sources DROP CONSTRAINT authentik_stages_ide_identificationstage__c119703c_fk_authentik;
ALTER TABLE ONLY public.authentik_stages_identification_identificationstage DROP CONSTRAINT authentik_stages_ide_enrollment_flow_id_930e83ff_fk_authentik;
ALTER TABLE ONLY public.authentik_stages_email_emailstage DROP CONSTRAINT authentik_stages_ema_stage_ptr_id_7355e8a2_fk_authentik;
ALTER TABLE ONLY public.authentik_stages_dummy_dummystage DROP CONSTRAINT authentik_stages_dum_stage_ptr_id_7d72bd43_fk_authentik;
ALTER TABLE ONLY public.authentik_stages_deny_denystage DROP CONSTRAINT authentik_stages_den_stage_ptr_id_5290ec0e_fk_authentik;
ALTER TABLE ONLY public.authentik_stages_consent_userconsent DROP CONSTRAINT authentik_stages_con_user_id_554dc39f_fk_authentik;
ALTER TABLE ONLY public.authentik_stages_consent_consentstage DROP CONSTRAINT authentik_stages_con_stage_ptr_id_492add69_fk_authentik;
ALTER TABLE ONLY public.authentik_stages_consent_userconsent DROP CONSTRAINT authentik_stages_con_application_id_ad55f58e_fk_authentik;
ALTER TABLE ONLY public.authentik_stages_captcha_captchastage DROP CONSTRAINT authentik_stages_cap_stage_ptr_id_6328c33b_fk_authentik;
ALTER TABLE ONLY public.authentik_stages_authenticator_duo_duodevice DROP CONSTRAINT authentik_stages_aut_user_id_bd340329_fk_authentik;
ALTER TABLE ONLY public.authentik_stages_authenticator_sms_smsdevice DROP CONSTRAINT authentik_stages_aut_user_id_454934c5_fk_authentik;
ALTER TABLE ONLY public.authentik_stages_authenticator_webauthn_webauthndevice DROP CONSTRAINT authentik_stages_aut_user_id_26c9196a_fk_authentik;
ALTER TABLE ONLY public.authentik_stages_authenticator_validate_authenticatorvalida499c DROP CONSTRAINT authentik_stages_aut_stage_ptr_id_d44614a3_fk_authentik;
ALTER TABLE ONLY public.authentik_stages_authenticator_static_authenticatorstaticstage DROP CONSTRAINT authentik_stages_aut_stage_ptr_id_a719c9e1_fk_authentik;
ALTER TABLE ONLY public.authentik_stages_authenticator_totp_authenticatortotpstage DROP CONSTRAINT authentik_stages_aut_stage_ptr_id_9e1575b0_fk_authentik;
ALTER TABLE ONLY public.authentik_stages_authenticator_duo_authenticatorduostage DROP CONSTRAINT authentik_stages_aut_stage_ptr_id_7835ea46_fk_authentik;
ALTER TABLE ONLY public.authentik_stages_authenticator_webauthn_authenticatewebauth4bbe DROP CONSTRAINT authentik_stages_aut_stage_ptr_id_67d6ca22_fk_authentik;
ALTER TABLE ONLY public.authentik_stages_authenticator_sms_authenticatorsmsstage DROP CONSTRAINT authentik_stages_aut_stage_ptr_id_4ebb9914_fk_authentik;
ALTER TABLE ONLY public.authentik_stages_authenticator_duo_duodevice DROP CONSTRAINT authentik_stages_aut_stage_id_926e33da_fk_authentik;
ALTER TABLE ONLY public.authentik_stages_authenticator_sms_smsdevice DROP CONSTRAINT authentik_stages_aut_stage_id_35c87fa6_fk_authentik;
ALTER TABLE ONLY public.authentik_stages_authenticator_sms_authenticatorsmsstage DROP CONSTRAINT authentik_stages_aut_configure_flow_id_ff974e9e_fk_authentik;
ALTER TABLE ONLY public.authentik_stages_authenticator_totp_authenticatortotpstage DROP CONSTRAINT authentik_stages_aut_configure_flow_id_e6d859e3_fk_authentik;
ALTER TABLE ONLY public.authentik_stages_authenticator_webauthn_authenticatewebauth4bbe DROP CONSTRAINT authentik_stages_aut_configure_flow_id_b1d83847_fk_authentik;
ALTER TABLE ONLY public.authentik_stages_authenticator_duo_authenticatorduostage DROP CONSTRAINT authentik_stages_aut_configure_flow_id_4c667db1_fk_authentik;
ALTER TABLE ONLY public.authentik_stages_authenticator_static_authenticatorstaticstage DROP CONSTRAINT authentik_stages_aut_configure_flow_id_0e413e4d_fk_authentik;
ALTER TABLE ONLY public.authentik_stages_authenticator_validate_authenticatorvalida499c DROP CONSTRAINT authentik_stages_aut_configuration_stage__dd6db547_fk_authentik;
ALTER TABLE ONLY public.authentik_sources_saml_samlsource DROP CONSTRAINT authentik_sources_sa_source_ptr_id_3381b214_fk_authentik;
ALTER TABLE ONLY public.authentik_sources_saml_samlsource DROP CONSTRAINT authentik_sources_sa_signing_kp_id_faae605c_fk_authentik;
ALTER TABLE ONLY public.authentik_sources_saml_samlsource DROP CONSTRAINT authentik_sources_sa_pre_authentication_f_cec52f8b_fk_authentik;
ALTER TABLE ONLY public.authentik_sources_plex_plexsourceconnection DROP CONSTRAINT authentik_sources_pl_usersourceconnection_ff3dd805_fk_authentik;
ALTER TABLE ONLY public.authentik_sources_plex_plexsource DROP CONSTRAINT authentik_sources_pl_source_ptr_id_b52adfc2_fk_authentik;
ALTER TABLE ONLY public.authentik_sources_oauth_useroauthsourceconnection DROP CONSTRAINT authentik_sources_oa_usersourceconnection_e9ae7a6b_fk_authentik;
ALTER TABLE ONLY public.authentik_sources_oauth_oauthsource DROP CONSTRAINT authentik_sources_oa_source_ptr_id_eb45d674_fk_authentik;
ALTER TABLE ONLY public.authentik_sources_ldap_ldapsource DROP CONSTRAINT authentik_sources_ld_sync_parent_group_id_9c730e90_fk_authentik;
ALTER TABLE ONLY public.authentik_sources_ldap_ldapsource DROP CONSTRAINT authentik_sources_ld_source_ptr_id_264402b5_fk_authentik;
ALTER TABLE ONLY public.authentik_sources_ldap_ldappropertymapping DROP CONSTRAINT authentik_sources_ld_propertymapping_ptr__559cd35b_fk_authentik;
ALTER TABLE ONLY public.authentik_sources_ldap_ldapsource_property_mappings_group DROP CONSTRAINT authentik_sources_ld_propertymapping_id_6d727491_fk_authentik;
ALTER TABLE ONLY public.authentik_sources_ldap_ldapsource DROP CONSTRAINT authentik_sources_ld_peer_certificate_id_50528d0a_fk_authentik;
ALTER TABLE ONLY public.authentik_sources_ldap_ldapsource_property_mappings_group DROP CONSTRAINT authentik_sources_ld_ldapsource_id_4eff95ce_fk_authentik;
ALTER TABLE ONLY public.authentik_providers_saml_samlprovider DROP CONSTRAINT authentik_providers__verification_kp_id_7b0fbd80_fk_authentik;
ALTER TABLE ONLY public.authentik_providers_oauth2_refreshtoken DROP CONSTRAINT authentik_providers__user_id_ebdc1143_fk_authentik;
ALTER TABLE ONLY public.authentik_providers_oauth2_authorizationcode DROP CONSTRAINT authentik_providers__user_id_c9a35141_fk_authentik;
ALTER TABLE ONLY public.authentik_providers_saml_samlprovider DROP CONSTRAINT authentik_providers__signing_kp_id_f1bce700_fk_authentik;
ALTER TABLE ONLY public.authentik_providers_oauth2_oauth2provider DROP CONSTRAINT authentik_providers__signing_key_id_4189c2f3_fk_authentik;
ALTER TABLE ONLY public.authentik_providers_ldap_ldapprovider DROP CONSTRAINT authentik_providers__search_group_id_64713cfa_fk_authentik;
ALTER TABLE ONLY public.authentik_providers_ldap_ldapprovider DROP CONSTRAINT authentik_providers__provider_ptr_id_deae38fd_fk_authentik;
ALTER TABLE ONLY public.authentik_providers_oauth2_oauth2provider DROP CONSTRAINT authentik_providers__provider_ptr_id_76903270_fk_authentik;
ALTER TABLE ONLY public.authentik_providers_saml_samlprovider DROP CONSTRAINT authentik_providers__provider_ptr_id_677ac81a_fk_authentik;
ALTER TABLE ONLY public.authentik_providers_oauth2_refreshtoken DROP CONSTRAINT authentik_providers__provider_id_8bf99dba_fk_authentik;
ALTER TABLE ONLY public.authentik_providers_oauth2_authorizationcode DROP CONSTRAINT authentik_providers__provider_id_731a3e62_fk_authentik;
ALTER TABLE ONLY public.authentik_providers_saml_samlpropertymapping DROP CONSTRAINT authentik_providers__propertymapping_ptr__812e8cfb_fk_authentik;
ALTER TABLE ONLY public.authentik_providers_oauth2_scopemapping DROP CONSTRAINT authentik_providers__propertymapping_ptr__37f1d926_fk_authentik;
ALTER TABLE ONLY public.authentik_providers_proxy_proxyprovider DROP CONSTRAINT authentik_providers__oauth2provider_ptr_i_eb747e01_fk_authentik;
ALTER TABLE ONLY public.authentik_providers_saml_samlprovider DROP CONSTRAINT authentik_providers__name_id_mapping_id_5d45f77f_fk_authentik;
ALTER TABLE ONLY public.authentik_providers_proxy_proxyprovider DROP CONSTRAINT authentik_providers__certificate_id_b1e0c422_fk_authentik;
ALTER TABLE ONLY public.authentik_providers_ldap_ldapprovider DROP CONSTRAINT authentik_providers__certificate_id_6a7a6af2_fk_authentik;
ALTER TABLE ONLY public.authentik_policies_reputation_reputationpolicy DROP CONSTRAINT authentik_policies_r_policy_ptr_id_5d5a869c_fk_authentik;
ALTER TABLE ONLY public.authentik_policies_policybinding DROP CONSTRAINT authentik_policies_p_user_id_323bebdb_fk_authentik;
ALTER TABLE ONLY public.authentik_policies_policybinding DROP CONSTRAINT authentik_policies_p_target_id_a7075d8d_fk_authentik;
ALTER TABLE ONLY public.authentik_policies_password_passwordpolicy DROP CONSTRAINT authentik_policies_p_policy_ptr_id_6301794d_fk_authentik;
ALTER TABLE ONLY public.authentik_policies_policybinding DROP CONSTRAINT authentik_policies_p_policy_id_c07161e4_fk_authentik;
ALTER TABLE ONLY public.authentik_policies_policybinding DROP CONSTRAINT authentik_policies_p_group_id_2afb13ee_fk_authentik;
ALTER TABLE ONLY public.authentik_policies_hibp_haveibeenpwendpolicy DROP CONSTRAINT authentik_policies_h_policy_ptr_id_13df0e7e_fk_authentik;
ALTER TABLE ONLY public.authentik_policies_event_matcher_eventmatcherpolicy DROP CONSTRAINT authentik_policies_e_policy_ptr_id_f12a3e96_fk_authentik;
ALTER TABLE ONLY public.authentik_policies_expiry_passwordexpirypolicy DROP CONSTRAINT authentik_policies_e_policy_ptr_id_bad15341_fk_authentik;
ALTER TABLE ONLY public.authentik_policies_expression_expressionpolicy DROP CONSTRAINT authentik_policies_e_policy_ptr_id_3fec413c_fk_authentik;
ALTER TABLE ONLY public.authentik_policies_dummy_dummypolicy DROP CONSTRAINT authentik_policies_d_policy_ptr_id_d411c5e4_fk_authentik;
ALTER TABLE ONLY public.authentik_outposts_outpost DROP CONSTRAINT authentik_outposts_o_service_connection_i_3eafd830_fk_authentik;
ALTER TABLE ONLY public.authentik_outposts_outpost_providers DROP CONSTRAINT authentik_outposts_o_provider_id_7c5cb603_fk_authentik;
ALTER TABLE ONLY public.authentik_outposts_outpost_providers DROP CONSTRAINT authentik_outposts_o_outpost_id_eaaf025b_fk_authentik;
ALTER TABLE ONLY public.authentik_outposts_kubernetesserviceconnection DROP CONSTRAINT authentik_outposts_k_outpostserviceconnec_f5cf691d_fk_authentik;
ALTER TABLE ONLY public.authentik_outposts_dockerserviceconnection DROP CONSTRAINT authentik_outposts_d_tls_verification_id_769fac22_fk_authentik;
ALTER TABLE ONLY public.authentik_outposts_dockerserviceconnection DROP CONSTRAINT authentik_outposts_d_tls_authentication_i_942e2224_fk_authentik;
ALTER TABLE ONLY public.authentik_outposts_dockerserviceconnection DROP CONSTRAINT authentik_outposts_d_outpostserviceconnec_35f196a0_fk_authentik;
ALTER TABLE ONLY public.authentik_flows_flowtoken DROP CONSTRAINT authentik_flows_flow_token_ptr_id_e3047c65_fk_authentik;
ALTER TABLE ONLY public.authentik_flows_flowstagebinding DROP CONSTRAINT authentik_flows_flow_target_id_4899c0f8_fk_authentik;
ALTER TABLE ONLY public.authentik_flows_flowstagebinding DROP CONSTRAINT authentik_flows_flow_stage_id_7a270212_fk_authentik;
ALTER TABLE ONLY public.authentik_flows_flow DROP CONSTRAINT authentik_flows_flow_policybindingmodel_p_9c3c290f_fk_authentik;
ALTER TABLE ONLY public.authentik_flows_flowstagebinding DROP CONSTRAINT authentik_flows_flow_policybindingmodel_p_20d905a6_fk_authentik;
ALTER TABLE ONLY public.authentik_flows_flowtoken DROP CONSTRAINT authentik_flows_flow_flow_id_e4c82880_fk_authentik;
ALTER TABLE ONLY public.authentik_events_notificationtransport DROP CONSTRAINT authentik_events_not_webhook_mapping_id_2a646fb6_fk_authentik;
ALTER TABLE ONLY public.authentik_events_notification DROP CONSTRAINT authentik_events_not_user_id_9ea0c690_fk_authentik;
ALTER TABLE ONLY public.authentik_events_notificationwebhookmapping DROP CONSTRAINT authentik_events_not_propertymapping_ptr__56d35fcd_fk_authentik;
ALTER TABLE ONLY public.authentik_events_notificationrule DROP CONSTRAINT authentik_events_not_policybindingmodel_p_74974b98_fk_authentik;
ALTER TABLE ONLY public.authentik_events_notificationrule_transports DROP CONSTRAINT authentik_events_not_notificationtranspor_62ec0805_fk_authentik;
ALTER TABLE ONLY public.authentik_events_notificationrule_transports DROP CONSTRAINT authentik_events_not_notificationrule_id_eccbe1d6_fk_authentik;
ALTER TABLE ONLY public.authentik_events_notificationrule DROP CONSTRAINT authentik_events_not_group_id_667f0fe0_fk_authentik;
ALTER TABLE ONLY public.authentik_events_notification DROP CONSTRAINT authentik_events_not_event_id_ac5c4bb7_fk_authentik;
ALTER TABLE ONLY public.authentik_core_usersourceconnection DROP CONSTRAINT authentik_core_users_user_id_7f305d6f_fk_authentik;
ALTER TABLE ONLY public.authentik_core_usersourceconnection DROP CONSTRAINT authentik_core_users_source_id_450cff14_fk_authentik;
ALTER TABLE ONLY public.authentik_core_user_groups DROP CONSTRAINT authentik_core_user_groups_group_id_72ba5f8d_fk_auth_group_id;
ALTER TABLE ONLY public.authentik_core_user_groups DROP CONSTRAINT authentik_core_user__user_id_a2462693_fk_authentik;
ALTER TABLE ONLY public.authentik_core_user_user_permissions DROP CONSTRAINT authentik_core_user__user_id_6e5a5d85_fk_authentik;
ALTER TABLE ONLY public.authentik_core_user_ak_groups DROP CONSTRAINT authentik_core_user__user_id_5ce7c1dc_fk_authentik;
ALTER TABLE ONLY public.authentik_core_user_user_permissions DROP CONSTRAINT authentik_core_user__permission_id_67859147_fk_auth_perm;
ALTER TABLE ONLY public.authentik_core_user_ak_groups DROP CONSTRAINT authentik_core_user__group_id_344046d2_fk_authentik;
ALTER TABLE ONLY public.authentik_core_token DROP CONSTRAINT authentik_core_token_user_id_479d5b79_fk_authentik_core_user_id;
ALTER TABLE ONLY public.authentik_core_source_property_mappings DROP CONSTRAINT authentik_core_sourc_source_id_66697386_fk_authentik;
ALTER TABLE ONLY public.authentik_core_source_property_mappings DROP CONSTRAINT authentik_core_sourc_propertymapping_id_f455cf7d_fk_authentik;
ALTER TABLE ONLY public.authentik_core_source DROP CONSTRAINT authentik_core_sourc_policybindingmodel_p_746c4900_fk_authentik;
ALTER TABLE ONLY public.authentik_core_source DROP CONSTRAINT authentik_core_sourc_enrollment_flow_id_7844a7b3_fk_authentik;
ALTER TABLE ONLY public.authentik_core_source DROP CONSTRAINT authentik_core_sourc_authentication_flow__2478087b_fk_authentik;
ALTER TABLE ONLY public.authentik_core_provider_property_mappings DROP CONSTRAINT authentik_core_provi_provider_id_10e17d5c_fk_authentik;
ALTER TABLE ONLY public.authentik_core_provider_property_mappings DROP CONSTRAINT authentik_core_provi_propertymapping_id_7d1de2b7_fk_authentik;
ALTER TABLE ONLY public.authentik_core_provider DROP CONSTRAINT authentik_core_provi_authorization_flow_i_1482437b_fk_authentik;
ALTER TABLE ONLY public.authentik_core_group DROP CONSTRAINT authentik_core_group_parent_id_c2cd3508_fk_authentik;
ALTER TABLE ONLY public.authentik_core_authenticatedsession DROP CONSTRAINT authentik_core_authe_user_id_5055b6cf_fk_authentik;
ALTER TABLE ONLY public.authentik_core_application DROP CONSTRAINT authentik_core_appli_provider_id_357ae6c6_fk_authentik;
ALTER TABLE ONLY public.authentik_core_application DROP CONSTRAINT authentik_core_appli_policybindingmodel_p_a04bee2b_fk_authentik;
ALTER TABLE ONLY public.auth_permission DROP CONSTRAINT auth_permission_content_type_id_2f476e4b_fk_django_co;
ALTER TABLE ONLY public.auth_group_permissions DROP CONSTRAINT auth_group_permissions_group_id_b120cbf9_fk_auth_group_id;
ALTER TABLE ONLY public.auth_group_permissions DROP CONSTRAINT auth_group_permissio_permission_id_84c5c92e_fk_auth_perm;
DROP INDEX public.otp_totp_totpdevice_user_id_0fb18292;
DROP INDEX public.otp_static_statictoken_token_d0a51866_like;
DROP INDEX public.otp_static_statictoken_token_d0a51866;
DROP INDEX public.otp_static_statictoken_device_id_74b7c7d1;
DROP INDEX public.otp_static_staticdevice_user_id_7f9cff2b;
DROP INDEX public.guardian_userobjectpermission_user_id_d5c1e964;
DROP INDEX public.guardian_userobjectpermission_permission_id_71807bfc;
DROP INDEX public.guardian_userobjectpermission_content_type_id_2e892405;
DROP INDEX public.guardian_us_content_179ed2_idx;
DROP INDEX public.guardian_groupobjectpermission_permission_id_36572738;
DROP INDEX public.guardian_groupobjectpermission_group_id_4bbbfb62;
DROP INDEX public.guardian_groupobjectpermission_content_type_id_7ade36b8;
DROP INDEX public.guardian_gr_content_ae6aec_idx;
DROP INDEX public.django_session_session_key_c0390e0f_like;
DROP INDEX public.django_session_expire_date_a5c62663;
DROP INDEX public.authentik_tenants_tenant_web_certificate_id_74429583;
DROP INDEX public.authentik_tenants_tenant_flow_unenrollment_id_73817e72;
DROP INDEX public.authentik_tenants_tenant_flow_recovery_id_a08f1692;
DROP INDEX public.authentik_tenants_tenant_flow_invalidation_id_cedce4a1;
DROP INDEX public.authentik_tenants_tenant_flow_authentication_id_7a0889f3;
DROP INDEX public.authentik_stages_user_writ_create_users_group_id_90b7794f;
DROP INDEX public.authentik_stages_prompt_promptstage_fields_prompt_id_8c79d4c1;
DROP INDEX public.authentik_stages_prompt_pr_promptstage_id_d3bd61cc;
DROP INDEX public.authentik_stages_prompt_pr_promptstage_id_cb253bb1;
DROP INDEX public.authentik_stages_prompt_pr_policy_id_96db92ab;
DROP INDEX public.authentik_stages_password_passwordstage_change_flow_id_d56f0f83;
DROP INDEX public.authentik_stages_invitation_invitation_created_by_id_87fe9398;
DROP INDEX public.authentik_stages_identific_source_id_9579fda9;
DROP INDEX public.authentik_stages_identific_recovery_flow_id_16f5f1c7;
DROP INDEX public.authentik_stages_identific_passwordless_flow_id_68cf3874;
DROP INDEX public.authentik_stages_identific_password_stage_id_8d68497a;
DROP INDEX public.authentik_stages_identific_identificationstage_id_c119703c;
DROP INDEX public.authentik_stages_identific_enrollment_flow_id_930e83ff;
DROP INDEX public.authentik_stages_consent_userconsent_user_id_554dc39f;
DROP INDEX public.authentik_stages_consent_userconsent_application_id_ad55f58e;
DROP INDEX public.authentik_stages_authenticator_sms_smsdevice_user_id_454934c5;
DROP INDEX public.authentik_stages_authenticator_sms_smsdevice_stage_id_35c87fa6;
DROP INDEX public.authentik_stages_authenticator_duo_duodevice_user_id_bd340329;
DROP INDEX public.authentik_stages_authenticator_duo_duodevice_stage_id_926e33da;
DROP INDEX public.authentik_stages_authentic_user_id_26c9196a;
DROP INDEX public.authentik_stages_authentic_configure_flow_id_ff974e9e;
DROP INDEX public.authentik_stages_authentic_configure_flow_id_e6d859e3;
DROP INDEX public.authentik_stages_authentic_configure_flow_id_b1d83847;
DROP INDEX public.authentik_stages_authentic_configure_flow_id_4c667db1;
DROP INDEX public.authentik_stages_authentic_configure_flow_id_0e413e4d;
DROP INDEX public.authentik_stages_authentic_configuration_stage_id_dd6db547;
DROP INDEX public.authentik_stages_authent_credential_id_4260aaee_like;
DROP INDEX public.authentik_sources_saml_samlsource_signing_kp_id_faae605c;
DROP INDEX public.authentik_sources_saml_sam_pre_authentication_flow_id_cec52f8b;
DROP INDEX public.authentik_sources_ldap_ldapsource_sync_parent_group_id_9c730e90;
DROP INDEX public.authentik_sources_ldap_ldapsource_peer_certificate_id_50528d0a;
DROP INDEX public.authentik_sources_ldap_lda_propertymapping_id_6d727491;
DROP INDEX public.authentik_sources_ldap_lda_ldapsource_id_4eff95ce;
DROP INDEX public.authentik_providers_saml_samlprovider_signing_kp_id_f1bce700;
DROP INDEX public.authentik_providers_saml_s_verification_kp_id_7b0fbd80;
DROP INDEX public.authentik_providers_saml_s_name_id_mapping_id_5d45f77f;
DROP INDEX public.authentik_providers_proxy_proxyprovider_certificate_id_b1e0c422;
DROP INDEX public.authentik_providers_oauth2_refreshtoken_user_id_ebdc1143;
DROP INDEX public.authentik_providers_oauth2_refreshtoken_provider_id_8bf99dba;
DROP INDEX public.authentik_providers_oauth2_provider_id_731a3e62;
DROP INDEX public.authentik_providers_oauth2_oauth2provider_rsa_key_id_836efe9f;
DROP INDEX public.authentik_providers_oauth2_authorizationcode_user_id_c9a35141;
DROP INDEX public.authentik_providers_oauth2_authorizationcode_code_0202addc_like;
DROP INDEX public.authentik_providers_oaut_refresh_token_851d886b_like;
DROP INDEX public.authentik_providers_oaut_client_id_ae566546_like;
DROP INDEX public.authentik_providers_ldap_ldapprovider_search_group_id_64713cfa;
DROP INDEX public.authentik_providers_ldap_ldapprovider_certificate_id_6a7a6af2;
DROP INDEX public.authentik_policies_policybinding_user_id_323bebdb;
DROP INDEX public.authentik_policies_policybinding_target_id_a7075d8d;
DROP INDEX public.authentik_policies_policybinding_policy_id_c07161e4;
DROP INDEX public.authentik_policies_policybinding_group_id_2afb13ee;
DROP INDEX public.authentik_outposts_outpost_service_connection_id_3eafd830;
DROP INDEX public.authentik_outposts_outpost_providers_provider_id_7c5cb603;
DROP INDEX public.authentik_outposts_outpost_providers_outpost_id_eaaf025b;
DROP INDEX public.authentik_outposts_outpost_managed_e03db044_like;
DROP INDEX public.authentik_outposts_dockers_tls_verification_id_769fac22;
DROP INDEX public.authentik_outposts_dockers_tls_authentication_id_942e2224;
DROP INDEX public.authentik_flows_stage_name_a2584620_like;
DROP INDEX public.authentik_flows_flowtoken_flow_id_e4c82880;
DROP INDEX public.authentik_flows_flowstagebinding_target_id_4899c0f8;
DROP INDEX public.authentik_flows_flowstagebinding_stage_id_7a270212;
DROP INDEX public.authentik_flows_flow_slug_3c406d87_like;
DROP INDEX public.authentik_events_notificationtransport_name_1f0bd605_like;
DROP INDEX public.authentik_events_notificationrule_name_7401a31b_like;
DROP INDEX public.authentik_events_notificationrule_group_id_667f0fe0;
DROP INDEX public.authentik_events_notification_user_id_9ea0c690;
DROP INDEX public.authentik_events_notification_event_id_ac5c4bb7;
DROP INDEX public.authentik_events_notificat_webhook_mapping_id_2a646fb6;
DROP INDEX public.authentik_events_notificat_notificationtransport_id_62ec0805;
DROP INDEX public.authentik_events_notificat_notificationrule_id_eccbe1d6;
DROP INDEX public.authentik_crypto_certificatekeypair_managed_a997712a_like;
DROP INDEX public.authentik_core_usersourceconnection_user_id_7f305d6f;
DROP INDEX public.authentik_core_usersourceconnection_source_id_450cff14;
DROP INDEX public.authentik_core_user_username_ba8d02c8_like;
DROP INDEX public.authentik_core_user_user_permissions_user_id_6e5a5d85;
DROP INDEX public.authentik_core_user_user_permissions_permission_id_67859147;
DROP INDEX public.authentik_core_user_pb_groups_user_id_5ce7c1dc;
DROP INDEX public.authentik_core_user_pb_groups_group_id_344046d2;
DROP INDEX public.authentik_core_user_groups_user_id_a2462693;
DROP INDEX public.authentik_core_user_groups_group_id_72ba5f8d;
DROP INDEX public.authentik_core_token_user_id_479d5b79;
DROP INDEX public.authentik_core_token_managed_20a845a1_like;
DROP INDEX public.authentik_core_token_identifier_af152015_like;
DROP INDEX public.authentik_core_source_slug_e15c7212_like;
DROP INDEX public.authentik_core_source_property_mappings_source_id_66697386;
DROP INDEX public.authentik_core_source_prop_propertymapping_id_f455cf7d;
DROP INDEX public.authentik_core_source_managed_65965884_like;
DROP INDEX public.authentik_core_source_enrollment_flow_id_7844a7b3;
DROP INDEX public.authentik_core_source_authentication_flow_id_2478087b;
DROP INDEX public.authentik_core_provider_property_mappings_provider_id_10e17d5c;
DROP INDEX public.authentik_core_provider_pr_propertymapping_id_7d1de2b7;
DROP INDEX public.authentik_core_provider_authorization_flow_id_1482437b;
DROP INDEX public.authentik_core_propertymapping_managed_e1718652_like;
DROP INDEX public.authentik_core_group_parent_id_c2cd3508;
DROP INDEX public.authentik_core_authenticatedsession_user_id_5055b6cf;
DROP INDEX public.authentik_core_application_slug_ab82d049_like;
DROP INDEX public.authentik_c_key_f71355_idx;
DROP INDEX public.authentik_c_identif_d9d032_idx;
DROP INDEX public.auth_permission_content_type_id_2f476e4b;
DROP INDEX public.auth_group_permissions_permission_id_84c5c92e;
DROP INDEX public.auth_group_permissions_group_id_b120cbf9;
DROP INDEX public.auth_group_name_a6ea08ec_like;
ALTER TABLE ONLY public.otp_totp_totpdevice DROP CONSTRAINT otp_totp_totpdevice_pkey;
ALTER TABLE ONLY public.otp_static_statictoken DROP CONSTRAINT otp_static_statictoken_pkey;
ALTER TABLE ONLY public.otp_static_staticdevice DROP CONSTRAINT otp_static_staticdevice_pkey;
ALTER TABLE ONLY public.guardian_userobjectpermission DROP CONSTRAINT guardian_userobjectpermission_pkey;
ALTER TABLE ONLY public.guardian_userobjectpermission DROP CONSTRAINT guardian_userobjectpermi_user_id_permission_id_ob_b0b3d2fc_uniq;
ALTER TABLE ONLY public.guardian_groupobjectpermission DROP CONSTRAINT guardian_groupobjectpermission_pkey;
ALTER TABLE ONLY public.guardian_groupobjectpermission DROP CONSTRAINT guardian_groupobjectperm_group_id_permission_id_o_3f189f7c_uniq;
ALTER TABLE ONLY public.django_session DROP CONSTRAINT django_session_pkey;
ALTER TABLE ONLY public.django_migrations DROP CONSTRAINT django_migrations_pkey;
ALTER TABLE ONLY public.django_content_type DROP CONSTRAINT django_content_type_pkey;
ALTER TABLE ONLY public.django_content_type DROP CONSTRAINT django_content_type_app_label_model_76bd3d3b_uniq;
ALTER TABLE ONLY public.authentik_tenants_tenant DROP CONSTRAINT authentik_tenants_tenant_pkey;
ALTER TABLE ONLY public.authentik_stages_user_write_userwritestage DROP CONSTRAINT authentik_stages_user_write_userwritestage_pkey;
ALTER TABLE ONLY public.authentik_stages_user_logout_userlogoutstage DROP CONSTRAINT authentik_stages_user_logout_userlogoutstage_pkey;
ALTER TABLE ONLY public.authentik_stages_user_login_userloginstage DROP CONSTRAINT authentik_stages_user_login_userloginstage_pkey;
ALTER TABLE ONLY public.authentik_stages_user_delete_userdeletestage DROP CONSTRAINT authentik_stages_user_delete_userdeletestage_pkey;
ALTER TABLE ONLY public.authentik_stages_prompt_promptstage_validation_policies DROP CONSTRAINT authentik_stages_prompt_promptstage_validation_policies_pkey;
ALTER TABLE ONLY public.authentik_stages_prompt_promptstage DROP CONSTRAINT authentik_stages_prompt_promptstage_pkey;
ALTER TABLE ONLY public.authentik_stages_prompt_promptstage_fields DROP CONSTRAINT authentik_stages_prompt_promptstage_fields_pkey;
ALTER TABLE ONLY public.authentik_stages_prompt_prompt DROP CONSTRAINT authentik_stages_prompt_prompt_pkey;
ALTER TABLE ONLY public.authentik_stages_prompt_promptstage_fields DROP CONSTRAINT authentik_stages_prompt__promptstage_id_prompt_id_3212c07e_uniq;
ALTER TABLE ONLY public.authentik_stages_prompt_promptstage_validation_policies DROP CONSTRAINT authentik_stages_prompt__promptstage_id_policy_id_16cd627d_uniq;
ALTER TABLE ONLY public.authentik_stages_password_passwordstage DROP CONSTRAINT authentik_stages_password_passwordstage_pkey;
ALTER TABLE ONLY public.authentik_stages_invitation_invitationstage DROP CONSTRAINT authentik_stages_invitation_invitationstage_pkey;
ALTER TABLE ONLY public.authentik_stages_invitation_invitation DROP CONSTRAINT authentik_stages_invitation_invitation_pkey;
ALTER TABLE ONLY public.authentik_stages_identification_identificationstage_sources DROP CONSTRAINT authentik_stages_identification_identificationstage_source_pkey;
ALTER TABLE ONLY public.authentik_stages_identification_identificationstage DROP CONSTRAINT authentik_stages_identification_identificationstage_pkey;
ALTER TABLE ONLY public.authentik_stages_identification_identificationstage_sources DROP CONSTRAINT authentik_stages_identif_identificationstage_id_s_cdf0dfc3_uniq;
ALTER TABLE ONLY public.authentik_stages_email_emailstage DROP CONSTRAINT authentik_stages_email_emailstage_pkey;
ALTER TABLE ONLY public.authentik_stages_dummy_dummystage DROP CONSTRAINT authentik_stages_dummy_dummystage_pkey;
ALTER TABLE ONLY public.authentik_stages_deny_denystage DROP CONSTRAINT authentik_stages_deny_denystage_pkey;
ALTER TABLE ONLY public.authentik_stages_consent_userconsent DROP CONSTRAINT authentik_stages_consent_userconsent_pkey;
ALTER TABLE ONLY public.authentik_stages_consent_userconsent DROP CONSTRAINT authentik_stages_consent_user_id_application_id_2c060266_uniq;
ALTER TABLE ONLY public.authentik_stages_consent_consentstage DROP CONSTRAINT authentik_stages_consent_consentstage_pkey;
ALTER TABLE ONLY public.authentik_stages_captcha_captchastage DROP CONSTRAINT authentik_stages_captcha_captchastage_pkey;
ALTER TABLE ONLY public.authentik_stages_authenticator_webauthn_webauthndevice DROP CONSTRAINT authentik_stages_authenticator_webauthn_webauthndevice_pkey;
ALTER TABLE ONLY public.authentik_stages_authenticator_webauthn_webauthndevice DROP CONSTRAINT authentik_stages_authenticator_webauthn_webau_credential_id_key;
ALTER TABLE ONLY public.authentik_stages_authenticator_webauthn_authenticatewebauth4bbe DROP CONSTRAINT authentik_stages_authenticator_webauthn_authenticatewebaut_pkey;
ALTER TABLE ONLY public.authentik_stages_authenticator_validate_authenticatorvalida499c DROP CONSTRAINT authentik_stages_authenticator_validate_otpvalidatestage_pkey;
ALTER TABLE ONLY public.authentik_stages_authenticator_totp_authenticatortotpstage DROP CONSTRAINT authentik_stages_authenticator_totp_otptimestage_pkey;
ALTER TABLE ONLY public.authentik_stages_authenticator_static_authenticatorstaticstage DROP CONSTRAINT authentik_stages_authenticator_static_otpstaticstage_pkey;
ALTER TABLE ONLY public.authentik_stages_authenticator_sms_smsdevice DROP CONSTRAINT authentik_stages_authenticator_sms_smsdevice_pkey;
ALTER TABLE ONLY public.authentik_stages_authenticator_sms_authenticatorsmsstage DROP CONSTRAINT authentik_stages_authenticator_sms_authenticatorsmsstage_pkey;
ALTER TABLE ONLY public.authentik_stages_authenticator_duo_duodevice DROP CONSTRAINT authentik_stages_authenticator_duo_duodevice_pkey;
ALTER TABLE ONLY public.authentik_stages_authenticator_duo_authenticatorduostage DROP CONSTRAINT authentik_stages_authenticator_duo_authenticatorduostage_pkey;
ALTER TABLE ONLY public.authentik_sources_saml_samlsource DROP CONSTRAINT authentik_sources_saml_samlsource_pkey;
ALTER TABLE ONLY public.authentik_sources_plex_plexsourceconnection DROP CONSTRAINT authentik_sources_plex_plexsourceconnection_pkey;
ALTER TABLE ONLY public.authentik_sources_plex_plexsource DROP CONSTRAINT authentik_sources_plex_plexsource_pkey;
ALTER TABLE ONLY public.authentik_sources_oauth_useroauthsourceconnection DROP CONSTRAINT authentik_sources_oauth_useroauthsourceconnection_pkey;
ALTER TABLE ONLY public.authentik_sources_oauth_oauthsource DROP CONSTRAINT authentik_sources_oauth_oauthsource_pkey;
ALTER TABLE ONLY public.authentik_sources_ldap_ldapsource_property_mappings_group DROP CONSTRAINT authentik_sources_ldap_ldapsource_property_mappings_group_pkey;
ALTER TABLE ONLY public.authentik_sources_ldap_ldapsource DROP CONSTRAINT authentik_sources_ldap_ldapsource_pkey;
ALTER TABLE ONLY public.authentik_sources_ldap_ldappropertymapping DROP CONSTRAINT authentik_sources_ldap_ldappropertymapping_pkey;
ALTER TABLE ONLY public.authentik_sources_ldap_ldapsource_property_mappings_group DROP CONSTRAINT authentik_sources_ldap_l_ldapsource_id_propertyma_98e4fb2b_uniq;
ALTER TABLE ONLY public.authentik_providers_saml_samlprovider DROP CONSTRAINT authentik_providers_saml_samlprovider_pkey;
ALTER TABLE ONLY public.authentik_providers_saml_samlpropertymapping DROP CONSTRAINT authentik_providers_saml_samlpropertymapping_pkey;
ALTER TABLE ONLY public.authentik_providers_proxy_proxyprovider DROP CONSTRAINT authentik_providers_proxy_proxyprovider_pkey;
ALTER TABLE ONLY public.authentik_providers_oauth2_scopemapping DROP CONSTRAINT authentik_providers_oauth2_scopemapping_pkey;
ALTER TABLE ONLY public.authentik_providers_oauth2_refreshtoken DROP CONSTRAINT authentik_providers_oauth2_refreshtoken_refresh_token_key;
ALTER TABLE ONLY public.authentik_providers_oauth2_refreshtoken DROP CONSTRAINT authentik_providers_oauth2_refreshtoken_pkey;
ALTER TABLE ONLY public.authentik_providers_oauth2_oauth2provider DROP CONSTRAINT authentik_providers_oauth2_oauth2provider_pkey;
ALTER TABLE ONLY public.authentik_providers_oauth2_oauth2provider DROP CONSTRAINT authentik_providers_oauth2_oauth2provider_client_id_key;
ALTER TABLE ONLY public.authentik_providers_oauth2_authorizationcode DROP CONSTRAINT authentik_providers_oauth2_authorizationcode_pkey;
ALTER TABLE ONLY public.authentik_providers_oauth2_authorizationcode DROP CONSTRAINT authentik_providers_oauth2_authorizationcode_code_key;
ALTER TABLE ONLY public.authentik_providers_ldap_ldapprovider DROP CONSTRAINT authentik_providers_ldap_ldapprovider_pkey;
ALTER TABLE ONLY public.authentik_policies_reputation_reputationpolicy DROP CONSTRAINT authentik_policies_reputation_reputationpolicy_pkey;
ALTER TABLE ONLY public.authentik_policies_reputation_reputation DROP CONSTRAINT authentik_policies_reputation_reputation_pkey;
ALTER TABLE ONLY public.authentik_policies_reputation_reputation DROP CONSTRAINT authentik_policies_reput_identifier_ip_d60de75a_uniq;
ALTER TABLE ONLY public.authentik_policies_policybindingmodel DROP CONSTRAINT authentik_policies_policybindingmodel_pkey;
ALTER TABLE ONLY public.authentik_policies_policybinding DROP CONSTRAINT authentik_policies_policybinding_pkey;
ALTER TABLE ONLY public.authentik_policies_policy DROP CONSTRAINT authentik_policies_policy_pkey;
ALTER TABLE ONLY public.authentik_policies_policybinding DROP CONSTRAINT authentik_policies_polic_policy_id_target_id_orde_0a6ac3bd_uniq;
ALTER TABLE ONLY public.authentik_policies_password_passwordpolicy DROP CONSTRAINT authentik_policies_password_passwordpolicy_pkey;
ALTER TABLE ONLY public.authentik_policies_hibp_haveibeenpwendpolicy DROP CONSTRAINT authentik_policies_hibp_haveibeenpwendpolicy_pkey;
ALTER TABLE ONLY public.authentik_policies_expression_expressionpolicy DROP CONSTRAINT authentik_policies_expression_expressionpolicy_pkey;
ALTER TABLE ONLY public.authentik_policies_expiry_passwordexpirypolicy DROP CONSTRAINT authentik_policies_expiry_passwordexpirypolicy_pkey;
ALTER TABLE ONLY public.authentik_policies_event_matcher_eventmatcherpolicy DROP CONSTRAINT authentik_policies_event_matcher_eventmatcherpolicy_pkey;
ALTER TABLE ONLY public.authentik_policies_dummy_dummypolicy DROP CONSTRAINT authentik_policies_dummy_dummypolicy_pkey;
ALTER TABLE ONLY public.authentik_outposts_outpostserviceconnection DROP CONSTRAINT authentik_outposts_outpostserviceconnection_pkey;
ALTER TABLE ONLY public.authentik_outposts_outpost_providers DROP CONSTRAINT authentik_outposts_outpost_providers_pkey;
ALTER TABLE ONLY public.authentik_outposts_outpost DROP CONSTRAINT authentik_outposts_outpost_pkey;
ALTER TABLE ONLY public.authentik_outposts_outpost DROP CONSTRAINT authentik_outposts_outpost_managed_key;
ALTER TABLE ONLY public.authentik_outposts_outpost_providers DROP CONSTRAINT authentik_outposts_outpo_outpost_id_provider_id_bee0c17e_uniq;
ALTER TABLE ONLY public.authentik_outposts_kubernetesserviceconnection DROP CONSTRAINT authentik_outposts_kubernetesserviceconnection_pkey;
ALTER TABLE ONLY public.authentik_outposts_dockerserviceconnection DROP CONSTRAINT authentik_outposts_dockerserviceconnection_pkey;
ALTER TABLE ONLY public.authentik_flows_stage DROP CONSTRAINT authentik_flows_stage_pkey;
ALTER TABLE ONLY public.authentik_flows_stage DROP CONSTRAINT authentik_flows_stage_name_a2584620_uniq;
ALTER TABLE ONLY public.authentik_flows_flowtoken DROP CONSTRAINT authentik_flows_flowtoken_pkey;
ALTER TABLE ONLY public.authentik_flows_flowstagebinding DROP CONSTRAINT authentik_flows_flowstagebinding_policybindingmodel_ptr_id_key;
ALTER TABLE ONLY public.authentik_flows_flowstagebinding DROP CONSTRAINT authentik_flows_flowstagebinding_pkey;
ALTER TABLE ONLY public.authentik_flows_flowstagebinding DROP CONSTRAINT authentik_flows_flowstag_target_id_stage_id_order_f2150241_uniq;
ALTER TABLE ONLY public.authentik_flows_flow DROP CONSTRAINT authentik_flows_flow_slug_key;
ALTER TABLE ONLY public.authentik_flows_flow DROP CONSTRAINT authentik_flows_flow_pkey;
ALTER TABLE ONLY public.authentik_flows_flow DROP CONSTRAINT authentik_flows_flow_pbm_id_key;
ALTER TABLE ONLY public.authentik_events_notificationwebhookmapping DROP CONSTRAINT authentik_events_notificationwebhookmapping_pkey;
ALTER TABLE ONLY public.authentik_events_notificationtransport DROP CONSTRAINT authentik_events_notificationtransport_pkey;
ALTER TABLE ONLY public.authentik_events_notificationtransport DROP CONSTRAINT authentik_events_notificationtransport_name_key;
ALTER TABLE ONLY public.authentik_events_notificationrule_transports DROP CONSTRAINT authentik_events_notificationrule_transports_pkey;
ALTER TABLE ONLY public.authentik_events_notificationrule DROP CONSTRAINT authentik_events_notificationrule_pkey;
ALTER TABLE ONLY public.authentik_events_notificationrule DROP CONSTRAINT authentik_events_notificationrule_name_key;
ALTER TABLE ONLY public.authentik_events_notification DROP CONSTRAINT authentik_events_notification_pkey;
ALTER TABLE ONLY public.authentik_events_notificationrule_transports DROP CONSTRAINT authentik_events_notific_notificationrule_id_noti_e1f5243d_uniq;
ALTER TABLE ONLY public.authentik_events_event DROP CONSTRAINT authentik_events_event_pkey;
ALTER TABLE ONLY public.authentik_crypto_certificatekeypair DROP CONSTRAINT authentik_crypto_certificatekeypair_pkey;
ALTER TABLE ONLY public.authentik_crypto_certificatekeypair DROP CONSTRAINT authentik_crypto_certificatekeypair_managed_key;
ALTER TABLE ONLY public.authentik_core_usersourceconnection DROP CONSTRAINT authentik_core_usersourceconnection_pkey;
ALTER TABLE ONLY public.authentik_core_usersourceconnection DROP CONSTRAINT authentik_core_usersourc_user_id_source_id_ad1f5aa7_uniq;
ALTER TABLE ONLY public.authentik_core_user DROP CONSTRAINT authentik_core_user_username_key;
ALTER TABLE ONLY public.authentik_core_user_user_permissions DROP CONSTRAINT authentik_core_user_user_user_id_permission_id_2601a709_uniq;
ALTER TABLE ONLY public.authentik_core_user_user_permissions DROP CONSTRAINT authentik_core_user_user_permissions_pkey;
ALTER TABLE ONLY public.authentik_core_user DROP CONSTRAINT authentik_core_user_pkey;
ALTER TABLE ONLY public.authentik_core_user_ak_groups DROP CONSTRAINT authentik_core_user_pb_groups_user_id_group_id_fa5d69c3_uniq;
ALTER TABLE ONLY public.authentik_core_user_ak_groups DROP CONSTRAINT authentik_core_user_pb_groups_pkey;
ALTER TABLE ONLY public.authentik_core_user_groups DROP CONSTRAINT authentik_core_user_groups_user_id_group_id_fbcd9aac_uniq;
ALTER TABLE ONLY public.authentik_core_user_groups DROP CONSTRAINT authentik_core_user_groups_pkey;
ALTER TABLE ONLY public.authentik_core_token DROP CONSTRAINT authentik_core_token_pkey;
ALTER TABLE ONLY public.authentik_core_token DROP CONSTRAINT authentik_core_token_managed_key;
ALTER TABLE ONLY public.authentik_core_token DROP CONSTRAINT authentik_core_token_identifier_af152015_uniq;
ALTER TABLE ONLY public.authentik_core_source DROP CONSTRAINT authentik_core_source_slug_e15c7212_uniq;
ALTER TABLE ONLY public.authentik_core_source_property_mappings DROP CONSTRAINT authentik_core_source_property_mappings_pkey;
ALTER TABLE ONLY public.authentik_core_source_property_mappings DROP CONSTRAINT authentik_core_source_pr_source_id_propertymappin_f506919a_uniq;
ALTER TABLE ONLY public.authentik_core_source DROP CONSTRAINT authentik_core_source_pkey;
ALTER TABLE ONLY public.authentik_core_source DROP CONSTRAINT authentik_core_source_managed_key;
ALTER TABLE ONLY public.authentik_core_provider_property_mappings DROP CONSTRAINT authentik_core_provider_property_mappings_pkey;
ALTER TABLE ONLY public.authentik_core_provider DROP CONSTRAINT authentik_core_provider_pkey;
ALTER TABLE ONLY public.authentik_core_provider_property_mappings DROP CONSTRAINT authentik_core_provider__provider_id_propertymapp_cf242fa9_uniq;
ALTER TABLE ONLY public.authentik_core_propertymapping DROP CONSTRAINT authentik_core_propertymapping_pkey;
ALTER TABLE ONLY public.authentik_core_propertymapping DROP CONSTRAINT authentik_core_propertymapping_managed_key;
ALTER TABLE ONLY public.authentik_core_group DROP CONSTRAINT authentik_core_group_pkey;
ALTER TABLE ONLY public.authentik_core_group DROP CONSTRAINT authentik_core_group_name_parent_id_bb2177db_uniq;
ALTER TABLE ONLY public.authentik_core_authenticatedsession DROP CONSTRAINT authentik_core_authenticatedsession_pkey;
ALTER TABLE ONLY public.authentik_core_application DROP CONSTRAINT authentik_core_application_slug_ab82d049_uniq;
ALTER TABLE ONLY public.authentik_core_application DROP CONSTRAINT authentik_core_application_provider_id_key;
ALTER TABLE ONLY public.authentik_core_application DROP CONSTRAINT authentik_core_application_pkey;
ALTER TABLE ONLY public.auth_permission DROP CONSTRAINT auth_permission_pkey;
ALTER TABLE ONLY public.auth_permission DROP CONSTRAINT auth_permission_content_type_id_codename_01ab375a_uniq;
ALTER TABLE ONLY public.auth_group DROP CONSTRAINT auth_group_pkey;
ALTER TABLE ONLY public.auth_group_permissions DROP CONSTRAINT auth_group_permissions_pkey;
ALTER TABLE ONLY public.auth_group_permissions DROP CONSTRAINT auth_group_permissions_group_id_permission_id_0cd325b0_uniq;
ALTER TABLE ONLY public.auth_group DROP CONSTRAINT auth_group_name_key;
ALTER TABLE public.otp_totp_totpdevice ALTER COLUMN id DROP DEFAULT;
ALTER TABLE public.otp_static_statictoken ALTER COLUMN id DROP DEFAULT;
ALTER TABLE public.otp_static_staticdevice ALTER COLUMN id DROP DEFAULT;
ALTER TABLE public.guardian_userobjectpermission ALTER COLUMN id DROP DEFAULT;
ALTER TABLE public.guardian_groupobjectpermission ALTER COLUMN id DROP DEFAULT;
ALTER TABLE public.django_migrations ALTER COLUMN id DROP DEFAULT;
ALTER TABLE public.django_content_type ALTER COLUMN id DROP DEFAULT;
ALTER TABLE public.authentik_stages_prompt_promptstage_validation_policies ALTER COLUMN id DROP DEFAULT;
ALTER TABLE public.authentik_stages_prompt_promptstage_fields ALTER COLUMN id DROP DEFAULT;
ALTER TABLE public.authentik_stages_identification_identificationstage_sources ALTER COLUMN id DROP DEFAULT;
ALTER TABLE public.authentik_stages_consent_userconsent ALTER COLUMN id DROP DEFAULT;
ALTER TABLE public.authentik_stages_authenticator_webauthn_webauthndevice ALTER COLUMN id DROP DEFAULT;
ALTER TABLE public.authentik_stages_authenticator_sms_smsdevice ALTER COLUMN id DROP DEFAULT;
ALTER TABLE public.authentik_stages_authenticator_duo_duodevice ALTER COLUMN id DROP DEFAULT;
ALTER TABLE public.authentik_sources_ldap_ldapsource_property_mappings_group ALTER COLUMN id DROP DEFAULT;
ALTER TABLE public.authentik_providers_oauth2_refreshtoken ALTER COLUMN id DROP DEFAULT;
ALTER TABLE public.authentik_providers_oauth2_authorizationcode ALTER COLUMN id DROP DEFAULT;
ALTER TABLE public.authentik_outposts_outpost_providers ALTER COLUMN id DROP DEFAULT;
ALTER TABLE public.authentik_events_notificationrule_transports ALTER COLUMN id DROP DEFAULT;
ALTER TABLE public.authentik_core_usersourceconnection ALTER COLUMN id DROP DEFAULT;
ALTER TABLE public.authentik_core_user_user_permissions ALTER COLUMN id DROP DEFAULT;
ALTER TABLE public.authentik_core_user_groups ALTER COLUMN id DROP DEFAULT;
ALTER TABLE public.authentik_core_user_ak_groups ALTER COLUMN id DROP DEFAULT;
ALTER TABLE public.authentik_core_user ALTER COLUMN id DROP DEFAULT;
ALTER TABLE public.authentik_core_source_property_mappings ALTER COLUMN id DROP DEFAULT;
ALTER TABLE public.authentik_core_provider_property_mappings ALTER COLUMN id DROP DEFAULT;
ALTER TABLE public.authentik_core_provider ALTER COLUMN id DROP DEFAULT;
ALTER TABLE public.auth_permission ALTER COLUMN id DROP DEFAULT;
ALTER TABLE public.auth_group_permissions ALTER COLUMN id DROP DEFAULT;
ALTER TABLE public.auth_group ALTER COLUMN id DROP DEFAULT;
DROP SEQUENCE public.otp_totp_totpdevice_id_seq;
DROP TABLE public.otp_totp_totpdevice;
DROP SEQUENCE public.otp_static_statictoken_id_seq;
DROP TABLE public.otp_static_statictoken;
DROP SEQUENCE public.otp_static_staticdevice_id_seq;
DROP TABLE public.otp_static_staticdevice;
DROP SEQUENCE public.guardian_userobjectpermission_id_seq;
DROP TABLE public.guardian_userobjectpermission;
DROP SEQUENCE public.guardian_groupobjectpermission_id_seq;
DROP TABLE public.guardian_groupobjectpermission;
DROP TABLE public.django_session;
DROP SEQUENCE public.django_migrations_id_seq;
DROP TABLE public.django_migrations;
DROP SEQUENCE public.django_content_type_id_seq;
DROP TABLE public.django_content_type;
DROP TABLE public.authentik_tenants_tenant;
DROP TABLE public.authentik_stages_user_write_userwritestage;
DROP TABLE public.authentik_stages_user_logout_userlogoutstage;
DROP TABLE public.authentik_stages_user_login_userloginstage;
DROP TABLE public.authentik_stages_user_delete_userdeletestage;
DROP SEQUENCE public.authentik_stages_prompt_promptstage_validation_policies_id_seq;
DROP TABLE public.authentik_stages_prompt_promptstage_validation_policies;
DROP SEQUENCE public.authentik_stages_prompt_promptstage_fields_id_seq;
DROP TABLE public.authentik_stages_prompt_promptstage_fields;
DROP TABLE public.authentik_stages_prompt_promptstage;
DROP TABLE public.authentik_stages_prompt_prompt;
DROP TABLE public.authentik_stages_password_passwordstage;
DROP TABLE public.authentik_stages_invitation_invitationstage;
DROP TABLE public.authentik_stages_invitation_invitation;
DROP SEQUENCE public.authentik_stages_identification_identificationstage_sour_id_seq;
DROP TABLE public.authentik_stages_identification_identificationstage_sources;
DROP TABLE public.authentik_stages_identification_identificationstage;
DROP TABLE public.authentik_stages_email_emailstage;
DROP TABLE public.authentik_stages_dummy_dummystage;
DROP TABLE public.authentik_stages_deny_denystage;
DROP SEQUENCE public.authentik_stages_consent_userconsent_id_seq;
DROP TABLE public.authentik_stages_consent_userconsent;
DROP TABLE public.authentik_stages_consent_consentstage;
DROP TABLE public.authentik_stages_captcha_captchastage;
DROP SEQUENCE public.authentik_stages_authenticator_webauthn_webauthndevice_id_seq;
DROP TABLE public.authentik_stages_authenticator_webauthn_webauthndevice;
DROP TABLE public.authentik_stages_authenticator_webauthn_authenticatewebauth4bbe;
DROP TABLE public.authentik_stages_authenticator_validate_authenticatorvalida499c;
DROP TABLE public.authentik_stages_authenticator_totp_authenticatortotpstage;
DROP TABLE public.authentik_stages_authenticator_static_authenticatorstaticstage;
DROP SEQUENCE public.authentik_stages_authenticator_sms_smsdevice_id_seq;
DROP TABLE public.authentik_stages_authenticator_sms_smsdevice;
DROP TABLE public.authentik_stages_authenticator_sms_authenticatorsmsstage;
DROP SEQUENCE public.authentik_stages_authenticator_duo_duodevice_id_seq;
DROP TABLE public.authentik_stages_authenticator_duo_duodevice;
DROP TABLE public.authentik_stages_authenticator_duo_authenticatorduostage;
DROP TABLE public.authentik_sources_saml_samlsource;
DROP TABLE public.authentik_sources_plex_plexsourceconnection;
DROP TABLE public.authentik_sources_plex_plexsource;
DROP TABLE public.authentik_sources_oauth_useroauthsourceconnection;
DROP TABLE public.authentik_sources_oauth_oauthsource;
DROP SEQUENCE public.authentik_sources_ldap_ldapsource_property_mappings_grou_id_seq;
DROP TABLE public.authentik_sources_ldap_ldapsource_property_mappings_group;
DROP TABLE public.authentik_sources_ldap_ldapsource;
DROP TABLE public.authentik_sources_ldap_ldappropertymapping;
DROP TABLE public.authentik_providers_saml_samlprovider;
DROP TABLE public.authentik_providers_saml_samlpropertymapping;
DROP TABLE public.authentik_providers_proxy_proxyprovider;
DROP TABLE public.authentik_providers_oauth2_scopemapping;
DROP SEQUENCE public.authentik_providers_oauth2_refreshtoken_id_seq;
DROP TABLE public.authentik_providers_oauth2_refreshtoken;
DROP TABLE public.authentik_providers_oauth2_oauth2provider;
DROP SEQUENCE public.authentik_providers_oauth2_authorizationcode_id_seq;
DROP TABLE public.authentik_providers_oauth2_authorizationcode;
DROP TABLE public.authentik_providers_ldap_ldapprovider;
DROP TABLE public.authentik_policies_reputation_reputationpolicy;
DROP TABLE public.authentik_policies_reputation_reputation;
DROP TABLE public.authentik_policies_policybindingmodel;
DROP TABLE public.authentik_policies_policybinding;
DROP TABLE public.authentik_policies_policy;
DROP TABLE public.authentik_policies_password_passwordpolicy;
DROP TABLE public.authentik_policies_hibp_haveibeenpwendpolicy;
DROP TABLE public.authentik_policies_expression_expressionpolicy;
DROP TABLE public.authentik_policies_expiry_passwordexpirypolicy;
DROP TABLE public.authentik_policies_event_matcher_eventmatcherpolicy;
DROP TABLE public.authentik_policies_dummy_dummypolicy;
DROP TABLE public.authentik_outposts_outpostserviceconnection;
DROP SEQUENCE public.authentik_outposts_outpost_providers_id_seq;
DROP TABLE public.authentik_outposts_outpost_providers;
DROP TABLE public.authentik_outposts_outpost;
DROP TABLE public.authentik_outposts_kubernetesserviceconnection;
DROP TABLE public.authentik_outposts_dockerserviceconnection;
DROP TABLE public.authentik_flows_stage;
DROP TABLE public.authentik_flows_flowtoken;
DROP TABLE public.authentik_flows_flowstagebinding;
DROP TABLE public.authentik_flows_flow;
DROP TABLE public.authentik_events_notificationwebhookmapping;
DROP TABLE public.authentik_events_notificationtransport;
DROP SEQUENCE public.authentik_events_notificationrule_transports_id_seq;
DROP TABLE public.authentik_events_notificationrule_transports;
DROP TABLE public.authentik_events_notificationrule;
DROP TABLE public.authentik_events_notification;
DROP TABLE public.authentik_events_event;
DROP TABLE public.authentik_crypto_certificatekeypair;
DROP SEQUENCE public.authentik_core_usersourceconnection_id_seq;
DROP TABLE public.authentik_core_usersourceconnection;
DROP SEQUENCE public.authentik_core_user_user_permissions_id_seq;
DROP TABLE public.authentik_core_user_user_permissions;
DROP SEQUENCE public.authentik_core_user_pb_groups_id_seq;
DROP SEQUENCE public.authentik_core_user_id_seq;
DROP SEQUENCE public.authentik_core_user_groups_id_seq;
DROP TABLE public.authentik_core_user_groups;
DROP TABLE public.authentik_core_user_ak_groups;
DROP TABLE public.authentik_core_user;
DROP TABLE public.authentik_core_token;
DROP SEQUENCE public.authentik_core_source_property_mappings_id_seq;
DROP TABLE public.authentik_core_source_property_mappings;
DROP TABLE public.authentik_core_source;
DROP SEQUENCE public.authentik_core_provider_property_mappings_id_seq;
DROP TABLE public.authentik_core_provider_property_mappings;
DROP SEQUENCE public.authentik_core_provider_id_seq;
DROP TABLE public.authentik_core_provider;
DROP TABLE public.authentik_core_propertymapping;
DROP TABLE public.authentik_core_group;
DROP TABLE public.authentik_core_authenticatedsession;
DROP TABLE public.authentik_core_application;
DROP SEQUENCE public.auth_permission_id_seq;
DROP TABLE public.auth_permission;
DROP SEQUENCE public.auth_group_permissions_id_seq;
DROP TABLE public.auth_group_permissions;
DROP SEQUENCE public.auth_group_id_seq;
DROP TABLE public.auth_group;
SET default_tablespace = '';

SET default_table_access_method = heap;

--
-- Name: auth_group; Type: TABLE; Schema: public; Owner: authentik
--

CREATE TABLE public.auth_group (
    id integer NOT NULL,
    name character varying(150) NOT NULL
);


ALTER TABLE public.auth_group OWNER TO authentik;

--
-- Name: auth_group_id_seq; Type: SEQUENCE; Schema: public; Owner: authentik
--

CREATE SEQUENCE public.auth_group_id_seq
    AS integer
    START WITH 1
    INCREMENT BY 1
    NO MINVALUE
    NO MAXVALUE
    CACHE 1;


ALTER TABLE public.auth_group_id_seq OWNER TO authentik;

--
-- Name: auth_group_id_seq; Type: SEQUENCE OWNED BY; Schema: public; Owner: authentik
--

ALTER SEQUENCE public.auth_group_id_seq OWNED BY public.auth_group.id;


--
-- Name: auth_group_permissions; Type: TABLE; Schema: public; Owner: authentik
--

CREATE TABLE public.auth_group_permissions (
    id integer NOT NULL,
    group_id integer NOT NULL,
    permission_id integer NOT NULL
);


ALTER TABLE public.auth_group_permissions OWNER TO authentik;

--
-- Name: auth_group_permissions_id_seq; Type: SEQUENCE; Schema: public; Owner: authentik
--

CREATE SEQUENCE public.auth_group_permissions_id_seq
    AS integer
    START WITH 1
    INCREMENT BY 1
    NO MINVALUE
    NO MAXVALUE
    CACHE 1;


ALTER TABLE public.auth_group_permissions_id_seq OWNER TO authentik;

--
-- Name: auth_group_permissions_id_seq; Type: SEQUENCE OWNED BY; Schema: public; Owner: authentik
--

ALTER SEQUENCE public.auth_group_permissions_id_seq OWNED BY public.auth_group_permissions.id;


--
-- Name: auth_permission; Type: TABLE; Schema: public; Owner: authentik
--

CREATE TABLE public.auth_permission (
    id integer NOT NULL,
    name character varying(255) NOT NULL,
    content_type_id integer NOT NULL,
    codename character varying(100) NOT NULL
);


ALTER TABLE public.auth_permission OWNER TO authentik;

--
-- Name: auth_permission_id_seq; Type: SEQUENCE; Schema: public; Owner: authentik
--

CREATE SEQUENCE public.auth_permission_id_seq
    AS integer
    START WITH 1
    INCREMENT BY 1
    NO MINVALUE
    NO MAXVALUE
    CACHE 1;


ALTER TABLE public.auth_permission_id_seq OWNER TO authentik;

--
-- Name: auth_permission_id_seq; Type: SEQUENCE OWNED BY; Schema: public; Owner: authentik
--

ALTER SEQUENCE public.auth_permission_id_seq OWNED BY public.auth_permission.id;


--
-- Name: authentik_core_application; Type: TABLE; Schema: public; Owner: authentik
--

CREATE TABLE public.authentik_core_application (
    policybindingmodel_ptr_id uuid NOT NULL,
    name text NOT NULL,
    slug character varying(50) NOT NULL,
    meta_launch_url text NOT NULL,
    meta_description text NOT NULL,
    meta_publisher text NOT NULL,
    provider_id integer,
    meta_icon character varying(500)
);


ALTER TABLE public.authentik_core_application OWNER TO authentik;

--
-- Name: authentik_core_authenticatedsession; Type: TABLE; Schema: public; Owner: authentik
--

CREATE TABLE public.authentik_core_authenticatedsession (
    expires timestamp with time zone NOT NULL,
    expiring boolean NOT NULL,
    uuid uuid NOT NULL,
    session_key character varying(40) NOT NULL,
    last_ip text NOT NULL,
    last_user_agent text NOT NULL,
    last_used timestamp with time zone NOT NULL,
    user_id integer NOT NULL
);


ALTER TABLE public.authentik_core_authenticatedsession OWNER TO authentik;

--
-- Name: authentik_core_group; Type: TABLE; Schema: public; Owner: authentik
--

CREATE TABLE public.authentik_core_group (
    group_uuid uuid NOT NULL,
    name character varying(80) NOT NULL,
    attributes jsonb NOT NULL,
    parent_id uuid,
    is_superuser boolean NOT NULL
);


ALTER TABLE public.authentik_core_group OWNER TO authentik;

--
-- Name: authentik_core_propertymapping; Type: TABLE; Schema: public; Owner: authentik
--

CREATE TABLE public.authentik_core_propertymapping (
    pm_uuid uuid NOT NULL,
    name text NOT NULL,
    expression text NOT NULL,
    managed text
);


ALTER TABLE public.authentik_core_propertymapping OWNER TO authentik;

--
-- Name: authentik_core_provider; Type: TABLE; Schema: public; Owner: authentik
--

CREATE TABLE public.authentik_core_provider (
    id integer NOT NULL,
    authorization_flow_id uuid NOT NULL,
    name text NOT NULL
);


ALTER TABLE public.authentik_core_provider OWNER TO authentik;

--
-- Name: authentik_core_provider_id_seq; Type: SEQUENCE; Schema: public; Owner: authentik
--

CREATE SEQUENCE public.authentik_core_provider_id_seq
    AS integer
    START WITH 1
    INCREMENT BY 1
    NO MINVALUE
    NO MAXVALUE
    CACHE 1;


ALTER TABLE public.authentik_core_provider_id_seq OWNER TO authentik;

--
-- Name: authentik_core_provider_id_seq; Type: SEQUENCE OWNED BY; Schema: public; Owner: authentik
--

ALTER SEQUENCE public.authentik_core_provider_id_seq OWNED BY public.authentik_core_provider.id;


--
-- Name: authentik_core_provider_property_mappings; Type: TABLE; Schema: public; Owner: authentik
--

CREATE TABLE public.authentik_core_provider_property_mappings (
    id integer NOT NULL,
    provider_id integer NOT NULL,
    propertymapping_id uuid NOT NULL
);


ALTER TABLE public.authentik_core_provider_property_mappings OWNER TO authentik;

--
-- Name: authentik_core_provider_property_mappings_id_seq; Type: SEQUENCE; Schema: public; Owner: authentik
--

CREATE SEQUENCE public.authentik_core_provider_property_mappings_id_seq
    AS integer
    START WITH 1
    INCREMENT BY 1
    NO MINVALUE
    NO MAXVALUE
    CACHE 1;


ALTER TABLE public.authentik_core_provider_property_mappings_id_seq OWNER TO authentik;

--
-- Name: authentik_core_provider_property_mappings_id_seq; Type: SEQUENCE OWNED BY; Schema: public; Owner: authentik
--

ALTER SEQUENCE public.authentik_core_provider_property_mappings_id_seq OWNED BY public.authentik_core_provider_property_mappings.id;


--
-- Name: authentik_core_source; Type: TABLE; Schema: public; Owner: authentik
--

CREATE TABLE public.authentik_core_source (
    policybindingmodel_ptr_id uuid NOT NULL,
    name text NOT NULL,
    slug character varying(50) NOT NULL,
    enabled boolean NOT NULL,
    authentication_flow_id uuid,
    enrollment_flow_id uuid,
    managed text,
    user_matching_mode text NOT NULL
);


ALTER TABLE public.authentik_core_source OWNER TO authentik;

--
-- Name: authentik_core_source_property_mappings; Type: TABLE; Schema: public; Owner: authentik
--

CREATE TABLE public.authentik_core_source_property_mappings (
    id integer NOT NULL,
    source_id uuid NOT NULL,
    propertymapping_id uuid NOT NULL
);


ALTER TABLE public.authentik_core_source_property_mappings OWNER TO authentik;

--
-- Name: authentik_core_source_property_mappings_id_seq; Type: SEQUENCE; Schema: public; Owner: authentik
--

CREATE SEQUENCE public.authentik_core_source_property_mappings_id_seq
    AS integer
    START WITH 1
    INCREMENT BY 1
    NO MINVALUE
    NO MAXVALUE
    CACHE 1;


ALTER TABLE public.authentik_core_source_property_mappings_id_seq OWNER TO authentik;

--
-- Name: authentik_core_source_property_mappings_id_seq; Type: SEQUENCE OWNED BY; Schema: public; Owner: authentik
--

ALTER SEQUENCE public.authentik_core_source_property_mappings_id_seq OWNED BY public.authentik_core_source_property_mappings.id;


--
-- Name: authentik_core_token; Type: TABLE; Schema: public; Owner: authentik
--

CREATE TABLE public.authentik_core_token (
    token_uuid uuid NOT NULL,
    expires timestamp with time zone NOT NULL,
    expiring boolean NOT NULL,
    description text NOT NULL,
    user_id integer NOT NULL,
    intent text NOT NULL,
    identifier character varying(255) NOT NULL,
    key text NOT NULL,
    managed text
);


ALTER TABLE public.authentik_core_token OWNER TO authentik;

--
-- Name: authentik_core_user; Type: TABLE; Schema: public; Owner: authentik
--

CREATE TABLE public.authentik_core_user (
    id integer NOT NULL,
    password character varying(128) NOT NULL,
    last_login timestamp with time zone,
    username character varying(150) NOT NULL,
    first_name character varying(150) NOT NULL,
    last_name character varying(150) NOT NULL,
    email character varying(254) NOT NULL,
    is_active boolean NOT NULL,
    date_joined timestamp with time zone NOT NULL,
    uuid uuid NOT NULL,
    name text NOT NULL,
    password_change_date timestamp with time zone NOT NULL,
    attributes jsonb NOT NULL
);


ALTER TABLE public.authentik_core_user OWNER TO authentik;

--
-- Name: authentik_core_user_ak_groups; Type: TABLE; Schema: public; Owner: authentik
--

CREATE TABLE public.authentik_core_user_ak_groups (
    id integer NOT NULL,
    user_id integer NOT NULL,
    group_id uuid NOT NULL
);


ALTER TABLE public.authentik_core_user_ak_groups OWNER TO authentik;

--
-- Name: authentik_core_user_groups; Type: TABLE; Schema: public; Owner: authentik
--

CREATE TABLE public.authentik_core_user_groups (
    id integer NOT NULL,
    user_id integer NOT NULL,
    group_id integer NOT NULL
);


ALTER TABLE public.authentik_core_user_groups OWNER TO authentik;

--
-- Name: authentik_core_user_groups_id_seq; Type: SEQUENCE; Schema: public; Owner: authentik
--

CREATE SEQUENCE public.authentik_core_user_groups_id_seq
    AS integer
    START WITH 1
    INCREMENT BY 1
    NO MINVALUE
    NO MAXVALUE
    CACHE 1;


ALTER TABLE public.authentik_core_user_groups_id_seq OWNER TO authentik;

--
-- Name: authentik_core_user_groups_id_seq; Type: SEQUENCE OWNED BY; Schema: public; Owner: authentik
--

ALTER SEQUENCE public.authentik_core_user_groups_id_seq OWNED BY public.authentik_core_user_groups.id;


--
-- Name: authentik_core_user_id_seq; Type: SEQUENCE; Schema: public; Owner: authentik
--

CREATE SEQUENCE public.authentik_core_user_id_seq
    AS integer
    START WITH 1
    INCREMENT BY 1
    NO MINVALUE
    NO MAXVALUE
    CACHE 1;


ALTER TABLE public.authentik_core_user_id_seq OWNER TO authentik;

--
-- Name: authentik_core_user_id_seq; Type: SEQUENCE OWNED BY; Schema: public; Owner: authentik
--

ALTER SEQUENCE public.authentik_core_user_id_seq OWNED BY public.authentik_core_user.id;


--
-- Name: authentik_core_user_pb_groups_id_seq; Type: SEQUENCE; Schema: public; Owner: authentik
--

CREATE SEQUENCE public.authentik_core_user_pb_groups_id_seq
    AS integer
    START WITH 1
    INCREMENT BY 1
    NO MINVALUE
    NO MAXVALUE
    CACHE 1;


ALTER TABLE public.authentik_core_user_pb_groups_id_seq OWNER TO authentik;

--
-- Name: authentik_core_user_pb_groups_id_seq; Type: SEQUENCE OWNED BY; Schema: public; Owner: authentik
--

ALTER SEQUENCE public.authentik_core_user_pb_groups_id_seq OWNED BY public.authentik_core_user_ak_groups.id;


--
-- Name: authentik_core_user_user_permissions; Type: TABLE; Schema: public; Owner: authentik
--

CREATE TABLE public.authentik_core_user_user_permissions (
    id integer NOT NULL,
    user_id integer NOT NULL,
    permission_id integer NOT NULL
);


ALTER TABLE public.authentik_core_user_user_permissions OWNER TO authentik;

--
-- Name: authentik_core_user_user_permissions_id_seq; Type: SEQUENCE; Schema: public; Owner: authentik
--

CREATE SEQUENCE public.authentik_core_user_user_permissions_id_seq
    AS integer
    START WITH 1
    INCREMENT BY 1
    NO MINVALUE
    NO MAXVALUE
    CACHE 1;


ALTER TABLE public.authentik_core_user_user_permissions_id_seq OWNER TO authentik;

--
-- Name: authentik_core_user_user_permissions_id_seq; Type: SEQUENCE OWNED BY; Schema: public; Owner: authentik
--

ALTER SEQUENCE public.authentik_core_user_user_permissions_id_seq OWNED BY public.authentik_core_user_user_permissions.id;


--
-- Name: authentik_core_usersourceconnection; Type: TABLE; Schema: public; Owner: authentik
--

CREATE TABLE public.authentik_core_usersourceconnection (
    id integer NOT NULL,
    created timestamp with time zone NOT NULL,
    last_updated timestamp with time zone NOT NULL,
    source_id uuid NOT NULL,
    user_id integer NOT NULL
);


ALTER TABLE public.authentik_core_usersourceconnection OWNER TO authentik;

--
-- Name: authentik_core_usersourceconnection_id_seq; Type: SEQUENCE; Schema: public; Owner: authentik
--

CREATE SEQUENCE public.authentik_core_usersourceconnection_id_seq
    AS integer
    START WITH 1
    INCREMENT BY 1
    NO MINVALUE
    NO MAXVALUE
    CACHE 1;


ALTER TABLE public.authentik_core_usersourceconnection_id_seq OWNER TO authentik;

--
-- Name: authentik_core_usersourceconnection_id_seq; Type: SEQUENCE OWNED BY; Schema: public; Owner: authentik
--

ALTER SEQUENCE public.authentik_core_usersourceconnection_id_seq OWNED BY public.authentik_core_usersourceconnection.id;


--
-- Name: authentik_crypto_certificatekeypair; Type: TABLE; Schema: public; Owner: authentik
--

CREATE TABLE public.authentik_crypto_certificatekeypair (
    created timestamp with time zone NOT NULL,
    last_updated timestamp with time zone NOT NULL,
    kp_uuid uuid NOT NULL,
    name text NOT NULL,
    certificate_data text NOT NULL,
    key_data text NOT NULL,
    managed text
);


ALTER TABLE public.authentik_crypto_certificatekeypair OWNER TO authentik;

--
-- Name: authentik_events_event; Type: TABLE; Schema: public; Owner: authentik
--

CREATE TABLE public.authentik_events_event (
    event_uuid uuid NOT NULL,
    action text NOT NULL,
    app text NOT NULL,
    context jsonb NOT NULL,
    client_ip inet,
    created timestamp with time zone NOT NULL,
    "user" jsonb NOT NULL,
    expires timestamp with time zone NOT NULL,
    expiring boolean NOT NULL,
    tenant jsonb NOT NULL
);


ALTER TABLE public.authentik_events_event OWNER TO authentik;

--
-- Name: authentik_events_notification; Type: TABLE; Schema: public; Owner: authentik
--

CREATE TABLE public.authentik_events_notification (
    uuid uuid NOT NULL,
    severity text NOT NULL,
    body text NOT NULL,
    created timestamp with time zone NOT NULL,
    seen boolean NOT NULL,
    event_id uuid,
    user_id integer NOT NULL
);


ALTER TABLE public.authentik_events_notification OWNER TO authentik;

--
-- Name: authentik_events_notificationrule; Type: TABLE; Schema: public; Owner: authentik
--

CREATE TABLE public.authentik_events_notificationrule (
    policybindingmodel_ptr_id uuid NOT NULL,
    name text NOT NULL,
    severity text NOT NULL,
    group_id uuid
);


ALTER TABLE public.authentik_events_notificationrule OWNER TO authentik;

--
-- Name: authentik_events_notificationrule_transports; Type: TABLE; Schema: public; Owner: authentik
--

CREATE TABLE public.authentik_events_notificationrule_transports (
    id integer NOT NULL,
    notificationrule_id uuid NOT NULL,
    notificationtransport_id uuid NOT NULL
);


ALTER TABLE public.authentik_events_notificationrule_transports OWNER TO authentik;

--
-- Name: authentik_events_notificationrule_transports_id_seq; Type: SEQUENCE; Schema: public; Owner: authentik
--

CREATE SEQUENCE public.authentik_events_notificationrule_transports_id_seq
    AS integer
    START WITH 1
    INCREMENT BY 1
    NO MINVALUE
    NO MAXVALUE
    CACHE 1;


ALTER TABLE public.authentik_events_notificationrule_transports_id_seq OWNER TO authentik;

--
-- Name: authentik_events_notificationrule_transports_id_seq; Type: SEQUENCE OWNED BY; Schema: public; Owner: authentik
--

ALTER SEQUENCE public.authentik_events_notificationrule_transports_id_seq OWNED BY public.authentik_events_notificationrule_transports.id;


--
-- Name: authentik_events_notificationtransport; Type: TABLE; Schema: public; Owner: authentik
--

CREATE TABLE public.authentik_events_notificationtransport (
    uuid uuid NOT NULL,
    name text NOT NULL,
    mode text NOT NULL,
    webhook_url text NOT NULL,
    send_once boolean NOT NULL,
    webhook_mapping_id uuid
);


ALTER TABLE public.authentik_events_notificationtransport OWNER TO authentik;

--
-- Name: authentik_events_notificationwebhookmapping; Type: TABLE; Schema: public; Owner: authentik
--

CREATE TABLE public.authentik_events_notificationwebhookmapping (
    propertymapping_ptr_id uuid NOT NULL
);


ALTER TABLE public.authentik_events_notificationwebhookmapping OWNER TO authentik;

--
-- Name: authentik_flows_flow; Type: TABLE; Schema: public; Owner: authentik
--

CREATE TABLE public.authentik_flows_flow (
    flow_uuid uuid NOT NULL,
    name text NOT NULL,
    slug character varying(50) NOT NULL,
    designation character varying(100) NOT NULL,
    policybindingmodel_ptr_id uuid NOT NULL,
    title text NOT NULL,
    background character varying(500),
    compatibility_mode boolean NOT NULL
);


ALTER TABLE public.authentik_flows_flow OWNER TO authentik;

--
-- Name: authentik_flows_flowstagebinding; Type: TABLE; Schema: public; Owner: authentik
--

CREATE TABLE public.authentik_flows_flowstagebinding (
    policybindingmodel_ptr_id uuid NOT NULL,
    fsb_uuid uuid NOT NULL,
    re_evaluate_policies boolean NOT NULL,
    "order" integer NOT NULL,
    target_id uuid NOT NULL,
    stage_id uuid NOT NULL,
    evaluate_on_plan boolean NOT NULL,
    invalid_response_action text NOT NULL
);


ALTER TABLE public.authentik_flows_flowstagebinding OWNER TO authentik;

--
-- Name: authentik_flows_flowtoken; Type: TABLE; Schema: public; Owner: authentik
--

CREATE TABLE public.authentik_flows_flowtoken (
    token_ptr_id uuid NOT NULL,
    _plan text NOT NULL,
    flow_id uuid NOT NULL
);


ALTER TABLE public.authentik_flows_flowtoken OWNER TO authentik;

--
-- Name: authentik_flows_stage; Type: TABLE; Schema: public; Owner: authentik
--

CREATE TABLE public.authentik_flows_stage (
    stage_uuid uuid NOT NULL,
    name text NOT NULL
);


ALTER TABLE public.authentik_flows_stage OWNER TO authentik;

--
-- Name: authentik_outposts_dockerserviceconnection; Type: TABLE; Schema: public; Owner: authentik
--

CREATE TABLE public.authentik_outposts_dockerserviceconnection (
    outpostserviceconnection_ptr_id uuid NOT NULL,
    url text NOT NULL,
    tls_authentication_id uuid,
    tls_verification_id uuid
);


ALTER TABLE public.authentik_outposts_dockerserviceconnection OWNER TO authentik;

--
-- Name: authentik_outposts_kubernetesserviceconnection; Type: TABLE; Schema: public; Owner: authentik
--

CREATE TABLE public.authentik_outposts_kubernetesserviceconnection (
    outpostserviceconnection_ptr_id uuid NOT NULL,
    kubeconfig jsonb NOT NULL
);


ALTER TABLE public.authentik_outposts_kubernetesserviceconnection OWNER TO authentik;

--
-- Name: authentik_outposts_outpost; Type: TABLE; Schema: public; Owner: authentik
--

CREATE TABLE public.authentik_outposts_outpost (
    uuid uuid NOT NULL,
    name text NOT NULL,
    _config jsonb NOT NULL,
    type text NOT NULL,
    service_connection_id uuid,
    managed text
);


ALTER TABLE public.authentik_outposts_outpost OWNER TO authentik;

--
-- Name: authentik_outposts_outpost_providers; Type: TABLE; Schema: public; Owner: authentik
--

CREATE TABLE public.authentik_outposts_outpost_providers (
    id integer NOT NULL,
    outpost_id uuid NOT NULL,
    provider_id integer NOT NULL
);


ALTER TABLE public.authentik_outposts_outpost_providers OWNER TO authentik;

--
-- Name: authentik_outposts_outpost_providers_id_seq; Type: SEQUENCE; Schema: public; Owner: authentik
--

CREATE SEQUENCE public.authentik_outposts_outpost_providers_id_seq
    AS integer
    START WITH 1
    INCREMENT BY 1
    NO MINVALUE
    NO MAXVALUE
    CACHE 1;


ALTER TABLE public.authentik_outposts_outpost_providers_id_seq OWNER TO authentik;

--
-- Name: authentik_outposts_outpost_providers_id_seq; Type: SEQUENCE OWNED BY; Schema: public; Owner: authentik
--

ALTER SEQUENCE public.authentik_outposts_outpost_providers_id_seq OWNED BY public.authentik_outposts_outpost_providers.id;


--
-- Name: authentik_outposts_outpostserviceconnection; Type: TABLE; Schema: public; Owner: authentik
--

CREATE TABLE public.authentik_outposts_outpostserviceconnection (
    uuid uuid NOT NULL,
    name text NOT NULL,
    local boolean NOT NULL
);


ALTER TABLE public.authentik_outposts_outpostserviceconnection OWNER TO authentik;

--
-- Name: authentik_policies_dummy_dummypolicy; Type: TABLE; Schema: public; Owner: authentik
--

CREATE TABLE public.authentik_policies_dummy_dummypolicy (
    policy_ptr_id uuid NOT NULL,
    result boolean NOT NULL,
    wait_min integer NOT NULL,
    wait_max integer NOT NULL
);


ALTER TABLE public.authentik_policies_dummy_dummypolicy OWNER TO authentik;

--
-- Name: authentik_policies_event_matcher_eventmatcherpolicy; Type: TABLE; Schema: public; Owner: authentik
--

CREATE TABLE public.authentik_policies_event_matcher_eventmatcherpolicy (
    policy_ptr_id uuid NOT NULL,
    action text NOT NULL,
    client_ip text NOT NULL,
    app text NOT NULL
);


ALTER TABLE public.authentik_policies_event_matcher_eventmatcherpolicy OWNER TO authentik;

--
-- Name: authentik_policies_expiry_passwordexpirypolicy; Type: TABLE; Schema: public; Owner: authentik
--

CREATE TABLE public.authentik_policies_expiry_passwordexpirypolicy (
    policy_ptr_id uuid NOT NULL,
    deny_only boolean NOT NULL,
    days integer NOT NULL
);


ALTER TABLE public.authentik_policies_expiry_passwordexpirypolicy OWNER TO authentik;

--
-- Name: authentik_policies_expression_expressionpolicy; Type: TABLE; Schema: public; Owner: authentik
--

CREATE TABLE public.authentik_policies_expression_expressionpolicy (
    policy_ptr_id uuid NOT NULL,
    expression text NOT NULL
);


ALTER TABLE public.authentik_policies_expression_expressionpolicy OWNER TO authentik;

--
-- Name: authentik_policies_hibp_haveibeenpwendpolicy; Type: TABLE; Schema: public; Owner: authentik
--

CREATE TABLE public.authentik_policies_hibp_haveibeenpwendpolicy (
    policy_ptr_id uuid NOT NULL,
    allowed_count integer NOT NULL,
    password_field text NOT NULL
);


ALTER TABLE public.authentik_policies_hibp_haveibeenpwendpolicy OWNER TO authentik;

--
-- Name: authentik_policies_password_passwordpolicy; Type: TABLE; Schema: public; Owner: authentik
--

CREATE TABLE public.authentik_policies_password_passwordpolicy (
    policy_ptr_id uuid NOT NULL,
    amount_uppercase integer NOT NULL,
    amount_lowercase integer NOT NULL,
    amount_symbols integer NOT NULL,
    length_min integer NOT NULL,
    symbol_charset text NOT NULL,
    error_message text NOT NULL,
    password_field text NOT NULL,
    amount_digits integer NOT NULL,
    CONSTRAINT authentik_policies_pass_amount_lowercase_9d79427e_check CHECK ((amount_lowercase >= 0)),
    CONSTRAINT authentik_policies_pass_amount_symbols_d57af249_check CHECK ((amount_symbols >= 0)),
    CONSTRAINT authentik_policies_pass_amount_uppercase_7c908a32_check CHECK ((amount_uppercase >= 0)),
    CONSTRAINT authentik_policies_pass_length_min_7acd2128_check CHECK ((length_min >= 0)),
    CONSTRAINT authentik_policies_password_passwordpolicy_amount_digits_check CHECK ((amount_digits >= 0))
);


ALTER TABLE public.authentik_policies_password_passwordpolicy OWNER TO authentik;

--
-- Name: authentik_policies_policy; Type: TABLE; Schema: public; Owner: authentik
--

CREATE TABLE public.authentik_policies_policy (
    created timestamp with time zone NOT NULL,
    last_updated timestamp with time zone NOT NULL,
    policy_uuid uuid NOT NULL,
    name text,
    execution_logging boolean NOT NULL
);


ALTER TABLE public.authentik_policies_policy OWNER TO authentik;

--
-- Name: authentik_policies_policybinding; Type: TABLE; Schema: public; Owner: authentik
--

CREATE TABLE public.authentik_policies_policybinding (
    policy_binding_uuid uuid NOT NULL,
    enabled boolean NOT NULL,
    "order" integer NOT NULL,
    policy_id uuid,
    target_id uuid NOT NULL,
    negate boolean NOT NULL,
    timeout integer NOT NULL,
    group_id uuid,
    user_id integer
);


ALTER TABLE public.authentik_policies_policybinding OWNER TO authentik;

--
-- Name: authentik_policies_policybindingmodel; Type: TABLE; Schema: public; Owner: authentik
--

CREATE TABLE public.authentik_policies_policybindingmodel (
    pbm_uuid uuid NOT NULL,
    policy_engine_mode text NOT NULL
);


ALTER TABLE public.authentik_policies_policybindingmodel OWNER TO authentik;

--
-- Name: authentik_policies_reputation_reputation; Type: TABLE; Schema: public; Owner: authentik
--

CREATE TABLE public.authentik_policies_reputation_reputation (
    reputation_uuid uuid NOT NULL,
    identifier text NOT NULL,
    ip inet NOT NULL,
    ip_geo_data jsonb NOT NULL,
    score bigint NOT NULL,
    updated timestamp with time zone NOT NULL
);


ALTER TABLE public.authentik_policies_reputation_reputation OWNER TO authentik;

--
-- Name: authentik_policies_reputation_reputationpolicy; Type: TABLE; Schema: public; Owner: authentik
--

CREATE TABLE public.authentik_policies_reputation_reputationpolicy (
    policy_ptr_id uuid NOT NULL,
    check_ip boolean NOT NULL,
    check_username boolean NOT NULL,
    threshold integer NOT NULL
);


ALTER TABLE public.authentik_policies_reputation_reputationpolicy OWNER TO authentik;

--
-- Name: authentik_providers_ldap_ldapprovider; Type: TABLE; Schema: public; Owner: authentik
--

CREATE TABLE public.authentik_providers_ldap_ldapprovider (
    provider_ptr_id integer NOT NULL,
    base_dn text NOT NULL,
    search_group_id uuid,
    certificate_id uuid,
    tls_server_name text NOT NULL,
    gid_start_number integer NOT NULL,
    uid_start_number integer NOT NULL,
    search_mode text NOT NULL
);


ALTER TABLE public.authentik_providers_ldap_ldapprovider OWNER TO authentik;

--
-- Name: authentik_providers_oauth2_authorizationcode; Type: TABLE; Schema: public; Owner: authentik
--

CREATE TABLE public.authentik_providers_oauth2_authorizationcode (
    id integer NOT NULL,
    expires timestamp with time zone NOT NULL,
    expiring boolean NOT NULL,
    _scope text NOT NULL,
    code character varying(255) NOT NULL,
    nonce text,
    is_open_id boolean NOT NULL,
    code_challenge character varying(255),
    code_challenge_method character varying(255),
    provider_id integer NOT NULL,
    user_id integer NOT NULL,
    revoked boolean NOT NULL
);


ALTER TABLE public.authentik_providers_oauth2_authorizationcode OWNER TO authentik;

--
-- Name: authentik_providers_oauth2_authorizationcode_id_seq; Type: SEQUENCE; Schema: public; Owner: authentik
--

CREATE SEQUENCE public.authentik_providers_oauth2_authorizationcode_id_seq
    AS integer
    START WITH 1
    INCREMENT BY 1
    NO MINVALUE
    NO MAXVALUE
    CACHE 1;


ALTER TABLE public.authentik_providers_oauth2_authorizationcode_id_seq OWNER TO authentik;

--
-- Name: authentik_providers_oauth2_authorizationcode_id_seq; Type: SEQUENCE OWNED BY; Schema: public; Owner: authentik
--

ALTER SEQUENCE public.authentik_providers_oauth2_authorizationcode_id_seq OWNED BY public.authentik_providers_oauth2_authorizationcode.id;


--
-- Name: authentik_providers_oauth2_oauth2provider; Type: TABLE; Schema: public; Owner: authentik
--

CREATE TABLE public.authentik_providers_oauth2_oauth2provider (
    provider_ptr_id integer NOT NULL,
    client_type character varying(30) NOT NULL,
    client_id character varying(255) NOT NULL,
    client_secret character varying(255) NOT NULL,
    redirect_uris text NOT NULL,
    include_claims_in_id_token boolean NOT NULL,
    token_validity text NOT NULL,
    signing_key_id uuid,
    sub_mode text NOT NULL,
    issuer_mode text NOT NULL,
    access_code_validity text NOT NULL
);


ALTER TABLE public.authentik_providers_oauth2_oauth2provider OWNER TO authentik;

--
-- Name: authentik_providers_oauth2_refreshtoken; Type: TABLE; Schema: public; Owner: authentik
--

CREATE TABLE public.authentik_providers_oauth2_refreshtoken (
    id integer NOT NULL,
    expires timestamp with time zone NOT NULL,
    expiring boolean NOT NULL,
    _scope text NOT NULL,
    access_token text NOT NULL,
    refresh_token character varying(255) NOT NULL,
    _id_token text NOT NULL,
    provider_id integer NOT NULL,
    user_id integer NOT NULL,
    revoked boolean NOT NULL
);


ALTER TABLE public.authentik_providers_oauth2_refreshtoken OWNER TO authentik;

--
-- Name: authentik_providers_oauth2_refreshtoken_id_seq; Type: SEQUENCE; Schema: public; Owner: authentik
--

CREATE SEQUENCE public.authentik_providers_oauth2_refreshtoken_id_seq
    AS integer
    START WITH 1
    INCREMENT BY 1
    NO MINVALUE
    NO MAXVALUE
    CACHE 1;


ALTER TABLE public.authentik_providers_oauth2_refreshtoken_id_seq OWNER TO authentik;

--
-- Name: authentik_providers_oauth2_refreshtoken_id_seq; Type: SEQUENCE OWNED BY; Schema: public; Owner: authentik
--

ALTER SEQUENCE public.authentik_providers_oauth2_refreshtoken_id_seq OWNED BY public.authentik_providers_oauth2_refreshtoken.id;


--
-- Name: authentik_providers_oauth2_scopemapping; Type: TABLE; Schema: public; Owner: authentik
--

CREATE TABLE public.authentik_providers_oauth2_scopemapping (
    propertymapping_ptr_id uuid NOT NULL,
    scope_name text NOT NULL,
    description text NOT NULL
);


ALTER TABLE public.authentik_providers_oauth2_scopemapping OWNER TO authentik;

--
-- Name: authentik_providers_proxy_proxyprovider; Type: TABLE; Schema: public; Owner: authentik
--

CREATE TABLE public.authentik_providers_proxy_proxyprovider (
    oauth2provider_ptr_id integer NOT NULL,
    internal_host text NOT NULL,
    external_host text NOT NULL,
    cookie_secret text NOT NULL,
    certificate_id uuid,
    skip_path_regex text NOT NULL,
    internal_host_ssl_validation boolean NOT NULL,
    basic_auth_enabled boolean NOT NULL,
    basic_auth_password_attribute text NOT NULL,
    basic_auth_user_attribute text NOT NULL,
    cookie_domain text NOT NULL,
    mode text NOT NULL
);


ALTER TABLE public.authentik_providers_proxy_proxyprovider OWNER TO authentik;

--
-- Name: authentik_providers_saml_samlpropertymapping; Type: TABLE; Schema: public; Owner: authentik
--

CREATE TABLE public.authentik_providers_saml_samlpropertymapping (
    propertymapping_ptr_id uuid NOT NULL,
    saml_name text NOT NULL,
    friendly_name text
);


ALTER TABLE public.authentik_providers_saml_samlpropertymapping OWNER TO authentik;

--
-- Name: authentik_providers_saml_samlprovider; Type: TABLE; Schema: public; Owner: authentik
--

CREATE TABLE public.authentik_providers_saml_samlprovider (
    provider_ptr_id integer NOT NULL,
    acs_url character varying(200) NOT NULL,
    audience text NOT NULL,
    issuer text NOT NULL,
    assertion_valid_not_before text NOT NULL,
    assertion_valid_not_on_or_after text NOT NULL,
    session_valid_not_on_or_after text NOT NULL,
    digest_algorithm character varying(50) NOT NULL,
    signature_algorithm character varying(50) NOT NULL,
    signing_kp_id uuid,
    sp_binding text NOT NULL,
    verification_kp_id uuid,
    name_id_mapping_id uuid
);


ALTER TABLE public.authentik_providers_saml_samlprovider OWNER TO authentik;

--
-- Name: authentik_sources_ldap_ldappropertymapping; Type: TABLE; Schema: public; Owner: authentik
--

CREATE TABLE public.authentik_sources_ldap_ldappropertymapping (
    propertymapping_ptr_id uuid NOT NULL,
    object_field text NOT NULL
);


ALTER TABLE public.authentik_sources_ldap_ldappropertymapping OWNER TO authentik;

--
-- Name: authentik_sources_ldap_ldapsource; Type: TABLE; Schema: public; Owner: authentik
--

CREATE TABLE public.authentik_sources_ldap_ldapsource (
    source_ptr_id uuid NOT NULL,
    server_uri text NOT NULL,
    bind_cn text NOT NULL,
    bind_password text NOT NULL,
    start_tls boolean NOT NULL,
    base_dn text NOT NULL,
    additional_user_dn text NOT NULL,
    additional_group_dn text NOT NULL,
    user_object_filter text NOT NULL,
    group_object_filter text NOT NULL,
    object_uniqueness_field text NOT NULL,
    sync_groups boolean NOT NULL,
    sync_parent_group_id uuid,
    sync_users boolean NOT NULL,
    sync_users_password boolean NOT NULL,
    group_membership_field text NOT NULL,
    peer_certificate_id uuid
);


ALTER TABLE public.authentik_sources_ldap_ldapsource OWNER TO authentik;

--
-- Name: authentik_sources_ldap_ldapsource_property_mappings_group; Type: TABLE; Schema: public; Owner: authentik
--

CREATE TABLE public.authentik_sources_ldap_ldapsource_property_mappings_group (
    id integer NOT NULL,
    ldapsource_id uuid NOT NULL,
    propertymapping_id uuid NOT NULL
);


ALTER TABLE public.authentik_sources_ldap_ldapsource_property_mappings_group OWNER TO authentik;

--
-- Name: authentik_sources_ldap_ldapsource_property_mappings_grou_id_seq; Type: SEQUENCE; Schema: public; Owner: authentik
--

CREATE SEQUENCE public.authentik_sources_ldap_ldapsource_property_mappings_grou_id_seq
    AS integer
    START WITH 1
    INCREMENT BY 1
    NO MINVALUE
    NO MAXVALUE
    CACHE 1;


ALTER TABLE public.authentik_sources_ldap_ldapsource_property_mappings_grou_id_seq OWNER TO authentik;

--
-- Name: authentik_sources_ldap_ldapsource_property_mappings_grou_id_seq; Type: SEQUENCE OWNED BY; Schema: public; Owner: authentik
--

ALTER SEQUENCE public.authentik_sources_ldap_ldapsource_property_mappings_grou_id_seq OWNED BY public.authentik_sources_ldap_ldapsource_property_mappings_group.id;


--
-- Name: authentik_sources_oauth_oauthsource; Type: TABLE; Schema: public; Owner: authentik
--

CREATE TABLE public.authentik_sources_oauth_oauthsource (
    source_ptr_id uuid NOT NULL,
    provider_type character varying(255) NOT NULL,
    request_token_url character varying(255),
    authorization_url character varying(255),
    access_token_url character varying(255),
    profile_url character varying(255),
    consumer_key text NOT NULL,
    consumer_secret text NOT NULL,
    additional_scopes text NOT NULL
);


ALTER TABLE public.authentik_sources_oauth_oauthsource OWNER TO authentik;

--
-- Name: authentik_sources_oauth_useroauthsourceconnection; Type: TABLE; Schema: public; Owner: authentik
--

CREATE TABLE public.authentik_sources_oauth_useroauthsourceconnection (
    usersourceconnection_ptr_id integer NOT NULL,
    identifier character varying(255) NOT NULL,
    access_token text
);


ALTER TABLE public.authentik_sources_oauth_useroauthsourceconnection OWNER TO authentik;

--
-- Name: authentik_sources_plex_plexsource; Type: TABLE; Schema: public; Owner: authentik
--

CREATE TABLE public.authentik_sources_plex_plexsource (
    source_ptr_id uuid NOT NULL,
    client_id text NOT NULL,
    allowed_servers text[] NOT NULL,
    allow_friends boolean NOT NULL,
    plex_token text NOT NULL
);


ALTER TABLE public.authentik_sources_plex_plexsource OWNER TO authentik;

--
-- Name: authentik_sources_plex_plexsourceconnection; Type: TABLE; Schema: public; Owner: authentik
--

CREATE TABLE public.authentik_sources_plex_plexsourceconnection (
    usersourceconnection_ptr_id integer NOT NULL,
    plex_token text NOT NULL,
    identifier text NOT NULL
);


ALTER TABLE public.authentik_sources_plex_plexsourceconnection OWNER TO authentik;

--
-- Name: authentik_sources_saml_samlsource; Type: TABLE; Schema: public; Owner: authentik
--

CREATE TABLE public.authentik_sources_saml_samlsource (
    source_ptr_id uuid NOT NULL,
    issuer text NOT NULL,
    sso_url character varying(200) NOT NULL,
    slo_url character varying(200),
    signing_kp_id uuid,
    binding_type character varying(100) NOT NULL,
    temporary_user_delete_after text NOT NULL,
    name_id_policy text NOT NULL,
    allow_idp_initiated boolean NOT NULL,
    digest_algorithm character varying(50) NOT NULL,
    signature_algorithm character varying(50) NOT NULL,
    pre_authentication_flow_id uuid NOT NULL
);


ALTER TABLE public.authentik_sources_saml_samlsource OWNER TO authentik;

--
-- Name: authentik_stages_authenticator_duo_authenticatorduostage; Type: TABLE; Schema: public; Owner: authentik
--

CREATE TABLE public.authentik_stages_authenticator_duo_authenticatorduostage (
    stage_ptr_id uuid NOT NULL,
    client_id text NOT NULL,
    client_secret text NOT NULL,
    api_hostname text NOT NULL,
    configure_flow_id uuid
);


ALTER TABLE public.authentik_stages_authenticator_duo_authenticatorduostage OWNER TO authentik;

--
-- Name: authentik_stages_authenticator_duo_duodevice; Type: TABLE; Schema: public; Owner: authentik
--

CREATE TABLE public.authentik_stages_authenticator_duo_duodevice (
    id integer NOT NULL,
    name character varying(64) NOT NULL,
    confirmed boolean NOT NULL,
    duo_user_id text NOT NULL,
    stage_id uuid NOT NULL,
    user_id integer NOT NULL
);


ALTER TABLE public.authentik_stages_authenticator_duo_duodevice OWNER TO authentik;

--
-- Name: authentik_stages_authenticator_duo_duodevice_id_seq; Type: SEQUENCE; Schema: public; Owner: authentik
--

CREATE SEQUENCE public.authentik_stages_authenticator_duo_duodevice_id_seq
    AS integer
    START WITH 1
    INCREMENT BY 1
    NO MINVALUE
    NO MAXVALUE
    CACHE 1;


ALTER TABLE public.authentik_stages_authenticator_duo_duodevice_id_seq OWNER TO authentik;

--
-- Name: authentik_stages_authenticator_duo_duodevice_id_seq; Type: SEQUENCE OWNED BY; Schema: public; Owner: authentik
--

ALTER SEQUENCE public.authentik_stages_authenticator_duo_duodevice_id_seq OWNED BY public.authentik_stages_authenticator_duo_duodevice.id;


--
-- Name: authentik_stages_authenticator_sms_authenticatorsmsstage; Type: TABLE; Schema: public; Owner: authentik
--

CREATE TABLE public.authentik_stages_authenticator_sms_authenticatorsmsstage (
    stage_ptr_id uuid NOT NULL,
    provider text NOT NULL,
    account_sid text NOT NULL,
    auth text NOT NULL,
    configure_flow_id uuid,
    from_number text NOT NULL,
    auth_password text NOT NULL,
    auth_type text NOT NULL
);


ALTER TABLE public.authentik_stages_authenticator_sms_authenticatorsmsstage OWNER TO authentik;

--
-- Name: authentik_stages_authenticator_sms_smsdevice; Type: TABLE; Schema: public; Owner: authentik
--

CREATE TABLE public.authentik_stages_authenticator_sms_smsdevice (
    id integer NOT NULL,
    name character varying(64) NOT NULL,
    confirmed boolean NOT NULL,
    token character varying(16),
    valid_until timestamp with time zone NOT NULL,
    phone_number text NOT NULL,
    stage_id uuid NOT NULL,
    user_id integer NOT NULL
);


ALTER TABLE public.authentik_stages_authenticator_sms_smsdevice OWNER TO authentik;

--
-- Name: authentik_stages_authenticator_sms_smsdevice_id_seq; Type: SEQUENCE; Schema: public; Owner: authentik
--

CREATE SEQUENCE public.authentik_stages_authenticator_sms_smsdevice_id_seq
    AS integer
    START WITH 1
    INCREMENT BY 1
    NO MINVALUE
    NO MAXVALUE
    CACHE 1;


ALTER TABLE public.authentik_stages_authenticator_sms_smsdevice_id_seq OWNER TO authentik;

--
-- Name: authentik_stages_authenticator_sms_smsdevice_id_seq; Type: SEQUENCE OWNED BY; Schema: public; Owner: authentik
--

ALTER SEQUENCE public.authentik_stages_authenticator_sms_smsdevice_id_seq OWNED BY public.authentik_stages_authenticator_sms_smsdevice.id;


--
-- Name: authentik_stages_authenticator_static_authenticatorstaticstage; Type: TABLE; Schema: public; Owner: authentik
--

CREATE TABLE public.authentik_stages_authenticator_static_authenticatorstaticstage (
    stage_ptr_id uuid NOT NULL,
    token_count integer NOT NULL,
    configure_flow_id uuid
);


ALTER TABLE public.authentik_stages_authenticator_static_authenticatorstaticstage OWNER TO authentik;

--
-- Name: authentik_stages_authenticator_totp_authenticatortotpstage; Type: TABLE; Schema: public; Owner: authentik
--

CREATE TABLE public.authentik_stages_authenticator_totp_authenticatortotpstage (
    stage_ptr_id uuid NOT NULL,
    digits integer NOT NULL,
    configure_flow_id uuid
);


ALTER TABLE public.authentik_stages_authenticator_totp_authenticatortotpstage OWNER TO authentik;

--
-- Name: authentik_stages_authenticator_validate_authenticatorvalida499c; Type: TABLE; Schema: public; Owner: authentik
--

CREATE TABLE public.authentik_stages_authenticator_validate_authenticatorvalida499c (
    stage_ptr_id uuid NOT NULL,
    not_configured_action text NOT NULL,
    device_classes text[] NOT NULL,
    configuration_stage_id uuid
);


ALTER TABLE public.authentik_stages_authenticator_validate_authenticatorvalida499c OWNER TO authentik;

--
-- Name: authentik_stages_authenticator_webauthn_authenticatewebauth4bbe; Type: TABLE; Schema: public; Owner: authentik
--

CREATE TABLE public.authentik_stages_authenticator_webauthn_authenticatewebauth4bbe (
    stage_ptr_id uuid NOT NULL,
    configure_flow_id uuid,
    user_verification text NOT NULL
);


ALTER TABLE public.authentik_stages_authenticator_webauthn_authenticatewebauth4bbe OWNER TO authentik;

--
-- Name: authentik_stages_authenticator_webauthn_webauthndevice; Type: TABLE; Schema: public; Owner: authentik
--

CREATE TABLE public.authentik_stages_authenticator_webauthn_webauthndevice (
    id integer NOT NULL,
    name text NOT NULL,
    credential_id character varying(300) NOT NULL,
    public_key text NOT NULL,
    sign_count integer NOT NULL,
    rp_id character varying(253) NOT NULL,
    created_on timestamp with time zone NOT NULL,
    last_used_on timestamp with time zone NOT NULL,
    user_id integer NOT NULL,
    confirmed boolean NOT NULL
);


ALTER TABLE public.authentik_stages_authenticator_webauthn_webauthndevice OWNER TO authentik;

--
-- Name: authentik_stages_authenticator_webauthn_webauthndevice_id_seq; Type: SEQUENCE; Schema: public; Owner: authentik
--

CREATE SEQUENCE public.authentik_stages_authenticator_webauthn_webauthndevice_id_seq
    AS integer
    START WITH 1
    INCREMENT BY 1
    NO MINVALUE
    NO MAXVALUE
    CACHE 1;


ALTER TABLE public.authentik_stages_authenticator_webauthn_webauthndevice_id_seq OWNER TO authentik;

--
-- Name: authentik_stages_authenticator_webauthn_webauthndevice_id_seq; Type: SEQUENCE OWNED BY; Schema: public; Owner: authentik
--

ALTER SEQUENCE public.authentik_stages_authenticator_webauthn_webauthndevice_id_seq OWNED BY public.authentik_stages_authenticator_webauthn_webauthndevice.id;


--
-- Name: authentik_stages_captcha_captchastage; Type: TABLE; Schema: public; Owner: authentik
--

CREATE TABLE public.authentik_stages_captcha_captchastage (
    stage_ptr_id uuid NOT NULL,
    public_key text NOT NULL,
    private_key text NOT NULL
);


ALTER TABLE public.authentik_stages_captcha_captchastage OWNER TO authentik;

--
-- Name: authentik_stages_consent_consentstage; Type: TABLE; Schema: public; Owner: authentik
--

CREATE TABLE public.authentik_stages_consent_consentstage (
    stage_ptr_id uuid NOT NULL,
    consent_expire_in text NOT NULL,
    mode text NOT NULL
);


ALTER TABLE public.authentik_stages_consent_consentstage OWNER TO authentik;

--
-- Name: authentik_stages_consent_userconsent; Type: TABLE; Schema: public; Owner: authentik
--

CREATE TABLE public.authentik_stages_consent_userconsent (
    id integer NOT NULL,
    expires timestamp with time zone NOT NULL,
    expiring boolean NOT NULL,
    application_id uuid NOT NULL,
    user_id integer NOT NULL
);


ALTER TABLE public.authentik_stages_consent_userconsent OWNER TO authentik;

--
-- Name: authentik_stages_consent_userconsent_id_seq; Type: SEQUENCE; Schema: public; Owner: authentik
--

CREATE SEQUENCE public.authentik_stages_consent_userconsent_id_seq
    AS integer
    START WITH 1
    INCREMENT BY 1
    NO MINVALUE
    NO MAXVALUE
    CACHE 1;


ALTER TABLE public.authentik_stages_consent_userconsent_id_seq OWNER TO authentik;

--
-- Name: authentik_stages_consent_userconsent_id_seq; Type: SEQUENCE OWNED BY; Schema: public; Owner: authentik
--

ALTER SEQUENCE public.authentik_stages_consent_userconsent_id_seq OWNED BY public.authentik_stages_consent_userconsent.id;


--
-- Name: authentik_stages_deny_denystage; Type: TABLE; Schema: public; Owner: authentik
--

CREATE TABLE public.authentik_stages_deny_denystage (
    stage_ptr_id uuid NOT NULL
);


ALTER TABLE public.authentik_stages_deny_denystage OWNER TO authentik;

--
-- Name: authentik_stages_dummy_dummystage; Type: TABLE; Schema: public; Owner: authentik
--

CREATE TABLE public.authentik_stages_dummy_dummystage (
    stage_ptr_id uuid NOT NULL
);


ALTER TABLE public.authentik_stages_dummy_dummystage OWNER TO authentik;

--
-- Name: authentik_stages_email_emailstage; Type: TABLE; Schema: public; Owner: authentik
--

CREATE TABLE public.authentik_stages_email_emailstage (
    stage_ptr_id uuid NOT NULL,
    host text NOT NULL,
    port integer NOT NULL,
    username text NOT NULL,
    password text NOT NULL,
    use_tls boolean NOT NULL,
    use_ssl boolean NOT NULL,
    timeout integer NOT NULL,
    from_address character varying(254) NOT NULL,
    token_expiry integer NOT NULL,
    subject text NOT NULL,
    template text NOT NULL,
    use_global_settings boolean NOT NULL,
    activate_user_on_success boolean NOT NULL
);


ALTER TABLE public.authentik_stages_email_emailstage OWNER TO authentik;

--
-- Name: authentik_stages_identification_identificationstage; Type: TABLE; Schema: public; Owner: authentik
--

CREATE TABLE public.authentik_stages_identification_identificationstage (
    stage_ptr_id uuid NOT NULL,
    user_fields character varying(100)[] NOT NULL,
    enrollment_flow_id uuid,
    recovery_flow_id uuid,
    case_insensitive_matching boolean NOT NULL,
    show_matched_user boolean NOT NULL,
    password_stage_id uuid,
    show_source_labels boolean NOT NULL,
    passwordless_flow_id uuid
);


ALTER TABLE public.authentik_stages_identification_identificationstage OWNER TO authentik;

--
-- Name: authentik_stages_identification_identificationstage_sources; Type: TABLE; Schema: public; Owner: authentik
--

CREATE TABLE public.authentik_stages_identification_identificationstage_sources (
    id integer NOT NULL,
    identificationstage_id uuid NOT NULL,
    source_id uuid NOT NULL
);


ALTER TABLE public.authentik_stages_identification_identificationstage_sources OWNER TO authentik;

--
-- Name: authentik_stages_identification_identificationstage_sour_id_seq; Type: SEQUENCE; Schema: public; Owner: authentik
--

CREATE SEQUENCE public.authentik_stages_identification_identificationstage_sour_id_seq
    AS integer
    START WITH 1
    INCREMENT BY 1
    NO MINVALUE
    NO MAXVALUE
    CACHE 1;


ALTER TABLE public.authentik_stages_identification_identificationstage_sour_id_seq OWNER TO authentik;

--
-- Name: authentik_stages_identification_identificationstage_sour_id_seq; Type: SEQUENCE OWNED BY; Schema: public; Owner: authentik
--

ALTER SEQUENCE public.authentik_stages_identification_identificationstage_sour_id_seq OWNED BY public.authentik_stages_identification_identificationstage_sources.id;


--
-- Name: authentik_stages_invitation_invitation; Type: TABLE; Schema: public; Owner: authentik
--

CREATE TABLE public.authentik_stages_invitation_invitation (
    invite_uuid uuid NOT NULL,
    expires timestamp with time zone NOT NULL,
    fixed_data jsonb NOT NULL,
    created_by_id integer NOT NULL,
    single_use boolean NOT NULL,
    expiring boolean NOT NULL
);


ALTER TABLE public.authentik_stages_invitation_invitation OWNER TO authentik;

--
-- Name: authentik_stages_invitation_invitationstage; Type: TABLE; Schema: public; Owner: authentik
--

CREATE TABLE public.authentik_stages_invitation_invitationstage (
    stage_ptr_id uuid NOT NULL,
    continue_flow_without_invitation boolean NOT NULL
);


ALTER TABLE public.authentik_stages_invitation_invitationstage OWNER TO authentik;

--
-- Name: authentik_stages_password_passwordstage; Type: TABLE; Schema: public; Owner: authentik
--

CREATE TABLE public.authentik_stages_password_passwordstage (
    stage_ptr_id uuid NOT NULL,
    backends text[] NOT NULL,
    configure_flow_id uuid,
    failed_attempts_before_cancel integer NOT NULL
);


ALTER TABLE public.authentik_stages_password_passwordstage OWNER TO authentik;

--
-- Name: authentik_stages_prompt_prompt; Type: TABLE; Schema: public; Owner: authentik
--

CREATE TABLE public.authentik_stages_prompt_prompt (
    prompt_uuid uuid NOT NULL,
    field_key text NOT NULL,
    label text NOT NULL,
    type character varying(100) NOT NULL,
    required boolean NOT NULL,
    placeholder text NOT NULL,
    "order" integer NOT NULL,
    sub_text text NOT NULL
);


ALTER TABLE public.authentik_stages_prompt_prompt OWNER TO authentik;

--
-- Name: authentik_stages_prompt_promptstage; Type: TABLE; Schema: public; Owner: authentik
--

CREATE TABLE public.authentik_stages_prompt_promptstage (
    stage_ptr_id uuid NOT NULL
);


ALTER TABLE public.authentik_stages_prompt_promptstage OWNER TO authentik;

--
-- Name: authentik_stages_prompt_promptstage_fields; Type: TABLE; Schema: public; Owner: authentik
--

CREATE TABLE public.authentik_stages_prompt_promptstage_fields (
    id integer NOT NULL,
    promptstage_id uuid NOT NULL,
    prompt_id uuid NOT NULL
);


ALTER TABLE public.authentik_stages_prompt_promptstage_fields OWNER TO authentik;

--
-- Name: authentik_stages_prompt_promptstage_fields_id_seq; Type: SEQUENCE; Schema: public; Owner: authentik
--

CREATE SEQUENCE public.authentik_stages_prompt_promptstage_fields_id_seq
    AS integer
    START WITH 1
    INCREMENT BY 1
    NO MINVALUE
    NO MAXVALUE
    CACHE 1;


ALTER TABLE public.authentik_stages_prompt_promptstage_fields_id_seq OWNER TO authentik;

--
-- Name: authentik_stages_prompt_promptstage_fields_id_seq; Type: SEQUENCE OWNED BY; Schema: public; Owner: authentik
--

ALTER SEQUENCE public.authentik_stages_prompt_promptstage_fields_id_seq OWNED BY public.authentik_stages_prompt_promptstage_fields.id;


--
-- Name: authentik_stages_prompt_promptstage_validation_policies; Type: TABLE; Schema: public; Owner: authentik
--

CREATE TABLE public.authentik_stages_prompt_promptstage_validation_policies (
    id integer NOT NULL,
    promptstage_id uuid NOT NULL,
    policy_id uuid NOT NULL
);


ALTER TABLE public.authentik_stages_prompt_promptstage_validation_policies OWNER TO authentik;

--
-- Name: authentik_stages_prompt_promptstage_validation_policies_id_seq; Type: SEQUENCE; Schema: public; Owner: authentik
--

CREATE SEQUENCE public.authentik_stages_prompt_promptstage_validation_policies_id_seq
    AS integer
    START WITH 1
    INCREMENT BY 1
    NO MINVALUE
    NO MAXVALUE
    CACHE 1;


ALTER TABLE public.authentik_stages_prompt_promptstage_validation_policies_id_seq OWNER TO authentik;

--
-- Name: authentik_stages_prompt_promptstage_validation_policies_id_seq; Type: SEQUENCE OWNED BY; Schema: public; Owner: authentik
--

ALTER SEQUENCE public.authentik_stages_prompt_promptstage_validation_policies_id_seq OWNED BY public.authentik_stages_prompt_promptstage_validation_policies.id;


--
-- Name: authentik_stages_user_delete_userdeletestage; Type: TABLE; Schema: public; Owner: authentik
--

CREATE TABLE public.authentik_stages_user_delete_userdeletestage (
    stage_ptr_id uuid NOT NULL
);


ALTER TABLE public.authentik_stages_user_delete_userdeletestage OWNER TO authentik;

--
-- Name: authentik_stages_user_login_userloginstage; Type: TABLE; Schema: public; Owner: authentik
--

CREATE TABLE public.authentik_stages_user_login_userloginstage (
    stage_ptr_id uuid NOT NULL,
    session_duration text NOT NULL
);


ALTER TABLE public.authentik_stages_user_login_userloginstage OWNER TO authentik;

--
-- Name: authentik_stages_user_logout_userlogoutstage; Type: TABLE; Schema: public; Owner: authentik
--

CREATE TABLE public.authentik_stages_user_logout_userlogoutstage (
    stage_ptr_id uuid NOT NULL
);


ALTER TABLE public.authentik_stages_user_logout_userlogoutstage OWNER TO authentik;

--
-- Name: authentik_stages_user_write_userwritestage; Type: TABLE; Schema: public; Owner: authentik
--

CREATE TABLE public.authentik_stages_user_write_userwritestage (
    stage_ptr_id uuid NOT NULL,
    create_users_as_inactive boolean NOT NULL,
    create_users_group_id uuid
);


ALTER TABLE public.authentik_stages_user_write_userwritestage OWNER TO authentik;

--
-- Name: authentik_tenants_tenant; Type: TABLE; Schema: public; Owner: authentik
--

CREATE TABLE public.authentik_tenants_tenant (
    tenant_uuid uuid NOT NULL,
    domain text NOT NULL,
    "default" boolean NOT NULL,
    branding_title text NOT NULL,
    branding_logo text NOT NULL,
    flow_authentication_id uuid,
    flow_invalidation_id uuid,
    flow_recovery_id uuid,
    flow_unenrollment_id uuid,
    branding_favicon text NOT NULL,
    event_retention text NOT NULL,
    web_certificate_id uuid
);


ALTER TABLE public.authentik_tenants_tenant OWNER TO authentik;

--
-- Name: django_content_type; Type: TABLE; Schema: public; Owner: authentik
--

CREATE TABLE public.django_content_type (
    id integer NOT NULL,
    app_label character varying(100) NOT NULL,
    model character varying(100) NOT NULL
);


ALTER TABLE public.django_content_type OWNER TO authentik;

--
-- Name: django_content_type_id_seq; Type: SEQUENCE; Schema: public; Owner: authentik
--

CREATE SEQUENCE public.django_content_type_id_seq
    AS integer
    START WITH 1
    INCREMENT BY 1
    NO MINVALUE
    NO MAXVALUE
    CACHE 1;


ALTER TABLE public.django_content_type_id_seq OWNER TO authentik;

--
-- Name: django_content_type_id_seq; Type: SEQUENCE OWNED BY; Schema: public; Owner: authentik
--

ALTER SEQUENCE public.django_content_type_id_seq OWNED BY public.django_content_type.id;


--
-- Name: django_migrations; Type: TABLE; Schema: public; Owner: authentik
--

CREATE TABLE public.django_migrations (
    id integer NOT NULL,
    app character varying(255) NOT NULL,
    name character varying(255) NOT NULL,
    applied timestamp with time zone NOT NULL
);


ALTER TABLE public.django_migrations OWNER TO authentik;

--
-- Name: django_migrations_id_seq; Type: SEQUENCE; Schema: public; Owner: authentik
--

CREATE SEQUENCE public.django_migrations_id_seq
    AS integer
    START WITH 1
    INCREMENT BY 1
    NO MINVALUE
    NO MAXVALUE
    CACHE 1;


ALTER TABLE public.django_migrations_id_seq OWNER TO authentik;

--
-- Name: django_migrations_id_seq; Type: SEQUENCE OWNED BY; Schema: public; Owner: authentik
--

ALTER SEQUENCE public.django_migrations_id_seq OWNED BY public.django_migrations.id;


--
-- Name: django_session; Type: TABLE; Schema: public; Owner: authentik
--

CREATE TABLE public.django_session (
    session_key character varying(40) NOT NULL,
    session_data text NOT NULL,
    expire_date timestamp with time zone NOT NULL
);


ALTER TABLE public.django_session OWNER TO authentik;

--
-- Name: guardian_groupobjectpermission; Type: TABLE; Schema: public; Owner: authentik
--

CREATE TABLE public.guardian_groupobjectpermission (
    id integer NOT NULL,
    object_pk character varying(255) NOT NULL,
    content_type_id integer NOT NULL,
    group_id integer NOT NULL,
    permission_id integer NOT NULL
);


ALTER TABLE public.guardian_groupobjectpermission OWNER TO authentik;

--
-- Name: guardian_groupobjectpermission_id_seq; Type: SEQUENCE; Schema: public; Owner: authentik
--

CREATE SEQUENCE public.guardian_groupobjectpermission_id_seq
    AS integer
    START WITH 1
    INCREMENT BY 1
    NO MINVALUE
    NO MAXVALUE
    CACHE 1;


ALTER TABLE public.guardian_groupobjectpermission_id_seq OWNER TO authentik;

--
-- Name: guardian_groupobjectpermission_id_seq; Type: SEQUENCE OWNED BY; Schema: public; Owner: authentik
--

ALTER SEQUENCE public.guardian_groupobjectpermission_id_seq OWNED BY public.guardian_groupobjectpermission.id;


--
-- Name: guardian_userobjectpermission; Type: TABLE; Schema: public; Owner: authentik
--

CREATE TABLE public.guardian_userobjectpermission (
    id integer NOT NULL,
    object_pk character varying(255) NOT NULL,
    content_type_id integer NOT NULL,
    permission_id integer NOT NULL,
    user_id integer NOT NULL
);


ALTER TABLE public.guardian_userobjectpermission OWNER TO authentik;

--
-- Name: guardian_userobjectpermission_id_seq; Type: SEQUENCE; Schema: public; Owner: authentik
--

CREATE SEQUENCE public.guardian_userobjectpermission_id_seq
    AS integer
    START WITH 1
    INCREMENT BY 1
    NO MINVALUE
    NO MAXVALUE
    CACHE 1;


ALTER TABLE public.guardian_userobjectpermission_id_seq OWNER TO authentik;

--
-- Name: guardian_userobjectpermission_id_seq; Type: SEQUENCE OWNED BY; Schema: public; Owner: authentik
--

ALTER SEQUENCE public.guardian_userobjectpermission_id_seq OWNED BY public.guardian_userobjectpermission.id;


--
-- Name: otp_static_staticdevice; Type: TABLE; Schema: public; Owner: authentik
--

CREATE TABLE public.otp_static_staticdevice (
    id integer NOT NULL,
    name character varying(64) NOT NULL,
    confirmed boolean NOT NULL,
    user_id integer NOT NULL,
    throttling_failure_count integer NOT NULL,
    throttling_failure_timestamp timestamp with time zone,
    CONSTRAINT otp_static_staticdevice_throttling_failure_count_check CHECK ((throttling_failure_count >= 0))
);


ALTER TABLE public.otp_static_staticdevice OWNER TO authentik;

--
-- Name: otp_static_staticdevice_id_seq; Type: SEQUENCE; Schema: public; Owner: authentik
--

CREATE SEQUENCE public.otp_static_staticdevice_id_seq
    AS integer
    START WITH 1
    INCREMENT BY 1
    NO MINVALUE
    NO MAXVALUE
    CACHE 1;


ALTER TABLE public.otp_static_staticdevice_id_seq OWNER TO authentik;

--
-- Name: otp_static_staticdevice_id_seq; Type: SEQUENCE OWNED BY; Schema: public; Owner: authentik
--

ALTER SEQUENCE public.otp_static_staticdevice_id_seq OWNED BY public.otp_static_staticdevice.id;


--
-- Name: otp_static_statictoken; Type: TABLE; Schema: public; Owner: authentik
--

CREATE TABLE public.otp_static_statictoken (
    id integer NOT NULL,
    token character varying(16) NOT NULL,
    device_id integer NOT NULL
);


ALTER TABLE public.otp_static_statictoken OWNER TO authentik;

--
-- Name: otp_static_statictoken_id_seq; Type: SEQUENCE; Schema: public; Owner: authentik
--

CREATE SEQUENCE public.otp_static_statictoken_id_seq
    AS integer
    START WITH 1
    INCREMENT BY 1
    NO MINVALUE
    NO MAXVALUE
    CACHE 1;


ALTER TABLE public.otp_static_statictoken_id_seq OWNER TO authentik;

--
-- Name: otp_static_statictoken_id_seq; Type: SEQUENCE OWNED BY; Schema: public; Owner: authentik
--

ALTER SEQUENCE public.otp_static_statictoken_id_seq OWNED BY public.otp_static_statictoken.id;


--
-- Name: otp_totp_totpdevice; Type: TABLE; Schema: public; Owner: authentik
--

CREATE TABLE public.otp_totp_totpdevice (
    id integer NOT NULL,
    name character varying(64) NOT NULL,
    confirmed boolean NOT NULL,
    key character varying(80) NOT NULL,
    step smallint NOT NULL,
    t0 bigint NOT NULL,
    digits smallint NOT NULL,
    tolerance smallint NOT NULL,
    drift smallint NOT NULL,
    last_t bigint NOT NULL,
    user_id integer NOT NULL,
    throttling_failure_count integer NOT NULL,
    throttling_failure_timestamp timestamp with time zone,
    CONSTRAINT otp_totp_totpdevice_digits_check CHECK ((digits >= 0)),
    CONSTRAINT otp_totp_totpdevice_step_check CHECK ((step >= 0)),
    CONSTRAINT otp_totp_totpdevice_throttling_failure_count_check CHECK ((throttling_failure_count >= 0)),
    CONSTRAINT otp_totp_totpdevice_tolerance_check CHECK ((tolerance >= 0))
);


ALTER TABLE public.otp_totp_totpdevice OWNER TO authentik;

--
-- Name: otp_totp_totpdevice_id_seq; Type: SEQUENCE; Schema: public; Owner: authentik
--

CREATE SEQUENCE public.otp_totp_totpdevice_id_seq
    AS integer
    START WITH 1
    INCREMENT BY 1
    NO MINVALUE
    NO MAXVALUE
    CACHE 1;


ALTER TABLE public.otp_totp_totpdevice_id_seq OWNER TO authentik;

--
-- Name: otp_totp_totpdevice_id_seq; Type: SEQUENCE OWNED BY; Schema: public; Owner: authentik
--

ALTER SEQUENCE public.otp_totp_totpdevice_id_seq OWNED BY public.otp_totp_totpdevice.id;


--
-- Name: auth_group id; Type: DEFAULT; Schema: public; Owner: authentik
--

ALTER TABLE ONLY public.auth_group ALTER COLUMN id SET DEFAULT nextval('public.auth_group_id_seq'::regclass);


--
-- Name: auth_group_permissions id; Type: DEFAULT; Schema: public; Owner: authentik
--

ALTER TABLE ONLY public.auth_group_permissions ALTER COLUMN id SET DEFAULT nextval('public.auth_group_permissions_id_seq'::regclass);


--
-- Name: auth_permission id; Type: DEFAULT; Schema: public; Owner: authentik
--

ALTER TABLE ONLY public.auth_permission ALTER COLUMN id SET DEFAULT nextval('public.auth_permission_id_seq'::regclass);


--
-- Name: authentik_core_provider id; Type: DEFAULT; Schema: public; Owner: authentik
--

ALTER TABLE ONLY public.authentik_core_provider ALTER COLUMN id SET DEFAULT nextval('public.authentik_core_provider_id_seq'::regclass);


--
-- Name: authentik_core_provider_property_mappings id; Type: DEFAULT; Schema: public; Owner: authentik
--

ALTER TABLE ONLY public.authentik_core_provider_property_mappings ALTER COLUMN id SET DEFAULT nextval('public.authentik_core_provider_property_mappings_id_seq'::regclass);


--
-- Name: authentik_core_source_property_mappings id; Type: DEFAULT; Schema: public; Owner: authentik
--

ALTER TABLE ONLY public.authentik_core_source_property_mappings ALTER COLUMN id SET DEFAULT nextval('public.authentik_core_source_property_mappings_id_seq'::regclass);


--
-- Name: authentik_core_user id; Type: DEFAULT; Schema: public; Owner: authentik
--

ALTER TABLE ONLY public.authentik_core_user ALTER COLUMN id SET DEFAULT nextval('public.authentik_core_user_id_seq'::regclass);


--
-- Name: authentik_core_user_ak_groups id; Type: DEFAULT; Schema: public; Owner: authentik
--

ALTER TABLE ONLY public.authentik_core_user_ak_groups ALTER COLUMN id SET DEFAULT nextval('public.authentik_core_user_pb_groups_id_seq'::regclass);


--
-- Name: authentik_core_user_groups id; Type: DEFAULT; Schema: public; Owner: authentik
--

ALTER TABLE ONLY public.authentik_core_user_groups ALTER COLUMN id SET DEFAULT nextval('public.authentik_core_user_groups_id_seq'::regclass);


--
-- Name: authentik_core_user_user_permissions id; Type: DEFAULT; Schema: public; Owner: authentik
--

ALTER TABLE ONLY public.authentik_core_user_user_permissions ALTER COLUMN id SET DEFAULT nextval('public.authentik_core_user_user_permissions_id_seq'::regclass);


--
-- Name: authentik_core_usersourceconnection id; Type: DEFAULT; Schema: public; Owner: authentik
--

ALTER TABLE ONLY public.authentik_core_usersourceconnection ALTER COLUMN id SET DEFAULT nextval('public.authentik_core_usersourceconnection_id_seq'::regclass);


--
-- Name: authentik_events_notificationrule_transports id; Type: DEFAULT; Schema: public; Owner: authentik
--

ALTER TABLE ONLY public.authentik_events_notificationrule_transports ALTER COLUMN id SET DEFAULT nextval('public.authentik_events_notificationrule_transports_id_seq'::regclass);


--
-- Name: authentik_outposts_outpost_providers id; Type: DEFAULT; Schema: public; Owner: authentik
--

ALTER TABLE ONLY public.authentik_outposts_outpost_providers ALTER COLUMN id SET DEFAULT nextval('public.authentik_outposts_outpost_providers_id_seq'::regclass);


--
-- Name: authentik_providers_oauth2_authorizationcode id; Type: DEFAULT; Schema: public; Owner: authentik
--

ALTER TABLE ONLY public.authentik_providers_oauth2_authorizationcode ALTER COLUMN id SET DEFAULT nextval('public.authentik_providers_oauth2_authorizationcode_id_seq'::regclass);


--
-- Name: authentik_providers_oauth2_refreshtoken id; Type: DEFAULT; Schema: public; Owner: authentik
--

ALTER TABLE ONLY public.authentik_providers_oauth2_refreshtoken ALTER COLUMN id SET DEFAULT nextval('public.authentik_providers_oauth2_refreshtoken_id_seq'::regclass);


--
-- Name: authentik_sources_ldap_ldapsource_property_mappings_group id; Type: DEFAULT; Schema: public; Owner: authentik
--

ALTER TABLE ONLY public.authentik_sources_ldap_ldapsource_property_mappings_group ALTER COLUMN id SET DEFAULT nextval('public.authentik_sources_ldap_ldapsource_property_mappings_grou_id_seq'::regclass);


--
-- Name: authentik_stages_authenticator_duo_duodevice id; Type: DEFAULT; Schema: public; Owner: authentik
--

ALTER TABLE ONLY public.authentik_stages_authenticator_duo_duodevice ALTER COLUMN id SET DEFAULT nextval('public.authentik_stages_authenticator_duo_duodevice_id_seq'::regclass);


--
-- Name: authentik_stages_authenticator_sms_smsdevice id; Type: DEFAULT; Schema: public; Owner: authentik
--

ALTER TABLE ONLY public.authentik_stages_authenticator_sms_smsdevice ALTER COLUMN id SET DEFAULT nextval('public.authentik_stages_authenticator_sms_smsdevice_id_seq'::regclass);


--
-- Name: authentik_stages_authenticator_webauthn_webauthndevice id; Type: DEFAULT; Schema: public; Owner: authentik
--

ALTER TABLE ONLY public.authentik_stages_authenticator_webauthn_webauthndevice ALTER COLUMN id SET DEFAULT nextval('public.authentik_stages_authenticator_webauthn_webauthndevice_id_seq'::regclass);


--
-- Name: authentik_stages_consent_userconsent id; Type: DEFAULT; Schema: public; Owner: authentik
--

ALTER TABLE ONLY public.authentik_stages_consent_userconsent ALTER COLUMN id SET DEFAULT nextval('public.authentik_stages_consent_userconsent_id_seq'::regclass);


--
-- Name: authentik_stages_identification_identificationstage_sources id; Type: DEFAULT; Schema: public; Owner: authentik
--

ALTER TABLE ONLY public.authentik_stages_identification_identificationstage_sources ALTER COLUMN id SET DEFAULT nextval('public.authentik_stages_identification_identificationstage_sour_id_seq'::regclass);


--
-- Name: authentik_stages_prompt_promptstage_fields id; Type: DEFAULT; Schema: public; Owner: authentik
--

ALTER TABLE ONLY public.authentik_stages_prompt_promptstage_fields ALTER COLUMN id SET DEFAULT nextval('public.authentik_stages_prompt_promptstage_fields_id_seq'::regclass);


--
-- Name: authentik_stages_prompt_promptstage_validation_policies id; Type: DEFAULT; Schema: public; Owner: authentik
--

ALTER TABLE ONLY public.authentik_stages_prompt_promptstage_validation_policies ALTER COLUMN id SET DEFAULT nextval('public.authentik_stages_prompt_promptstage_validation_policies_id_seq'::regclass);


--
-- Name: django_content_type id; Type: DEFAULT; Schema: public; Owner: authentik
--

ALTER TABLE ONLY public.django_content_type ALTER COLUMN id SET DEFAULT nextval('public.django_content_type_id_seq'::regclass);


--
-- Name: django_migrations id; Type: DEFAULT; Schema: public; Owner: authentik
--

ALTER TABLE ONLY public.django_migrations ALTER COLUMN id SET DEFAULT nextval('public.django_migrations_id_seq'::regclass);


--
-- Name: guardian_groupobjectpermission id; Type: DEFAULT; Schema: public; Owner: authentik
--

ALTER TABLE ONLY public.guardian_groupobjectpermission ALTER COLUMN id SET DEFAULT nextval('public.guardian_groupobjectpermission_id_seq'::regclass);


--
-- Name: guardian_userobjectpermission id; Type: DEFAULT; Schema: public; Owner: authentik
--

ALTER TABLE ONLY public.guardian_userobjectpermission ALTER COLUMN id SET DEFAULT nextval('public.guardian_userobjectpermission_id_seq'::regclass);


--
-- Name: otp_static_staticdevice id; Type: DEFAULT; Schema: public; Owner: authentik
--

ALTER TABLE ONLY public.otp_static_staticdevice ALTER COLUMN id SET DEFAULT nextval('public.otp_static_staticdevice_id_seq'::regclass);


--
-- Name: otp_static_statictoken id; Type: DEFAULT; Schema: public; Owner: authentik
--

ALTER TABLE ONLY public.otp_static_statictoken ALTER COLUMN id SET DEFAULT nextval('public.otp_static_statictoken_id_seq'::regclass);


--
-- Name: otp_totp_totpdevice id; Type: DEFAULT; Schema: public; Owner: authentik
--

ALTER TABLE ONLY public.otp_totp_totpdevice ALTER COLUMN id SET DEFAULT nextval('public.otp_totp_totpdevice_id_seq'::regclass);


--
-- Data for Name: auth_group; Type: TABLE DATA; Schema: public; Owner: authentik
--

COPY public.auth_group (id, name) FROM stdin;
\.


--
-- Data for Name: auth_group_permissions; Type: TABLE DATA; Schema: public; Owner: authentik
--

COPY public.auth_group_permissions (id, group_id, permission_id) FROM stdin;
\.


--
-- Data for Name: auth_permission; Type: TABLE DATA; Schema: public; Owner: authentik
--

COPY public.auth_permission (id, name, content_type_id, codename) FROM stdin;
1	Can add permission	1	add_permission
2	Can change permission	1	change_permission
3	Can delete permission	1	delete_permission
4	Can view permission	1	view_permission
5	Can add group	2	add_group
6	Can change group	2	change_group
7	Can delete group	2	delete_group
8	Can view group	2	view_group
9	Can add content type	3	add_contenttype
10	Can change content type	3	change_contenttype
11	Can delete content type	3	delete_contenttype
12	Can view content type	3	view_contenttype
13	Can add session	4	add_session
14	Can change session	4	change_session
15	Can delete session	4	delete_session
16	Can view session	4	view_session
17	Can add Certificate-Key Pair	5	add_certificatekeypair
18	Can change Certificate-Key Pair	5	change_certificatekeypair
19	Can delete Certificate-Key Pair	5	delete_certificatekeypair
20	Can view Certificate-Key Pair	5	view_certificatekeypair
21	Can add Event	6	add_event
22	Can change Event	6	change_event
23	Can delete Event	6	delete_event
24	Can view Event	6	view_event
25	Can add Notification Transport	7	add_notificationtransport
26	Can change Notification Transport	7	change_notificationtransport
27	Can delete Notification Transport	7	delete_notificationtransport
28	Can view Notification Transport	7	view_notificationtransport
29	Can add Notification Rule	8	add_notificationrule
30	Can change Notification Rule	8	change_notificationrule
31	Can delete Notification Rule	8	delete_notificationrule
32	Can view Notification Rule	8	view_notificationrule
33	Can add Notification	9	add_notification
34	Can change Notification	9	change_notification
35	Can delete Notification	9	delete_notification
36	Can view Notification	9	view_notification
37	Can add Notification Webhook Mapping	10	add_notificationwebhookmapping
38	Can change Notification Webhook Mapping	10	change_notificationwebhookmapping
39	Can delete Notification Webhook Mapping	10	delete_notificationwebhookmapping
40	Can view Notification Webhook Mapping	10	view_notificationwebhookmapping
41	Can add Flow	11	add_flow
42	Can change Flow	11	change_flow
43	Can delete Flow	11	delete_flow
44	Can view Flow	11	view_flow
45	Can export a Flow	11	export_flow
46	View Flow's cache metrics	11	view_flow_cache
47	Clear Flow's cache metrics	11	clear_flow_cache
48	Can add stage	12	add_stage
49	Can change stage	12	change_stage
50	Can delete stage	12	delete_stage
51	Can view stage	12	view_stage
52	Can add Flow Stage Binding	13	add_flowstagebinding
53	Can change Flow Stage Binding	13	change_flowstagebinding
54	Can delete Flow Stage Binding	13	delete_flowstagebinding
55	Can view Flow Stage Binding	13	view_flowstagebinding
56	Can add Flow Token	14	add_flowtoken
57	Can change Flow Token	14	change_flowtoken
58	Can delete Flow Token	14	delete_flowtoken
59	Can view Flow Token	14	view_flowtoken
60	Can add outpost	15	add_outpost
61	Can change outpost	15	change_outpost
62	Can delete outpost	15	delete_outpost
63	Can view outpost	15	view_outpost
64	Can add Outpost Service-Connection	16	add_outpostserviceconnection
65	Can change Outpost Service-Connection	16	change_outpostserviceconnection
66	Can delete Outpost Service-Connection	16	delete_outpostserviceconnection
67	Can view Outpost Service-Connection	16	view_outpostserviceconnection
68	Can add Docker Service-Connection	17	add_dockerserviceconnection
69	Can change Docker Service-Connection	17	change_dockerserviceconnection
70	Can delete Docker Service-Connection	17	delete_dockerserviceconnection
71	Can view Docker Service-Connection	17	view_dockerserviceconnection
72	Can add Kubernetes Service-Connection	18	add_kubernetesserviceconnection
73	Can change Kubernetes Service-Connection	18	change_kubernetesserviceconnection
74	Can delete Kubernetes Service-Connection	18	delete_kubernetesserviceconnection
75	Can view Kubernetes Service-Connection	18	view_kubernetesserviceconnection
76	Can add Dummy Policy	19	add_dummypolicy
77	Can change Dummy Policy	19	change_dummypolicy
78	Can delete Dummy Policy	19	delete_dummypolicy
79	Can view Dummy Policy	19	view_dummypolicy
80	Can add Event Matcher Policy	20	add_eventmatcherpolicy
81	Can change Event Matcher Policy	20	change_eventmatcherpolicy
82	Can delete Event Matcher Policy	20	delete_eventmatcherpolicy
83	Can view Event Matcher Policy	20	view_eventmatcherpolicy
84	Can add Password Expiry Policy	21	add_passwordexpirypolicy
85	Can change Password Expiry Policy	21	change_passwordexpirypolicy
86	Can delete Password Expiry Policy	21	delete_passwordexpirypolicy
87	Can view Password Expiry Policy	21	view_passwordexpirypolicy
88	Can add Expression Policy	22	add_expressionpolicy
89	Can change Expression Policy	22	change_expressionpolicy
90	Can delete Expression Policy	22	delete_expressionpolicy
91	Can view Expression Policy	22	view_expressionpolicy
92	Can add Have I Been Pwned Policy	23	add_haveibeenpwendpolicy
93	Can change Have I Been Pwned Policy	23	change_haveibeenpwendpolicy
94	Can delete Have I Been Pwned Policy	23	delete_haveibeenpwendpolicy
95	Can view Have I Been Pwned Policy	23	view_haveibeenpwendpolicy
96	Can add Password Policy	24	add_passwordpolicy
97	Can change Password Policy	24	change_passwordpolicy
98	Can delete Password Policy	24	delete_passwordpolicy
99	Can view Password Policy	24	view_passwordpolicy
100	Can add Reputation Policy	25	add_reputationpolicy
101	Can change Reputation Policy	25	change_reputationpolicy
102	Can delete Reputation Policy	25	delete_reputationpolicy
103	Can view Reputation Policy	25	view_reputationpolicy
104	Can add reputation	26	add_reputation
105	Can change reputation	26	change_reputation
106	Can delete reputation	26	delete_reputation
107	Can view reputation	26	view_reputation
108	Can add Policy	27	add_policy
109	Can change Policy	27	change_policy
110	Can delete Policy	27	delete_policy
111	Can view Policy	27	view_policy
112	View Policy's cache metrics	27	view_policy_cache
113	Clear Policy's cache metrics	27	clear_policy_cache
114	Can add Policy Binding	28	add_policybinding
115	Can change Policy Binding	28	change_policybinding
116	Can delete Policy Binding	28	delete_policybinding
117	Can view Policy Binding	28	view_policybinding
118	Can add Policy Binding Model	29	add_policybindingmodel
119	Can change Policy Binding Model	29	change_policybindingmodel
120	Can delete Policy Binding Model	29	delete_policybindingmodel
121	Can view Policy Binding Model	29	view_policybindingmodel
122	Can add LDAP Provider	30	add_ldapprovider
123	Can change LDAP Provider	30	change_ldapprovider
124	Can delete LDAP Provider	30	delete_ldapprovider
125	Can view LDAP Provider	30	view_ldapprovider
126	Can add OAuth2/OpenID Provider	31	add_oauth2provider
127	Can change OAuth2/OpenID Provider	31	change_oauth2provider
128	Can delete OAuth2/OpenID Provider	31	delete_oauth2provider
129	Can view OAuth2/OpenID Provider	31	view_oauth2provider
130	Can add Scope Mapping	32	add_scopemapping
131	Can change Scope Mapping	32	change_scopemapping
132	Can delete Scope Mapping	32	delete_scopemapping
133	Can view Scope Mapping	32	view_scopemapping
134	Can add OAuth2 Token	33	add_refreshtoken
135	Can change OAuth2 Token	33	change_refreshtoken
136	Can delete OAuth2 Token	33	delete_refreshtoken
137	Can view OAuth2 Token	33	view_refreshtoken
138	Can add Authorization Code	34	add_authorizationcode
139	Can change Authorization Code	34	change_authorizationcode
140	Can delete Authorization Code	34	delete_authorizationcode
141	Can view Authorization Code	34	view_authorizationcode
142	Can add Proxy Provider	35	add_proxyprovider
143	Can change Proxy Provider	35	change_proxyprovider
144	Can delete Proxy Provider	35	delete_proxyprovider
145	Can view Proxy Provider	35	view_proxyprovider
146	Can add SAML Property Mapping	36	add_samlpropertymapping
147	Can change SAML Property Mapping	36	change_samlpropertymapping
148	Can delete SAML Property Mapping	36	delete_samlpropertymapping
149	Can view SAML Property Mapping	36	view_samlpropertymapping
150	Can add SAML Provider	37	add_samlprovider
151	Can change SAML Provider	37	change_samlprovider
152	Can delete SAML Provider	37	delete_samlprovider
153	Can view SAML Provider	37	view_samlprovider
154	Can add LDAP Property Mapping	38	add_ldappropertymapping
155	Can change LDAP Property Mapping	38	change_ldappropertymapping
156	Can delete LDAP Property Mapping	38	delete_ldappropertymapping
157	Can view LDAP Property Mapping	38	view_ldappropertymapping
158	Can add LDAP Source	39	add_ldapsource
159	Can change LDAP Source	39	change_ldapsource
160	Can delete LDAP Source	39	delete_ldapsource
161	Can view LDAP Source	39	view_ldapsource
162	Can add OAuth Source	40	add_oauthsource
163	Can change OAuth Source	40	change_oauthsource
164	Can delete OAuth Source	40	delete_oauthsource
165	Can view OAuth Source	40	view_oauthsource
166	Can add User OAuth Source Connection	41	add_useroauthsourceconnection
167	Can change User OAuth Source Connection	41	change_useroauthsourceconnection
168	Can delete User OAuth Source Connection	41	delete_useroauthsourceconnection
169	Can view User OAuth Source Connection	41	view_useroauthsourceconnection
170	Can add Plex Source	42	add_plexsource
171	Can change Plex Source	42	change_plexsource
172	Can delete Plex Source	42	delete_plexsource
173	Can view Plex Source	42	view_plexsource
174	Can add User Plex Source Connection	43	add_plexsourceconnection
175	Can change User Plex Source Connection	43	change_plexsourceconnection
176	Can delete User Plex Source Connection	43	delete_plexsourceconnection
177	Can view User Plex Source Connection	43	view_plexsourceconnection
178	Can add SAML Source	44	add_samlsource
179	Can change SAML Source	44	change_samlsource
180	Can delete SAML Source	44	delete_samlsource
181	Can view SAML Source	44	view_samlsource
182	Can add Duo Authenticator Setup Stage	45	add_authenticatorduostage
272	Can delete User Login Stage	67	delete_userloginstage
183	Can change Duo Authenticator Setup Stage	45	change_authenticatorduostage
184	Can delete Duo Authenticator Setup Stage	45	delete_authenticatorduostage
185	Can view Duo Authenticator Setup Stage	45	view_authenticatorduostage
186	Can add Duo Device	46	add_duodevice
187	Can change Duo Device	46	change_duodevice
188	Can delete Duo Device	46	delete_duodevice
189	Can view Duo Device	46	view_duodevice
190	Can add SMS Authenticator Setup Stage	47	add_authenticatorsmsstage
191	Can change SMS Authenticator Setup Stage	47	change_authenticatorsmsstage
192	Can delete SMS Authenticator Setup Stage	47	delete_authenticatorsmsstage
193	Can view SMS Authenticator Setup Stage	47	view_authenticatorsmsstage
194	Can add SMS Device	48	add_smsdevice
195	Can change SMS Device	48	change_smsdevice
196	Can delete SMS Device	48	delete_smsdevice
197	Can view SMS Device	48	view_smsdevice
198	Can add Static Authenticator Stage	49	add_authenticatorstaticstage
199	Can change Static Authenticator Stage	49	change_authenticatorstaticstage
200	Can delete Static Authenticator Stage	49	delete_authenticatorstaticstage
201	Can view Static Authenticator Stage	49	view_authenticatorstaticstage
202	Can add TOTP Authenticator Setup Stage	50	add_authenticatortotpstage
203	Can change TOTP Authenticator Setup Stage	50	change_authenticatortotpstage
204	Can delete TOTP Authenticator Setup Stage	50	delete_authenticatortotpstage
205	Can view TOTP Authenticator Setup Stage	50	view_authenticatortotpstage
206	Can add Authenticator Validation Stage	51	add_authenticatorvalidatestage
207	Can change Authenticator Validation Stage	51	change_authenticatorvalidatestage
208	Can delete Authenticator Validation Stage	51	delete_authenticatorvalidatestage
209	Can view Authenticator Validation Stage	51	view_authenticatorvalidatestage
210	Can add WebAuthn Device	52	add_webauthndevice
211	Can change WebAuthn Device	52	change_webauthndevice
212	Can delete WebAuthn Device	52	delete_webauthndevice
213	Can view WebAuthn Device	52	view_webauthndevice
214	Can add WebAuthn Authenticator Setup Stage	53	add_authenticatewebauthnstage
215	Can change WebAuthn Authenticator Setup Stage	53	change_authenticatewebauthnstage
216	Can delete WebAuthn Authenticator Setup Stage	53	delete_authenticatewebauthnstage
217	Can view WebAuthn Authenticator Setup Stage	53	view_authenticatewebauthnstage
218	Can add Captcha Stage	54	add_captchastage
219	Can change Captcha Stage	54	change_captchastage
220	Can delete Captcha Stage	54	delete_captchastage
221	Can view Captcha Stage	54	view_captchastage
222	Can add Consent Stage	55	add_consentstage
223	Can change Consent Stage	55	change_consentstage
224	Can delete Consent Stage	55	delete_consentstage
225	Can view Consent Stage	55	view_consentstage
226	Can add User Consent	56	add_userconsent
227	Can change User Consent	56	change_userconsent
228	Can delete User Consent	56	delete_userconsent
229	Can view User Consent	56	view_userconsent
230	Can add Deny Stage	57	add_denystage
231	Can change Deny Stage	57	change_denystage
232	Can delete Deny Stage	57	delete_denystage
233	Can view Deny Stage	57	view_denystage
234	Can add Dummy Stage	58	add_dummystage
235	Can change Dummy Stage	58	change_dummystage
236	Can delete Dummy Stage	58	delete_dummystage
237	Can view Dummy Stage	58	view_dummystage
238	Can add Email Stage	59	add_emailstage
239	Can change Email Stage	59	change_emailstage
240	Can delete Email Stage	59	delete_emailstage
241	Can view Email Stage	59	view_emailstage
242	Can add Identification Stage	60	add_identificationstage
243	Can change Identification Stage	60	change_identificationstage
244	Can delete Identification Stage	60	delete_identificationstage
245	Can view Identification Stage	60	view_identificationstage
246	Can add Invitation Stage	61	add_invitationstage
247	Can change Invitation Stage	61	change_invitationstage
248	Can delete Invitation Stage	61	delete_invitationstage
249	Can view Invitation Stage	61	view_invitationstage
250	Can add Invitation	62	add_invitation
251	Can change Invitation	62	change_invitation
252	Can delete Invitation	62	delete_invitation
253	Can view Invitation	62	view_invitation
254	Can add Password Stage	63	add_passwordstage
255	Can change Password Stage	63	change_passwordstage
256	Can delete Password Stage	63	delete_passwordstage
257	Can view Password Stage	63	view_passwordstage
258	Can add Prompt	64	add_prompt
259	Can change Prompt	64	change_prompt
260	Can delete Prompt	64	delete_prompt
261	Can view Prompt	64	view_prompt
262	Can add Prompt Stage	65	add_promptstage
263	Can change Prompt Stage	65	change_promptstage
264	Can delete Prompt Stage	65	delete_promptstage
265	Can view Prompt Stage	65	view_promptstage
266	Can add User Delete Stage	66	add_userdeletestage
267	Can change User Delete Stage	66	change_userdeletestage
268	Can delete User Delete Stage	66	delete_userdeletestage
269	Can view User Delete Stage	66	view_userdeletestage
270	Can add User Login Stage	67	add_userloginstage
271	Can change User Login Stage	67	change_userloginstage
273	Can view User Login Stage	67	view_userloginstage
274	Can add User Logout Stage	68	add_userlogoutstage
275	Can change User Logout Stage	68	change_userlogoutstage
276	Can delete User Logout Stage	68	delete_userlogoutstage
277	Can view User Logout Stage	68	view_userlogoutstage
278	Can add User Write Stage	69	add_userwritestage
279	Can change User Write Stage	69	change_userwritestage
280	Can delete User Write Stage	69	delete_userwritestage
281	Can view User Write Stage	69	view_userwritestage
282	Can add Tenant	70	add_tenant
283	Can change Tenant	70	change_tenant
284	Can delete Tenant	70	delete_tenant
285	Can view Tenant	70	view_tenant
286	Can add group object permission	71	add_groupobjectpermission
287	Can change group object permission	71	change_groupobjectpermission
288	Can delete group object permission	71	delete_groupobjectpermission
289	Can view group object permission	71	view_groupobjectpermission
290	Can add user object permission	72	add_userobjectpermission
291	Can change user object permission	72	change_userobjectpermission
292	Can delete user object permission	72	delete_userobjectpermission
293	Can view user object permission	72	view_userobjectpermission
294	Can add static device	73	add_staticdevice
295	Can change static device	73	change_staticdevice
296	Can delete static device	73	delete_staticdevice
297	Can view static device	73	view_staticdevice
298	Can add static token	74	add_statictoken
299	Can change static token	74	change_statictoken
300	Can delete static token	74	delete_statictoken
301	Can view static token	74	view_statictoken
302	Can add TOTP device	75	add_totpdevice
303	Can change TOTP device	75	change_totpdevice
304	Can delete TOTP device	75	delete_totpdevice
305	Can view TOTP device	75	view_totpdevice
306	Can add User	76	add_user
307	Can change User	76	change_user
308	Can delete User	76	delete_user
309	Can view User	76	view_user
310	Reset Password	76	reset_user_password
311	Can impersonate other users	76	impersonate
312	Can add Property Mapping	77	add_propertymapping
313	Can change Property Mapping	77	change_propertymapping
314	Can delete Property Mapping	77	delete_propertymapping
315	Can view Property Mapping	77	view_propertymapping
316	Can add source	78	add_source
317	Can change source	78	change_source
318	Can delete source	78	delete_source
319	Can view source	78	view_source
320	Can add user source connection	79	add_usersourceconnection
321	Can change user source connection	79	change_usersourceconnection
322	Can delete user source connection	79	delete_usersourceconnection
323	Can view user source connection	79	view_usersourceconnection
324	Can add Token	80	add_token
325	Can change Token	80	change_token
326	Can delete Token	80	delete_token
327	Can view Token	80	view_token
328	View token's key	80	view_token_key
329	Can add provider	81	add_provider
330	Can change provider	81	change_provider
331	Can delete provider	81	delete_provider
332	Can view provider	81	view_provider
333	Can add group	82	add_group
334	Can change group	82	change_group
335	Can delete group	82	delete_group
336	Can view group	82	view_group
337	Can add Application	83	add_application
338	Can change Application	83	change_application
339	Can delete Application	83	delete_application
340	Can view Application	83	view_application
341	Can add Authenticated Session	84	add_authenticatedsession
342	Can change Authenticated Session	84	change_authenticatedsession
343	Can delete Authenticated Session	84	delete_authenticatedsession
344	Can view Authenticated Session	84	view_authenticatedsession
\.


--
-- Data for Name: authentik_core_application; Type: TABLE DATA; Schema: public; Owner: authentik
--

COPY public.authentik_core_application (policybindingmodel_ptr_id, name, slug, meta_launch_url, meta_description, meta_publisher, provider_id, meta_icon) FROM stdin;
35677a31-1e91-4859-a8ab-bb6251cee468	myapp	myapp				1	
502b38d5-2b21-44d5-87a7-d3b5f8dfbb00	whoami-app	whoami-app				2	
\.


--
-- Data for Name: authentik_core_authenticatedsession; Type: TABLE DATA; Schema: public; Owner: authentik
--

COPY public.authentik_core_authenticatedsession (expires, expiring, uuid, session_key, last_ip, last_user_agent, last_used, user_id) FROM stdin;
2022-02-04 18:45:07.570157+00	t	98c8ec0a-5ee9-4443-bd4b-1190025cb88a	ihzh1pe9kfoag86j8yp6xd6qrbnd3fr2	46.188.173.180	Mozilla/5.0 (Macintosh; Intel Mac OS X 10_15_6) AppleWebKit/537.36 (KHTML, like Gecko) Chrome/97.0.4692.71 Safari/537.36	2022-01-21 18:45:07.570652+00	1
\.


--
-- Data for Name: authentik_core_group; Type: TABLE DATA; Schema: public; Owner: authentik
--

COPY public.authentik_core_group (group_uuid, name, attributes, parent_id, is_superuser) FROM stdin;
6c399c39-90d5-432c-8e90-b55c3dface43	authentik Admins	{}	\N	t
ccc946ec-2f92-40c7-8434-de56545bfba8	myapp-group-L3	{}	\N	f
\.


--
-- Data for Name: authentik_core_propertymapping; Type: TABLE DATA; Schema: public; Owner: authentik
--

COPY public.authentik_core_propertymapping (pm_uuid, name, expression, managed) FROM stdin;
3888225f-d94e-4c96-916e-ad18adf6b7d3	authentik default OAuth Mapping: Proxy outpost	\n# This mapping is used by the authentik proxy. It passes extra user attributes,\n# which are used for example for the HTTP-Basic Authentication mapping.\nreturn {\n    "ak_proxy": {\n        "user_attributes": request.user.group_attributes()\n    }\n}	goauthentik.io/providers/proxy/scope-proxy
80ee3586-a1ad-48db-bd7c-dbe5f32d3070	authentik default SAML Mapping: UPN	return request.user.attributes.get('upn', request.user.email)	goauthentik.io/providers/saml/upn
3d436fc8-70b0-4289-84ac-44565f143ece	authentik default SAML Mapping: Name	return request.user.name	goauthentik.io/providers/saml/name
bd7ff237-4737-4d98-9c8a-885cbf14fa60	authentik default SAML Mapping: Email	return request.user.email	goauthentik.io/providers/saml/email
dd0233fb-9d0b-449d-94c3-296e998382ae	authentik default SAML Mapping: Username	return request.user.username	goauthentik.io/providers/saml/username
1e58130d-7a87-4130-b68c-c00b588cfbf4	authentik default SAML Mapping: User ID	return request.user.pk	goauthentik.io/providers/saml/uid
1186258e-d6fa-4ac4-8e08-93dbc145e578	authentik default SAML Mapping: Groups	\nfor group in request.user.ak_groups.all():\n    yield group.name\n	goauthentik.io/providers/saml/groups
25b75252-8aff-45cc-aeb9-671e9c3663eb	authentik default SAML Mapping: WindowsAccountname (Username)	return request.user.username	goauthentik.io/providers/saml/ms-windowsaccountname
669abd9f-9469-4666-8d62-06af65ec9d39	authentik default LDAP Mapping: Name	return ldap.get('name')	goauthentik.io/sources/ldap/default-name
e349c86d-4ad2-4695-8cae-1d7291c049d7	authentik default LDAP Mapping: mail	return ldap.get('mail')	goauthentik.io/sources/ldap/default-mail
7a06f6e5-12a8-4255-a7e2-cae0e7060d8f	authentik default Active Directory Mapping: sAMAccountName	return ldap.get('sAMAccountName')	goauthentik.io/sources/ldap/ms-samaccountname
b82d91dd-e940-496b-9e29-7a009e2c20a7	authentik default Active Directory Mapping: userPrincipalName	return ldap.get('userPrincipalName')	goauthentik.io/sources/ldap/ms-userprincipalname
ebaab181-0148-404a-b5c9-86fc544123bb	authentik default Active Directory Mapping: givenName	return ldap.get('givenName')	goauthentik.io/sources/ldap/ms-givenName
d55edcdb-5e3d-4dda-841c-48821db0fca4	authentik default Active Directory Mapping: sn	return ldap.get('sn')	goauthentik.io/sources/ldap/ms-sn
54d02592-e24d-4107-b5a1-1a002454632b	authentik default OpenLDAP Mapping: uid	return ldap.get('uid')	goauthentik.io/sources/ldap/openldap-uid
230d09ef-dd25-4d67-b5c5-b6a08d57b260	authentik default OAuth Mapping: OpenID 'openid'	\n# This scope is required by the OpenID-spec, and must as such exist in authentik.\n# The scope by itself does not grant any information\nreturn {}\n	goauthentik.io/providers/oauth2/scope-openid
74684497-4e2d-4406-8174-e14f0415dfbb	authentik default OAuth Mapping: OpenID 'email'	\nreturn {\n    "email": request.user.email,\n    "email_verified": True\n}\n	goauthentik.io/providers/oauth2/scope-email
aeab227d-022e-42fc-a25f-8fea492fef76	authentik default OAuth Mapping: OpenID 'profile'	\nreturn {\n    # Because authentik only saves the user's full name, and has no concept of first and last names,\n    # the full name is used as given name.\n    # You can override this behaviour in custom mappings, i.e. `request.user.name.split(" ")`\n    "name": request.user.name,\n    "given_name": request.user.name,\n    "family_name": "",\n    "preferred_username": request.user.username,\n    "nickname": request.user.username,\n    # groups is not part of the official userinfo schema, but is a quasi-standard\n    "groups": [group.name for group in request.user.ak_groups.all()],\n}\n	goauthentik.io/providers/oauth2/scope-profile
22a3038c-2350-4a4b-9192-a40b9f26eda7	authentik default OpenLDAP Mapping: cn	return ldap.get('cn')	goauthentik.io/sources/ldap/openldap-cn
\.


--
-- Data for Name: authentik_core_provider; Type: TABLE DATA; Schema: public; Owner: authentik
--

COPY public.authentik_core_provider (id, authorization_flow_id, name) FROM stdin;
1	f47b49e2-3baa-460d-9ba7-ff57b6dfd04a	myapp-provider
2	b8cf9b65-56b0-4295-a73d-5391e8fdf78d	whoami-provider
\.


--
-- Data for Name: authentik_core_provider_property_mappings; Type: TABLE DATA; Schema: public; Owner: authentik
--

COPY public.authentik_core_provider_property_mappings (id, provider_id, propertymapping_id) FROM stdin;
1	1	aeab227d-022e-42fc-a25f-8fea492fef76
2	1	74684497-4e2d-4406-8174-e14f0415dfbb
3	1	230d09ef-dd25-4d67-b5c5-b6a08d57b260
16	2	74684497-4e2d-4406-8174-e14f0415dfbb
17	2	230d09ef-dd25-4d67-b5c5-b6a08d57b260
18	2	3888225f-d94e-4c96-916e-ad18adf6b7d3
19	2	aeab227d-022e-42fc-a25f-8fea492fef76
\.


--
-- Data for Name: authentik_core_source; Type: TABLE DATA; Schema: public; Owner: authentik
--

COPY public.authentik_core_source (policybindingmodel_ptr_id, name, slug, enabled, authentication_flow_id, enrollment_flow_id, managed, user_matching_mode) FROM stdin;
f64f7348-66d8-4a6f-9872-b712997f9a77	authentik Built-in		t	\N	\N	goauthentik.io/sources/inbuilt	identifier
\.


--
-- Data for Name: authentik_core_source_property_mappings; Type: TABLE DATA; Schema: public; Owner: authentik
--

COPY public.authentik_core_source_property_mappings (id, source_id, propertymapping_id) FROM stdin;
\.


--
-- Data for Name: authentik_core_token; Type: TABLE DATA; Schema: public; Owner: authentik
--

COPY public.authentik_core_token (token_uuid, expires, expiring, description, user_id, intent, identifier, key, managed) FROM stdin;
a9887b37-4101-4e47-9c4d-8b14c4dd0d3d	2022-01-20 15:34:07.743391+00	f	Autogenerated by authentik for Outpost authentik Embedded Outpost	3	api	ak-outpost-411f86cf-e410-4443-876b-9f3c6aefbd96-api	7KyVyVU5Zi3zMcG9uLihs2QTEeP17wpwLgtGtdltc7Ob48OUQlRRKKjhyWRYAG6XE5SkbgTiLTRT0I35WgnEqOhkEVP2uOe2ZVhll7ftjzrOEFcCYiFYun9nr531WKd0	goauthentik.io/outpost/ak-outpost-411f86cf-e410-4443-876b-9f3c6aefbd96-api
\.


--
-- Data for Name: authentik_core_user; Type: TABLE DATA; Schema: public; Owner: authentik
--

COPY public.authentik_core_user (id, password, last_login, username, first_name, last_name, email, is_active, date_joined, uuid, name, password_change_date, attributes) FROM stdin;
2	!a2ftM5BH1jzgwwmSuARH5KqA483vqy6m73h4eA4i	\N	AnonymousUser				t	2022-01-20 15:03:50.781505+00	4ca5cc24-d537-4134-a07c-abb91c162499		2022-01-20 15:03:50.782003+00	{}
1	pbkdf2_sha256$320000$c2Fbr4qamYnD3ScnQEVcDU$ZprJ7q8X7jUzUOSF0mVueu43TAZVnq6UJ76QDRfIESw=	2022-01-21 18:45:07.581183+00	akadmin			jerkovic.tomislav@gmail.com	t	2022-01-20 15:03:22.588841+00	2e31c46c-3b69-41a7-b5df-a09762cd448d	authentik Default Admin	2022-01-20 15:24:21.781651+00	{}
3	!aZ8ZtA5PkkFKn6qNs1QGuYQifnMJJyYBCqOKRM1X	\N	ak-outpost-411f86cfe4104443876b9f3c6aefbd96				t	2022-01-20 15:04:05.488467+00	cf25c677-e504-428b-be9c-3feb6f4c8a81	Outpost authentik Embedded Outpost Service-Account	2022-01-20 15:04:05.488938+00	{"goauthentik.io/user/override-ips": true, "goauthentik.io/user/service-account": true}
4	pbkdf2_sha256$320000$Cxs2tS9KBzVxdNTjBxSSFJ$68ySD/wPwP41CWp8DmTVpbMO35G+F0k+OJpZVu8mbyY=	2022-01-21 18:44:34.257248+00	demo			demo@demo.com	t	2022-01-20 17:25:41.56569+00	f23ab6f4-2634-4b1e-9647-52ac9021909c	Demo	2022-01-21 16:02:29.366713+00	{"some": "attribute"}
\.


--
-- Data for Name: authentik_core_user_ak_groups; Type: TABLE DATA; Schema: public; Owner: authentik
--

COPY public.authentik_core_user_ak_groups (id, user_id, group_id) FROM stdin;
1	1	6c399c39-90d5-432c-8e90-b55c3dface43
2	4	ccc946ec-2f92-40c7-8434-de56545bfba8
\.


--
-- Data for Name: authentik_core_user_groups; Type: TABLE DATA; Schema: public; Owner: authentik
--

COPY public.authentik_core_user_groups (id, user_id, group_id) FROM stdin;
\.


--
-- Data for Name: authentik_core_user_user_permissions; Type: TABLE DATA; Schema: public; Owner: authentik
--

COPY public.authentik_core_user_user_permissions (id, user_id, permission_id) FROM stdin;
1020	3	21
\.


--
-- Data for Name: authentik_core_usersourceconnection; Type: TABLE DATA; Schema: public; Owner: authentik
--

COPY public.authentik_core_usersourceconnection (id, created, last_updated, source_id, user_id) FROM stdin;
\.


--
-- Data for Name: authentik_crypto_certificatekeypair; Type: TABLE DATA; Schema: public; Owner: authentik
--

COPY public.authentik_crypto_certificatekeypair (created, last_updated, kp_uuid, name, certificate_data, key_data, managed) FROM stdin;
2022-01-20 15:03:25.393642+00	2022-01-20 15:03:25.393666+00	9d881b4c-f67f-4253-9f2e-843f10b53b46	authentik Self-signed Certificate	-----BEGIN CERTIFICATE-----\nMIIFDjCCAvagAwIBAgIQGaKPkmBMS9+yMrLB6ITYDzANBgkqhkiG9w0BAQsFADAe\nMRwwGgYDVQQDDBNhdXRoZW50aWsgMjAyMS4xMi41MB4XDTIyMDExOTE1MDMyNVoX\nDTIzMDEyMDE1MDMyNVowVjEqMCgGA1UEAwwhYXV0aGVudGlrIFNlbGYtc2lnbmVk\nIENlcnRpZmljYXRlMRIwEAYDVQQKDAlhdXRoZW50aWsxFDASBgNVBAsMC1NlbGYt\nc2lnbmVkMIICIjANBgkqhkiG9w0BAQEFAAOCAg8AMIICCgKCAgEAzyfKRnVsqInY\nncEFBjie57rjWV4jXcmH4whAhEiZS6RiolmPNSXytiE/aLTmzTYsiwlBP0dV+ZyV\nwSNYFvijvfvs7h4d2ME7rP4BpbLOaPvgfWB/VfX4BhO50X2vTMlBptZE+mI6yABG\naH2BnoLK0mX8PisVWzqxpa7E3/IrEaVFfrMv7++6embBNs/y6O5RJUSPfcxcmAVk\nm7hKlSM3mwOQIb7cEFmLRzPsFbb92s7mEqVCVE2E4XhZfbmwd2t37RMQ4otfYnU1\nwvFkDsAq3jbMH6OScWoNmoTOSl3x9EC9OL+wQ4CHcpPupCUPe76Y4J9BIZ2NlluU\nW/rxO1xMBy6K6WORWrmKqVp3lkGb4DeQOYr+oc3fftwyQ+PbY9RRcDMIuMj1sbTj\nzujqaJskiz5ydp3zGsGXw/T2WVvBHlBSyxLpCCsrsoDKalTUzesqm7KC00rTv8I4\nhELQdB8ylbMZ6VKmf7h4b4dwxTk/Ng5YDm50NtNkbk7TJsU6mJ+4xCllHJGVIlQ4\nvpijV621ZRiKxWVS/gt4f4aMzGvYBy20EZrORZvquRgWvFlQ6CyKxZrXnVI3SU0+\nax4S5T4i2MEnnaxRCyJNFfKHFfQc+ALUml0iKVghRlXAE6/9TQkjwPGZ/lyIurAO\n3SwJgsnJKGfeltwYxij2tUOMke95i98CAwEAAaMQMA4wDAYDVR0RAQH/BAIwADAN\nBgkqhkiG9w0BAQsFAAOCAgEAGAkx/ClaIhhcRc8uFCFaqxPNRbJ4sLpXucWvqnbs\nGnhJ+TJiUe5eML1eB8TqjRNqYFKG0iZ5FMeGdnmcfaHimPaT7nSiXqyR+QtKO2ju\nTR9tB0ePLLZ+G1xcgc+6jcxG2Yrl/UQtvjEzE/rZ5SQ2kKuwyjeU3oxMjm6RY8Q9\n2iDk0NWJbQzL2QTjRHQjBJU55ry+MPGJG/IE2l7rZ64BJX0Q0z3ZBkyxtOdxrWri\nM8Dd2iqWln00XSRsS+rm2liGoNQcVHYfi0klvwQh33EQ+9FsICnTko8jMXubMPR5\n6cSZyuBVR5sBTb2CUqaJ6gmeAg9Zzdz8ye5GN6y104SZwxUOokx8Kd/NPFQA2RXl\ntTfvKNutGix1+wOUSEqqrpSfYk7moqZQ8lZLCXZ8jFDcZpveLci/SnbNdOoGFBm4\nhvK/Ut9JoVemdBTvQ85kZvS3EwImjWrd7j8i1XrJMe4uA1/pXCUYyCClMMaaP/bG\nO3eZn6oKOjaPINA/VwZDEKRVeEiEYbczpn1ADRBn+X4EctAQ6kXl5xasJL+CdZ08\nFqxRBn9bLMYPail4Q147drL7Ik9cvEOSnrKiryeXeZfsxZ9RaE0I1vG3dU7tUHFy\nq97XLhZvrYzNn0K1Owjv1uk+EtZCkol1K67U2pwGkhFah5uFpRSiVxrlpOpIpCJZ\napg=\n-----END CERTIFICATE-----\n	-----BEGIN RSA PRIVATE KEY-----\nMIIJKQIBAAKCAgEAzyfKRnVsqInYncEFBjie57rjWV4jXcmH4whAhEiZS6RiolmP\nNSXytiE/aLTmzTYsiwlBP0dV+ZyVwSNYFvijvfvs7h4d2ME7rP4BpbLOaPvgfWB/\nVfX4BhO50X2vTMlBptZE+mI6yABGaH2BnoLK0mX8PisVWzqxpa7E3/IrEaVFfrMv\n7++6embBNs/y6O5RJUSPfcxcmAVkm7hKlSM3mwOQIb7cEFmLRzPsFbb92s7mEqVC\nVE2E4XhZfbmwd2t37RMQ4otfYnU1wvFkDsAq3jbMH6OScWoNmoTOSl3x9EC9OL+w\nQ4CHcpPupCUPe76Y4J9BIZ2NlluUW/rxO1xMBy6K6WORWrmKqVp3lkGb4DeQOYr+\noc3fftwyQ+PbY9RRcDMIuMj1sbTjzujqaJskiz5ydp3zGsGXw/T2WVvBHlBSyxLp\nCCsrsoDKalTUzesqm7KC00rTv8I4hELQdB8ylbMZ6VKmf7h4b4dwxTk/Ng5YDm50\nNtNkbk7TJsU6mJ+4xCllHJGVIlQ4vpijV621ZRiKxWVS/gt4f4aMzGvYBy20EZrO\nRZvquRgWvFlQ6CyKxZrXnVI3SU0+ax4S5T4i2MEnnaxRCyJNFfKHFfQc+ALUml0i\nKVghRlXAE6/9TQkjwPGZ/lyIurAO3SwJgsnJKGfeltwYxij2tUOMke95i98CAwEA\nAQKCAgEAhSivpnDuwruxCV68qw4UXyLL53NSyoO0HKT+S8oa9/uYB4IIQwK8rIRc\nrSKzxa+QHGN7lIB3bHdR8A+XHVUAdCwPVdT4HI/Bm2a/ilKQyf02hYFU+N2ea9Gc\nPWRMHdC0qdjMCCLCZDOBDsO2YTzzwSEbbp7lIHpvHPBlzwps0u/o5xOpudLgjLOm\neWRcYYxnjswubI/D6Vh2Hn7tOkakBLnamUaFUOEuXTusAx1YuqEKVWvzYhteUky5\nQc7t9yWWtkbuMKGkU7bCMyhVyAGQzLxuo9vSU6L3UZ8St80BrZ87wtG9LPbemjEr\nUkocVM/kl2bnSANtsvv1Ntbs39ppZ4BcuX8LiCB5MPB7oUbSYzGUj92FfIK3i0oN\naADclCzt5JAGJSllDrNmrxIo+l77zicdA/vyvWzsxItVYQV7HpKjM07973QA4/k6\nTv2VhWsEqVVrDMU2x+2Q503IxZlmLWa06kekQQ3NujTV0gOLlVEEeCXyCHF4XgNE\nhIC73I8OvY0KwQKfZ3fWf78aScPA2XnLAE0fExztSSff/ZMnql3+0mbMYnnNIYZw\n8ZpeLhl3ZFyeU3iX0VlxOwMGerdVUb1q8a/exA+bbhaiZf3/JzSudBccXt5zOHxU\nj8nBH5XHhNNvT3Jf3vRVOeAOntbGRfv39LeeSboUeo7lMpfZpnkCggEBAOcvmSa0\nyVXnCFgyfc7tFdgleM5M7bchJQVS/LTox1jdSHGz1uHzywmR8ZV4wdTH4rw6qiXd\nFsOgSMbajrM2JAv0cwIkH8RjP6Xvs/rIBUfN9wuVoy2KqL/XTPoSK8TPcuySTHvX\nPlgRP/MwjiHsg7E3d9Y1x8U78u0E6LwphrtHUEadZb5LhQ/JEGfNNp5cLd4hgUrI\nd27OAKmO0h1zQjMm40I395acv7PTt0ObArn8v5t69kJvhe1rs9MUE9MH7ok5A2Ly\n1/v2wfPOw6esnQhp4/fokJDLdAzan/pquFnzn9RzCoU1/SslwTmikWfjYamf1QlC\nP9+9tDv1Cul4CjMCggEBAOVj5RLbr4x0naZ80mEGhBmeoNt7xWgbOT1LIT/+71ZR\nTr0gzwSt7i1sTuW7YogrljSlUkgltblesy2DdGXtbbRifR78z++5F7H2H6unLClm\nFaBkPRY+wiNBsKKKZvFmDc+f+ANRwgLhqKznjgALhn3C6AWrObvdzOrj7ppsS0Io\notGcc+FdeRQA/KCT3JwjvOpNl2eRs4By3hGIIeuf+q6Ye0maVpBMBxEzTHrfljgw\nibtPHN/QWzDk4IEysRQVkRvlM33Tp2EwS3ysFDDOd25acjQYybXsqvOyydjM+jYI\ncAvpSQQuQLk2ig7ToNM6+bVUrBVJ19RHPPzfsXtyI6UCggEBALIFoyd9G3S8vV49\nM0e+pY2V/VrPPlZAfaOF7fbZMXiqnXiBBb1k4Dp0WdXB8XCKo3xSqGcTws3NhX0r\nG6vAyy0xhcZmTtgJnR+IX82DbR2H6u7OwaL2HU/s2OfQSkf5fwPQ/Hh4nRdv4RDB\nmRFicV5r2innq/ejXENL/nO2fnuERLq7xXct7D7lk257Rc3YKbHdlxQhHmcC1tu6\nkO4ArT96eJGrS0p9VdmB9KNooEbb7CgsHam2+yiCQS0PTty4ROUCNCtj2RG7SEsY\nMu3RK/Mop1Vljr0RDkI/r+VDfMY3piIQnE9L7bHmFs7s8o9PNwtJeuDwVQNTr5Bj\n940k1KUCggEACOIneuV7FOtnN41Z8Fv6PavA+v7+FBwJyW/hZ8MNrcAUVoqwubOq\np6OsIoVxOWjGtl84ooajVPxv3/FZTqE1QGkYA10zCEuYuVGYxGMC+M91QvLe0r+3\ncPoYRxMpDWwwWLwPNMGzy7zFdXy6KRJJMRGdPqr032ulhesx0FUlTPiZ5ZgzfKTM\nDZRENEvFnV5c8I30sRQZaX4JT5CAD8nwQVayX5VUiN4I4AemjJOgE6j9jH1x1tEQ\n1wHmF9rItMhpCDWGGvdZYhAmvDtFxOYaBfIGvjG/jgYOUMW5v2Wgwvrsq+lq5HiO\nFR4hlpVngwajqPwQdfqYGyZvHDPlgaxX6QKCAQBFyxu0dZWV9R1RE7JqwsbajmNx\nTKfZnZCvI8KFAA1YqswfuSX0x2Z0dJ9EqPf0PEr6u70nHcBvYKm9eQAUh6rpzxcv\niMW9E3qmvYVFt6n7yjdSQtWePtzT3EzaExA+TjPGnPVF3uM8+bpjQPJkCUwWctzR\nozStRAC1gZnR01sBKFV+PsaDsGsAZPOeM1POEVJPzswkDwK/aWQhvNUL3c81n86B\ntDAMGI6lkmE4fws5O7pxeBm7Qgny+C2rv9bJBmcD9O6hiOW6igQaxPbbmpV0xbUY\ns/KlpT5sWG2RnXMCr/DvgCmu7q06Je78mK/G73NwnuNSi2WzPFV/kfR8tb87\n-----END RSA PRIVATE KEY-----\n	\N
2022-01-20 15:04:04.673427+00	2022-01-20 15:04:04.673468+00	2d995ef9-2a8b-42a3-b521-88d817260f97	authentik Internal JWT Certificate	-----BEGIN CERTIFICATE-----\nMIIFCzCCAvOgAwIBAgIQWwkjFOayTTy6N9KxO9HqQDANBgkqhkiG9w0BAQsFADAe\nMRwwGgYDVQQDDBNhdXRoZW50aWsgMjAyMS4xMi41MB4XDTIyMDExOTE1MDQwNFoX\nDTIzMDExNTE1MDQwNFowQzEXMBUGA1UEAwwOZ29hdXRoZW50aWsuaW8xEjAQBgNV\nBAoMCWF1dGhlbnRpazEUMBIGA1UECwwLU2VsZi1zaWduZWQwggIiMA0GCSqGSIb3\nDQEBAQUAA4ICDwAwggIKAoICAQDrl8YuBbt0ITUjhkjK9iBZug6/4exgYX6tgY9C\nMNbTFmxH6XAy1QBJpelUJmoqBE4yDmKJuMiguWkRDSGrUlyKqlQbCTuz8c2e4Twu\nWIdzqpWDmjsnClYSNKOlHYnGNEtLl71EfNnL/Wknl4/ppos3P8iLOuHFSvB7xQJc\nYZDd1Qveq7y/f7Zb6IkOblNDqnKE5UcmqE/6fRq3CCbmDkKDbPbej2Xtiw2+uLVG\nGbmgLCybUwOS5sW5f7SoAKmW1tHlDx9scrZD7a+AzpuKTTqcwGtvD+srkVmXBmEg\n2QROJmXQpw+RlOE12xMvR/pGQwtkyJZb3LMKaLAIMhDqE+O+Ph9Z5wbNHiNbe0e8\nvr82eEHt5ix3XLiqvPOqwOcmcdvlKJYRp0ElF73OsEPZhMnSVwbZdZ/8NBjapJIi\nv0x0iQU45eMYiYwHr8myDKypirJft/G6/VmXIXKGg/3Ulx9CU9lxeb4wIawH2iPl\nl+Aay1lDp6/C8BU/ChQK3wD0Ibjap0RK+b8POi5HkGSetEC37ud9HLYVqI+BLO1a\n/nUFEhzMlgqdpafl3w8/2xErzDiw8yzx/ZjaCDHHzXC/hnLlHCPVkXg5LmQhBMau\nYsdLpL+/oK6bXd+5n6hfTiw4gEmfgXL6q4zVqrRcGQfFvqrshhJJTPQAAkSsSB+g\n0oUmCwIDAQABoyAwHjAcBgNVHREBAf8EEjAQgg5nb2F1dGhlbnRpay5pbzANBgkq\nhkiG9w0BAQsFAAOCAgEAsyR/1pSXfjmhJ4Gj+oMs4yqUFiljb32SbIgAP9AvK8aL\nhMXOFLVrW49DeuyCdbsJjQw/BFf3/NSo1TELNmlC3GIsbnr8UxNvSIAxQnmPZVKF\n5mfXSJD+3w8ctE4UpwbRjP2BwO6/LDnwqJq02gOMSrkrhc3unudBpM0VoUqtvJHK\n/CLcp2cVQnksiE1d4zesCvuOGATXuOq2mODoo2rH/vbfuy3lrEPSWsHRVDpl8Wkf\nm0R4qaWrjeeeFgy319SzRFy9b6V1haOhM6VmxR775+4JtD5wuawT7VcyYb+2zkmI\nr7HjKxLGom8liqFv5UFEJW6ilnI16KernV+AZ+dTaHOEKDfHO6+NkdUA5E9gtn/E\n5ShnIUm+DiTBln6JR8Huo3SMs5UTfEVkVz1yvaMjYe3JaU4jkvkTDHkYc0UPg/XW\nL0PHkDV0CeWB19HEZV2AAoAmOOdcyYZJ/gGQly3j97qemHaNybzxtS2pgWF6W8xf\nOKSVKWc/z+FCZgDuKv8s7gocxVYAeRw6KRv9bNLtAt/qNZSmopFC9+ufZZ9uDe3X\n9X7lfnS3VqPukzII2nwLu14Eoa7dKbtNLTjYNB52r0PeQhd4EvD9C2533ccMuuUg\nak3dZ1dSDMJKC6WRef1ZfjBYjDu9+ZqWovmYG4h/lQdk5z2Sc44nYUacqrHmi7o=\n-----END CERTIFICATE-----\n	-----BEGIN RSA PRIVATE KEY-----\nMIIJKgIBAAKCAgEA65fGLgW7dCE1I4ZIyvYgWboOv+HsYGF+rYGPQjDW0xZsR+lw\nMtUASaXpVCZqKgROMg5iibjIoLlpEQ0hq1JciqpUGwk7s/HNnuE8LliHc6qVg5o7\nJwpWEjSjpR2JxjRLS5e9RHzZy/1pJ5eP6aaLNz/IizrhxUrwe8UCXGGQ3dUL3qu8\nv3+2W+iJDm5TQ6pyhOVHJqhP+n0atwgm5g5Cg2z23o9l7YsNvri1Rhm5oCwsm1MD\nkubFuX+0qACpltbR5Q8fbHK2Q+2vgM6bik06nMBrbw/rK5FZlwZhINkETiZl0KcP\nkZThNdsTL0f6RkMLZMiWW9yzCmiwCDIQ6hPjvj4fWecGzR4jW3tHvL6/NnhB7eYs\nd1y4qrzzqsDnJnHb5SiWEadBJRe9zrBD2YTJ0lcG2XWf/DQY2qSSIr9MdIkFOOXj\nGImMB6/JsgysqYqyX7fxuv1ZlyFyhoP91JcfQlPZcXm+MCGsB9oj5ZfgGstZQ6ev\nwvAVPwoUCt8A9CG42qdESvm/DzouR5BknrRAt+7nfRy2FaiPgSztWv51BRIczJYK\nnaWn5d8PP9sRK8w4sPMs8f2Y2ggxx81wv4Zy5Rwj1ZF4OS5kIQTGrmLHS6S/v6Cu\nm13fuZ+oX04sOIBJn4Fy+quM1aq0XBkHxb6q7IYSSUz0AAJErEgfoNKFJgsCAwEA\nAQKCAgEAmy49u9LKxpOZDO1GxWmZpYCIdpu5t0KAzoiodFD3L9N1P2jkHpduuRQv\nvN4Qz9xGJXKUNWMhw7xdGH4tz0tQ6YWIIMbULJL5fc2edmiZz/ZsxWKx0+VbDGLf\n58KtHYEUl5Y7dQFH9LXWrd2HTcAFsz6wOgVu8SWLgfsisvcRFQ1f5Cv7B6h31dI1\ndOv2rHt5M1BSrYPwKm59SlJ0TNTXuvnrIm4SFYWiaB4CSUpomrh+KVFk6T5Yvvb/\naCoHivO1DcwIRsbIh7XoBFAS4+Y61UVpfp5dqTT0biYllB1eWJuyNN3Vw27taSwE\nVwByOhWvS5NUdu3IgPK0ALH5sjWnrEQzMB5WQ4SBXEw77112kQLJqd1kbzbmlkXn\nviCQYUXFs8R1ZpQ5FeFJAnmzI9LHvjC7Nba3wQI+ZKuVa7QziVAbpwRtIdE4CVP0\n5J4+AoBEOcsw+WSx4wK3xrlRsLWk36aAm/9qpeYQJFYcDl50d5s+t6WyVoZyY7O/\ntC6RzVj/fLbWtjrZRY3gY8lhnd1OXtSR9MST+BdkEA8Nxv1nVkQq8MF3RyU2H0a0\nsSllTugITunHd1xrb6D9OfzGDg6Z2b3ddNu61efPoWS7m/5ahs0MWw6sIXxTSiEG\nozLiNucb+72IVs64inSQSHZlbBhJjv6P83hGqvXVgXzqAJpEdwECggEBAP/INBJO\n3GkIL+hdAq/W6oz92Xoc7eBFioPs/MZdJdOJCazFmD63itBqIrlWi3fCoVAhfR3O\ndbUReEr/YzM46hdnHHkuc8PLNwp9oTguqb5m2I+1U4kb26qfG6bjXuAAmcI9xIq9\nGeHwjQXQBfm/DEZ32bOcMEByRAf2gLt1FMIXGeQwX9fZD9sdr7KUAeUDgn4GakRm\n1JNyKBMPCetf+v3BjiZhw8OiBIEafEw+Bk3nZUwM2wNs8Z6DijsfCjQYijklT6Nx\nW98JzrN+DcLxvYJrkelXNHXRSW4JsX+zUW+HFWQXGrfOB2OeLJZ3zR8B6+Ipm00Z\n/bEJgjtvRY52258CggEBAOvLKqk5KatmH+rTmdYhhXVzQezUcZpN2lAwmEusuC9E\nSIqP4w2juyRqa/71es0yW8UVtsHR9DgO7xmn3Ui2YNzO70JEc9JQgN7/cU9CBwT/\nFfZzyjIiXBPL9d0l+fEPuui2Ceu9Hh7FedfuUeRTyMe8rRscIpMeRVydlmOnOUK1\n7fwVW/EJGka9Leqv7dkI2ucyPWjc17FRfZ0DMO/jxbGrM+zcOk6WdWgV1QcyE8QD\n7Efq8oSv6p3Ki8re1UU2P8x2ufecral1+THMtARHYwLnM9F8sN3gGJbbkfLgRPJI\n4UH12PvQfq+uZh/MrtEP0JSLNK/+PGhhXAonW24nnhUCggEAMaD62YKLqaV5BjDl\n0JB2uhyXEeaDETzs/2QAN8zjBgRU6Dz+qUyblozBaAyuyvHsssuMpzfkBtn46TRc\nXxfv89KB59FnjNnlOBfgLDKBpPv3kQqxxqytFpIAn4UGZ5g2PUYW2ISQfRJbioEu\nZ6L2EsY2a28mvZpuMM1XdQfmmzI4R9pK/mqTdQRxjsjBBVqE+0brX5JENMe1lt0Y\nI59f59SibDgT7+WD0jj9XR27w2necb8cz7FXwFXtgEMpi6onR6dBqIjaNpCElrci\nnGyjRKbyjL/q4eFVyg//bLOyXV1sfRsuh/Nl46JRLHDaT+XjiuJfy7n7S1p49mdE\nq7vMKQKCAQEAoKUYeZZyZ036rNhhVNwduvk9jwbmJwSnmj6hY91W1w0khxKk1KQa\nWiMPVPMWKTsH/uxeSQqr4o16JPaS8nke4REzPOi6KC2kv0k1f5QyiBrqcbBNr35t\nUSeCaJr5AF2BMA7mD3AXV0ufSZgavv6+KibHoVK305eqFgFfdqF1h5e/fiFnNH7J\nIiy9XcliuJ0p1p4J7KmZYjts405LRwTdqcBEbjlUmDo13yYQrwhVIxSxJAZUGEZq\nB/r45syObMsbCEhTRvm971hq4JzggJHKSS4Pxce4EFIfLpiFhP16u78fiPrgTB+u\nUC73cO7Yo6Ksrqdwy/7gVRUPyfMqfZAMSQKCAQEAqEFSL/K8l3os6NYLT4OQIySf\nCwMsjeq8ZoCmGu0XaQvkaJgsOpawxxVLuKicUyxLHjkWa3trCv3pZ8sg+nRhFRU2\nAQSfgakTnGHtxALQpFqDYkDuXhYClX0mKO8HEh5Jyqv5geVI3iFslEW4lknd5HWt\nl0rXeuIfhH5ZNLn1rJp0XoUR0h8ZqU7WpgApSgcrBFbsdEC1Yewld9koWYOV3m4k\nd++aDItYjQkN61l2GxhnQ1hUhfJCSnUa9OMHFojxlTlMQPxtcTY2MBm1zTd0cDEf\ngD7frwNfJYAq9oOcu6HSxgJlgdqshk6ye6qh5mJPS7mh12TL6PQPB/4DGR8gPA==\n-----END RSA PRIVATE KEY-----\n	goauthentik.io/crypto/jwt-managed
\.


--
-- Data for Name: authentik_events_event; Type: TABLE DATA; Schema: public; Owner: authentik
--

COPY public.authentik_events_event (event_uuid, action, app, context, client_ip, created, "user", expires, expiring, tenant) FROM stdin;
d2304fec-63d7-4482-9e09-3bf69f1c8bf7	password_set	authentik.events.signals	{}	255.255.255.255	2022-01-20 15:24:21.754056+00	{"pk": 1, "email": "root@localhost", "username": "akadmin"}	2023-01-20 15:24:21.753359+00	t	{"pk": "28c2b516f10c411285f9252c8ebdbdcc", "app": "authentik_tenants", "name": "Tenant fallback", "model_name": "tenant"}
e1a24fb6-9adf-41a6-9b5b-7643fcff08a7	user_write	authentik.events.signals	{"email": "jerkovic.tomislav@gmail.com", "created": false, "password": "********************", "component": "ak-stage-prompt", "http_request": {"args": {"query": ""}, "path": "/api/v3/flows/executor/initial-setup/", "method": "GET"}, "password_repeat": "********************", "oobe-header-text": "Welcome to authentik! Please set a password for the default admin user, akadmin."}	46.188.173.180	2022-01-20 15:24:22.731822+00	{"pk": 1, "email": "jerkovic.tomislav@gmail.com", "username": "akadmin"}	2023-01-20 15:24:22.727912+00	t	{"pk": "20ae98e2224d4bab8e6f4831cdb3a8af", "app": "authentik_tenants", "name": "Default tenant", "model_name": "tenant"}
b78aa904-8e9c-4254-867c-1fdd392b7645	login	authentik.events.signals	{"http_request": {"args": {"query": ""}, "path": "/api/v3/flows/executor/initial-setup/", "method": "GET"}}	46.188.173.180	2022-01-20 15:24:22.876946+00	{"pk": 1, "email": "jerkovic.tomislav@gmail.com", "username": "akadmin"}	2023-01-20 15:24:22.876601+00	t	{"pk": "20ae98e2224d4bab8e6f4831cdb3a8af", "app": "authentik_tenants", "name": "Default tenant", "model_name": "tenant"}
7a93bf5c-af28-4ead-9983-1fbe9ca3f86e	model_updated	authentik.events.signals	{"model": {"pk": "411f86cfe4104443876b9f3c6aefbd96", "app": "authentik_outposts", "name": "authentik Embedded Outpost", "model_name": "outpost"}, "http_request": {"args": {}, "path": "/api/v3/outposts/instances/411f86cf-e410-4443-876b-9f3c6aefbd96/", "method": "PUT"}}	46.188.173.180	2022-01-20 15:27:07.230638+00	{"pk": 1, "email": "jerkovic.tomislav@gmail.com", "username": "akadmin"}	2023-01-20 15:27:07.229881+00	t	{"pk": "20ae98e2224d4bab8e6f4831cdb3a8af", "app": "authentik_tenants", "name": "Default tenant", "model_name": "tenant"}
ca461909-bf28-4c79-9fcc-d37f0da2c13c	model_created	authentik.events.signals	{"model": {"pk": 1, "app": "otp_totp", "name": "TOTP Authenticator", "model_name": "totpdevice"}, "http_request": {"args": {"query": "next=%2Fif%2Fuser%2F%23%2Fsettings%3Bpage-mfa"}, "path": "/api/v3/flows/executor/default-authenticator-totp-setup/", "method": "POST"}}	46.188.173.180	2022-01-20 15:42:49.838046+00	{"pk": 1, "email": "jerkovic.tomislav@gmail.com", "username": "akadmin"}	2023-01-20 15:42:49.837578+00	t	{"pk": "20ae98e2224d4bab8e6f4831cdb3a8af", "app": "authentik_tenants", "name": "Default tenant", "model_name": "tenant"}
1c3df95e-cd91-497b-b555-96f6db413350	model_updated	authentik.events.signals	{"model": {"pk": 1, "app": "otp_totp", "name": "TOTP Authenticator", "model_name": "totpdevice"}, "http_request": {"args": {"query": "next=%2Fif%2Fuser%2F%23%2Fsettings%3Bpage-mfa"}, "path": "/api/v3/flows/executor/default-authenticator-totp-setup/", "method": "POST"}}	46.188.173.180	2022-01-20 15:42:49.862329+00	{"pk": 1, "email": "jerkovic.tomislav@gmail.com", "username": "akadmin"}	2023-01-20 15:42:49.86188+00	t	{"pk": "20ae98e2224d4bab8e6f4831cdb3a8af", "app": "authentik_tenants", "name": "Default tenant", "model_name": "tenant"}
87487a51-6d07-4dde-912a-c29b6199a279	logout	authentik.events.signals	{"http_request": {"args": {"query": ""}, "path": "/api/v3/flows/executor/default-invalidation-flow/", "method": "GET"}}	46.188.173.180	2022-01-20 15:43:15.563162+00	{"pk": 1, "email": "jerkovic.tomislav@gmail.com", "username": "akadmin"}	2023-01-20 15:43:15.562695+00	t	{"pk": "20ae98e2224d4bab8e6f4831cdb3a8af", "app": "authentik_tenants", "name": "Default tenant", "model_name": "tenant"}
6f528fb8-1482-4958-b8a1-c47372849476	login	authentik.events.signals	{"auth_method": "password", "http_request": {"args": {"query": "next=%2F"}, "path": "/api/v3/flows/executor/default-authentication-flow/", "method": "GET"}, "auth_method_args": {}}	46.188.173.180	2022-01-20 15:43:39.199001+00	{"pk": 1, "email": "jerkovic.tomislav@gmail.com", "username": "akadmin"}	2023-01-20 15:43:39.198586+00	t	{"pk": "20ae98e2224d4bab8e6f4831cdb3a8af", "app": "authentik_tenants", "name": "Default tenant", "model_name": "tenant"}
112674f1-f021-46b4-8f3f-334cd4e2e3b0	model_created	authentik.events.signals	{"model": {"pk": "35677a311e914859a8abbb6251cee468", "app": "authentik_core", "name": "myapp", "model_name": "application"}, "http_request": {"args": {}, "path": "/api/v3/core/applications/", "method": "POST"}}	46.188.173.180	2022-01-20 17:24:08.776926+00	{"pk": 1, "email": "jerkovic.tomislav@gmail.com", "username": "akadmin"}	2023-01-20 17:24:08.776485+00	t	{"pk": "20ae98e2224d4bab8e6f4831cdb3a8af", "app": "authentik_tenants", "name": "Default tenant", "model_name": "tenant"}
e902213a-d21a-4a60-bb21-ef174578d7ad	model_updated	authentik.events.signals	{"model": {"pk": "35677a311e914859a8abbb6251cee468", "app": "authentik_core", "name": "myapp", "model_name": "application"}, "http_request": {"args": {}, "path": "/api/v3/core/applications/myapp/", "method": "PUT"}}	46.188.173.180	2022-01-20 17:24:18.875009+00	{"pk": 1, "email": "jerkovic.tomislav@gmail.com", "username": "akadmin"}	2023-01-20 17:24:18.874644+00	t	{"pk": "20ae98e2224d4bab8e6f4831cdb3a8af", "app": "authentik_tenants", "name": "Default tenant", "model_name": "tenant"}
466465c8-6079-4877-acf4-a79a0cbb9cde	model_created	authentik.events.signals	{"model": {"pk": 4, "app": "authentik_core", "name": "Demo", "model_name": "user"}, "http_request": {"args": {}, "path": "/api/v3/core/users/", "method": "POST"}}	46.188.173.180	2022-01-20 17:25:41.570081+00	{"pk": 1, "email": "jerkovic.tomislav@gmail.com", "username": "akadmin"}	2023-01-20 17:25:41.569772+00	t	{"pk": "20ae98e2224d4bab8e6f4831cdb3a8af", "app": "authentik_tenants", "name": "Default tenant", "model_name": "tenant"}
150edaf8-62c2-4207-9e58-a609b03faa8f	impersonation_started	authentik.core.views.impersonate	{"http_request": {"args": {}, "path": "/-/impersonation/4/", "method": "GET"}}	46.188.173.180	2022-01-20 17:25:45.735124+00	{"pk": 1, "email": "jerkovic.tomislav@gmail.com", "username": "akadmin", "on_behalf_of": {"pk": 4, "email": "demo@demo.com", "username": "demo"}}	2023-01-20 17:25:45.726886+00	t	{"pk": "20ae98e2224d4bab8e6f4831cdb3a8af", "app": "authentik_tenants", "name": "Default tenant", "model_name": "tenant"}
aa5e1edd-4f6d-47ed-8fae-cb0a1eff5a41	impersonation_ended	authentik.core.views.impersonate	{"http_request": {"args": {"back": "/if/user/#"}, "path": "/-/impersonation/end/", "method": "GET"}}	46.188.173.180	2022-01-20 17:25:53.873109+00	{"pk": 1, "email": "jerkovic.tomislav@gmail.com", "username": "akadmin"}	2023-01-20 17:25:53.872521+00	t	{"pk": "20ae98e2224d4bab8e6f4831cdb3a8af", "app": "authentik_tenants", "name": "Default tenant", "model_name": "tenant"}
a4f0ef40-be71-4d61-86dd-e93cc3946fa9	login	authentik.events.signals	{"auth_method": "password", "http_request": {"args": {"query": "next=%2F"}, "path": "/api/v3/flows/executor/default-authentication-flow/", "method": "GET"}, "auth_method_args": {}}	46.188.173.180	2022-01-21 10:34:41.835296+00	{"pk": 1, "email": "jerkovic.tomislav@gmail.com", "username": "akadmin"}	2023-01-21 10:34:41.834597+00	t	{"pk": "20ae98e2224d4bab8e6f4831cdb3a8af", "app": "authentik_tenants", "name": "Default tenant", "model_name": "tenant"}
24e97b4b-ca71-47da-82b7-d127ec1d455d	model_created	authentik.events.signals	{"model": {"pk": 1, "app": "authentik_providers_oauth2", "name": "myapp-provider", "model_name": "oauth2provider"}, "http_request": {"args": {}, "path": "/api/v3/providers/oauth2/", "method": "POST"}}	46.188.173.180	2022-01-21 10:36:59.311918+00	{"pk": 1, "email": "jerkovic.tomislav@gmail.com", "username": "akadmin"}	2023-01-21 10:36:59.311172+00	t	{"pk": "20ae98e2224d4bab8e6f4831cdb3a8af", "app": "authentik_tenants", "name": "Default tenant", "model_name": "tenant"}
b0fff8b4-ce02-4404-b71a-af9ffa4531b6	model_updated	authentik.events.signals	{"model": {"pk": "35677a311e914859a8abbb6251cee468", "app": "authentik_core", "name": "myapp", "model_name": "application"}, "http_request": {"args": {}, "path": "/api/v3/core/applications/myapp/", "method": "PUT"}}	46.188.173.180	2022-01-21 10:37:29.36393+00	{"pk": 1, "email": "jerkovic.tomislav@gmail.com", "username": "akadmin"}	2023-01-21 10:37:29.363541+00	t	{"pk": "20ae98e2224d4bab8e6f4831cdb3a8af", "app": "authentik_tenants", "name": "Default tenant", "model_name": "tenant"}
645b1641-8c3e-4d67-8970-278678c186ba	model_updated	authentik.events.signals	{"model": {"pk": 4, "app": "authentik_core", "name": "Demo", "model_name": "user"}, "http_request": {"args": {}, "path": "/api/v3/core/users/4/", "method": "PUT"}}	46.188.173.180	2022-01-21 10:57:29.921765+00	{"pk": 1, "email": "jerkovic.tomislav@gmail.com", "username": "akadmin"}	2023-01-21 10:57:29.921273+00	t	{"pk": "20ae98e2224d4bab8e6f4831cdb3a8af", "app": "authentik_tenants", "name": "Default tenant", "model_name": "tenant"}
4af9f90b-6c8f-43ef-8d7f-f29c8f014d30	impersonation_started	authentik.core.views.impersonate	{"http_request": {"args": {}, "path": "/-/impersonation/4/", "method": "GET"}}	46.188.173.180	2022-01-21 10:57:33.991822+00	{"pk": 1, "email": "jerkovic.tomislav@gmail.com", "username": "akadmin", "on_behalf_of": {"pk": 4, "email": "demo@demo.com", "username": "demo"}}	2023-01-21 10:57:33.991401+00	t	{"pk": "20ae98e2224d4bab8e6f4831cdb3a8af", "app": "authentik_tenants", "name": "Default tenant", "model_name": "tenant"}
9b9ecb2b-0c5c-4f9d-a46d-17b354e13a0e	impersonation_ended	authentik.core.views.impersonate	{"http_request": {"args": {"back": "/if/user/#"}, "path": "/-/impersonation/end/", "method": "GET"}}	46.188.173.180	2022-01-21 10:57:38.510708+00	{"pk": 1, "email": "jerkovic.tomislav@gmail.com", "username": "akadmin"}	2023-01-21 10:57:38.510302+00	t	{"pk": "20ae98e2224d4bab8e6f4831cdb3a8af", "app": "authentik_tenants", "name": "Default tenant", "model_name": "tenant"}
82fa26f5-62c5-44d9-bf6d-186e74402994	model_created	authentik.events.signals	{"model": {"pk": "ccc946ec2f9240c78434de56545bfba8", "app": "authentik_core", "name": "myapp-group-L3", "model_name": "group"}, "http_request": {"args": {}, "path": "/api/v3/core/groups/", "method": "POST"}}	46.188.173.180	2022-01-21 15:31:37.485057+00	{"pk": 1, "email": "jerkovic.tomislav@gmail.com", "username": "akadmin"}	2023-01-21 15:31:37.484648+00	t	{"pk": "20ae98e2224d4bab8e6f4831cdb3a8af", "app": "authentik_tenants", "name": "Default tenant", "model_name": "tenant"}
06be12c8-f78c-4ce1-ac81-55568d7b480a	password_set	authentik.events.signals	{}	255.255.255.255	2022-01-21 16:02:29.345814+00	{"pk": 4, "email": "demo@demo.com", "username": "demo"}	2023-01-21 16:02:29.345525+00	t	{"pk": "c612b530a0f440baa70085c22b4c4223", "app": "authentik_tenants", "name": "Tenant fallback", "model_name": "tenant"}
f0e33c2f-1c90-41b9-9a2f-5320cc0fea5e	model_updated	authentik.events.signals	{"model": {"pk": 4, "app": "authentik_core", "name": "Demo", "model_name": "user"}, "http_request": {"args": {}, "path": "/api/v3/core/users/4/set_password/", "method": "POST"}}	46.188.173.180	2022-01-21 16:02:30.003845+00	{"pk": 1, "email": "jerkovic.tomislav@gmail.com", "username": "akadmin"}	2023-01-21 16:02:30.003436+00	t	{"pk": "20ae98e2224d4bab8e6f4831cdb3a8af", "app": "authentik_tenants", "name": "Default tenant", "model_name": "tenant"}
56cea102-0911-4db5-af99-4873dea02f5c	login	authentik.events.signals	{"auth_method": "password", "http_request": {"args": {"query": "next=%2F"}, "path": "/api/v3/flows/executor/default-authentication-flow/", "method": "GET"}, "auth_method_args": {}}	46.188.173.180	2022-01-21 16:02:52.356675+00	{"pk": 4, "email": "demo@demo.com", "username": "demo"}	2023-01-21 16:02:52.356186+00	t	{"pk": "20ae98e2224d4bab8e6f4831cdb3a8af", "app": "authentik_tenants", "name": "Default tenant", "model_name": "tenant"}
aac410ea-319e-4a57-b66d-d4a3c86d3775	logout	authentik.events.signals	{"http_request": {"args": {"query": ""}, "path": "/api/v3/flows/executor/default-invalidation-flow/", "method": "GET"}}	46.188.173.180	2022-01-21 16:04:58.277762+00	{"pk": 4, "email": "demo@demo.com", "username": "demo"}	2023-01-21 16:04:58.277333+00	t	{"pk": "20ae98e2224d4bab8e6f4831cdb3a8af", "app": "authentik_tenants", "name": "Default tenant", "model_name": "tenant"}
2d7750a0-1d19-425d-8bd0-3c8c07d9cdec	login	authentik.events.signals	{"auth_method": "password", "http_request": {"args": {"query": "next=%2F"}, "path": "/api/v3/flows/executor/default-authentication-flow/", "method": "GET"}, "auth_method_args": {}}	46.188.173.180	2022-01-21 16:05:43.006448+00	{"pk": 4, "email": "demo@demo.com", "username": "demo"}	2023-01-21 16:05:43.005979+00	t	{"pk": "20ae98e2224d4bab8e6f4831cdb3a8af", "app": "authentik_tenants", "name": "Default tenant", "model_name": "tenant"}
ffd5018c-4729-4715-8347-56ea23820898	configuration_error	authentik.providers.oauth2.errors	{"message": "Invalid redirect URI was used. Client used ''. Allowed redirect URIs are ", "http_request": {"args": {"client_id": "5ff1e0946c8d2e35234cdf0e1a94ca1c40d8111d", "response_type": "code"}, "path": "/application/o/authorize/", "method": "GET"}}	46.101.200.215	2022-01-21 17:04:13.123755+00	{"pk": 2, "email": "", "username": "AnonymousUser"}	2023-01-21 17:04:13.121075+00	t	{"pk": "20ae98e2224d4bab8e6f4831cdb3a8af", "app": "authentik_tenants", "name": "Default tenant", "model_name": "tenant"}
93a52021-d334-4428-9b2f-446fc90ec6aa	system_task_exception	authentik.events.monitored_tasks	{"message": "Task notification_transport encountered an error: Traceback (most recent call last):\\n  File \\"/usr/local/lib/python3.10/site-packages/celery/app/trace.py\\", line 451, in trace_task\\n    R = retval = fun(*args, **kwargs)\\n  File \\"/usr/local/lib/python3.10/site-packages/celery/app/trace.py\\", line 734, in __protected_call__\\n    return self.run(*args, **kwargs)\\n  File \\"/usr/local/lib/python3.10/site-packages/sentry_sdk/integrations/celery.py\\", line 197, in _inner\\n    reraise(*exc_info)\\n  File \\"/usr/local/lib/python3.10/site-packages/sentry_sdk/_compat.py\\", line 54, in reraise\\n    raise value\\n  File \\"/usr/local/lib/python3.10/site-packages/sentry_sdk/integrations/celery.py\\", line 192, in _inner\\n    return f(*args, **kwargs)\\n  File \\"/usr/local/lib/python3.10/site-packages/celery/app/autoretry.py\\", line 54, in run\\n    ret = task.retry(exc=exc, **retry_kwargs)\\n  File \\"/usr/local/lib/python3.10/site-packages/celery/app/task.py\\", line 717, in retry\\n    raise_with_context(exc)\\n  File \\"/usr/local/lib/python3.10/site-packages/celery/app/autoretry.py\\", line 34, in run\\n    return task._orig_run(*args, **kwargs)\\n  File \\"/authentik/events/tasks.py\\", line 108, in notification_transport\\n    raise exc\\n  File \\"/authentik/events/tasks.py\\", line 104, in notification_transport\\n    transport.send(notification)\\n  File \\"/authentik/events/models.py\\", line 323, in send\\n    return self.send_email(notification)\\n  File \\"/authentik/events/models.py\\", line 432, in send_email\\n    raise NotificationTransportError from exc\\n"}	\N	2022-01-21 17:04:19.802551+00	{}	2023-01-21 17:04:19.801915+00	t	{"pk": "e60e8924af4e43b099a2cced36ebd475", "app": "authentik_tenants", "name": "Tenant fallback", "model_name": "tenant"}
7f8c2b6a-9e22-4b47-a288-16a2c133699c	model_updated	authentik.events.signals	{"model": {"pk": 1, "app": "authentik_providers_oauth2", "name": "myapp-provider", "model_name": "oauth2provider"}, "http_request": {"args": {}, "path": "/api/v3/providers/oauth2/1/", "method": "PUT"}}	46.188.173.180	2022-01-21 17:14:10.342625+00	{"pk": 1, "email": "jerkovic.tomislav@gmail.com", "username": "akadmin"}	2023-01-21 17:14:10.342201+00	t	{"pk": "20ae98e2224d4bab8e6f4831cdb3a8af", "app": "authentik_tenants", "name": "Default tenant", "model_name": "tenant"}
5df3782c-b8cb-4c54-95d8-cee1e8c21b81	model_updated	authentik.events.signals	{"model": {"pk": 1, "app": "authentik_providers_oauth2", "name": "myapp-provider", "model_name": "oauth2provider"}, "http_request": {"args": {}, "path": "/api/v3/providers/oauth2/1/", "method": "PUT"}}	46.188.173.180	2022-01-21 17:14:18.835682+00	{"pk": 1, "email": "jerkovic.tomislav@gmail.com", "username": "akadmin"}	2023-01-21 17:14:18.83527+00	t	{"pk": "20ae98e2224d4bab8e6f4831cdb3a8af", "app": "authentik_tenants", "name": "Default tenant", "model_name": "tenant"}
8585af01-94d5-4589-8da8-ae4deb5a3025	model_updated	authentik.events.signals	{"model": {"pk": 1, "app": "authentik_providers_oauth2", "name": "myapp-provider", "model_name": "oauth2provider"}, "http_request": {"args": {}, "path": "/api/v3/providers/oauth2/1/", "method": "PUT"}}	46.188.173.180	2022-01-21 17:41:24.147142+00	{"pk": 1, "email": "jerkovic.tomislav@gmail.com", "username": "akadmin"}	2023-01-21 17:41:24.142411+00	t	{"pk": "20ae98e2224d4bab8e6f4831cdb3a8af", "app": "authentik_tenants", "name": "Default tenant", "model_name": "tenant"}
7b173f01-539f-456a-9f63-a9271477c823	login	authentik.events.signals	{"auth_method": "password", "http_request": {"args": {"query": "next=%2F"}, "path": "/api/v3/flows/executor/default-authentication-flow/", "method": "GET"}, "auth_method_args": {}}	46.188.173.180	2022-01-21 17:51:28.306694+00	{"pk": 4, "email": "demo@demo.com", "username": "demo"}	2023-01-21 17:51:28.306165+00	t	{"pk": "20ae98e2224d4bab8e6f4831cdb3a8af", "app": "authentik_tenants", "name": "Default tenant", "model_name": "tenant"}
56251c62-3307-4212-a781-cdbfbc1f2f04	logout	authentik.events.signals	{"http_request": {"args": {"query": ""}, "path": "/api/v3/flows/executor/default-invalidation-flow/", "method": "GET"}}	46.188.173.180	2022-01-21 17:51:35.67488+00	{"pk": 4, "email": "demo@demo.com", "username": "demo"}	2023-01-21 17:51:35.674431+00	t	{"pk": "20ae98e2224d4bab8e6f4831cdb3a8af", "app": "authentik_tenants", "name": "Default tenant", "model_name": "tenant"}
1f43af39-f7cc-4e77-a110-b901b977ffd6	login	authentik.events.signals	{"auth_method": "password", "http_request": {"args": {"query": "next=%2F"}, "path": "/api/v3/flows/executor/default-authentication-flow/", "method": "GET"}, "auth_method_args": {}}	46.188.173.180	2022-01-21 17:53:24.752062+00	{"pk": 1, "email": "jerkovic.tomislav@gmail.com", "username": "akadmin"}	2023-01-21 17:53:24.751696+00	t	{"pk": "20ae98e2224d4bab8e6f4831cdb3a8af", "app": "authentik_tenants", "name": "Default tenant", "model_name": "tenant"}
2e7ccdd0-e23c-412a-9fa4-9c690214e719	model_updated	authentik.events.signals	{"model": {"pk": 1, "app": "authentik_providers_oauth2", "name": "myapp-provider", "model_name": "oauth2provider"}, "http_request": {"args": {}, "path": "/api/v3/providers/oauth2/1/", "method": "PUT"}}	46.188.173.180	2022-01-21 17:54:07.047632+00	{"pk": 1, "email": "jerkovic.tomislav@gmail.com", "username": "akadmin"}	2023-01-21 17:54:07.047106+00	t	{"pk": "20ae98e2224d4bab8e6f4831cdb3a8af", "app": "authentik_tenants", "name": "Default tenant", "model_name": "tenant"}
db3b7ac6-5aed-49c7-9f7e-7083bd877ae2	model_created	authentik.events.signals	{"model": {"pk": 2, "app": "authentik_providers_proxy", "name": "whoami-provider", "model_name": "proxyprovider"}, "http_request": {"args": {}, "path": "/api/v3/providers/proxy/", "method": "POST"}}	46.188.173.180	2022-01-21 18:27:32.567739+00	{"pk": 1, "email": "jerkovic.tomislav@gmail.com", "username": "akadmin"}	2023-01-21 18:27:32.56713+00	t	{"pk": "20ae98e2224d4bab8e6f4831cdb3a8af", "app": "authentik_tenants", "name": "Default tenant", "model_name": "tenant"}
ebe51a77-2495-4210-aa15-7370ada04551	model_updated	authentik.events.signals	{"model": {"pk": 2, "app": "authentik_providers_proxy", "name": "whoami-provider", "model_name": "proxyprovider"}, "http_request": {"args": {}, "path": "/api/v3/providers/proxy/", "method": "POST"}}	46.188.173.180	2022-01-21 18:27:32.658128+00	{"pk": 1, "email": "jerkovic.tomislav@gmail.com", "username": "akadmin"}	2023-01-21 18:27:32.657727+00	t	{"pk": "20ae98e2224d4bab8e6f4831cdb3a8af", "app": "authentik_tenants", "name": "Default tenant", "model_name": "tenant"}
4419048a-0d82-4b72-a593-cb48cc223a92	model_created	authentik.events.signals	{"model": {"pk": "502b38d52b2144d587a7d3b5f8dfbb00", "app": "authentik_core", "name": "whoami-app", "model_name": "application"}, "http_request": {"args": {}, "path": "/api/v3/core/applications/", "method": "POST"}}	46.188.173.180	2022-01-21 18:29:28.086377+00	{"pk": 1, "email": "jerkovic.tomislav@gmail.com", "username": "akadmin"}	2023-01-21 18:29:28.085873+00	t	{"pk": "20ae98e2224d4bab8e6f4831cdb3a8af", "app": "authentik_tenants", "name": "Default tenant", "model_name": "tenant"}
842ce562-9e7f-4464-9ba3-c2b1d2392a2a	model_created	authentik.events.signals	{"model": {"pk": "2a356204367443bb88d8677bb19b647d", "app": "authentik_outposts", "name": "authentik-whoami-output", "model_name": "outpost"}, "http_request": {"args": {}, "path": "/api/v3/outposts/instances/", "method": "POST"}}	46.188.173.180	2022-01-21 18:30:16.128371+00	{"pk": 1, "email": "jerkovic.tomislav@gmail.com", "username": "akadmin"}	2023-01-21 18:30:16.127958+00	t	{"pk": "20ae98e2224d4bab8e6f4831cdb3a8af", "app": "authentik_tenants", "name": "Default tenant", "model_name": "tenant"}
7341ff42-fefa-452c-92b9-e186f34f0a3a	model_updated	authentik.events.signals	{"model": {"pk": "502b38d52b2144d587a7d3b5f8dfbb00", "app": "authentik_core", "name": "whoami-app", "model_name": "application"}, "http_request": {"args": {}, "path": "/api/v3/core/applications/whoami-app/", "method": "PUT"}}	46.188.173.180	2022-01-21 18:31:40.257452+00	{"pk": 1, "email": "jerkovic.tomislav@gmail.com", "username": "akadmin"}	2023-01-21 18:31:40.257122+00	t	{"pk": "20ae98e2224d4bab8e6f4831cdb3a8af", "app": "authentik_tenants", "name": "Default tenant", "model_name": "tenant"}
0760ae28-f970-4e5e-bc9c-98cb4c93235a	model_updated	authentik.events.signals	{"model": {"pk": 5, "app": "authentik_core", "name": "Outpost authentik-whoami-output Service-Account", "model_name": "user"}, "http_request": {"args": {}, "path": "/api/v3/outposts/instances/2a356204-3674-43bb-88d8-677bb19b647d/", "method": "DELETE"}}	46.188.173.180	2022-01-21 18:34:03.670075+00	{"pk": 1, "email": "jerkovic.tomislav@gmail.com", "username": "akadmin"}	2023-01-21 18:34:03.669678+00	t	{"pk": "20ae98e2224d4bab8e6f4831cdb3a8af", "app": "authentik_tenants", "name": "Default tenant", "model_name": "tenant"}
595d2f92-e5a6-457f-8465-77265856f540	model_deleted	authentik.events.signals	{"model": {"pk": "2083c7b12b924726a26536da8e1c3b27", "app": "authentik_core", "name": "ak-outpost-2a356204-3674-43bb-88d8-677bb19b647d-api", "model_name": "token"}, "http_request": {"args": {}, "path": "/api/v3/outposts/instances/2a356204-3674-43bb-88d8-677bb19b647d/", "method": "DELETE"}}	46.188.173.180	2022-01-21 18:34:03.781475+00	{"pk": 1, "email": "jerkovic.tomislav@gmail.com", "username": "akadmin"}	2023-01-21 18:34:03.780898+00	t	{"pk": "20ae98e2224d4bab8e6f4831cdb3a8af", "app": "authentik_tenants", "name": "Default tenant", "model_name": "tenant"}
77e5732e-fa5a-45ac-92d5-c39f10d90ecf	model_deleted	authentik.events.signals	{"model": {"pk": 5, "app": "authentik_core", "name": "Outpost authentik-whoami-output Service-Account", "model_name": "user"}, "http_request": {"args": {}, "path": "/api/v3/outposts/instances/2a356204-3674-43bb-88d8-677bb19b647d/", "method": "DELETE"}}	46.188.173.180	2022-01-21 18:34:03.803903+00	{"pk": 1, "email": "jerkovic.tomislav@gmail.com", "username": "akadmin"}	2023-01-21 18:34:03.803353+00	t	{"pk": "20ae98e2224d4bab8e6f4831cdb3a8af", "app": "authentik_tenants", "name": "Default tenant", "model_name": "tenant"}
5ab2d139-99e2-4e96-b691-8b4efb044a7c	model_deleted	authentik.events.signals	{"model": {"pk": "2a356204367443bb88d8677bb19b647d", "app": "authentik_outposts", "name": "authentik-whoami-output", "model_name": "outpost"}, "http_request": {"args": {}, "path": "/api/v3/outposts/instances/2a356204-3674-43bb-88d8-677bb19b647d/", "method": "DELETE"}}	46.188.173.180	2022-01-21 18:34:03.834303+00	{"pk": 1, "email": "jerkovic.tomislav@gmail.com", "username": "akadmin"}	2023-01-21 18:34:03.833876+00	t	{"pk": "20ae98e2224d4bab8e6f4831cdb3a8af", "app": "authentik_tenants", "name": "Default tenant", "model_name": "tenant"}
fb670d4d-3896-406d-b43f-2913e0188cfe	model_updated	authentik.events.signals	{"model": {"pk": "411f86cfe4104443876b9f3c6aefbd96", "app": "authentik_outposts", "name": "authentik Embedded Outpost", "model_name": "outpost"}, "http_request": {"args": {}, "path": "/api/v3/outposts/instances/411f86cf-e410-4443-876b-9f3c6aefbd96/", "method": "PUT"}}	46.188.173.180	2022-01-21 18:34:15.239127+00	{"pk": 1, "email": "jerkovic.tomislav@gmail.com", "username": "akadmin"}	2023-01-21 18:34:15.238672+00	t	{"pk": "20ae98e2224d4bab8e6f4831cdb3a8af", "app": "authentik_tenants", "name": "Default tenant", "model_name": "tenant"}
c7509921-49b7-48f3-a238-c86584d45546	model_updated	authentik.events.signals	{"model": {"pk": "411f86cfe4104443876b9f3c6aefbd96", "app": "authentik_outposts", "name": "authentik Embedded Outpost", "model_name": "outpost"}, "http_request": {"args": {}, "path": "/api/v3/outposts/instances/411f86cf-e410-4443-876b-9f3c6aefbd96/", "method": "PUT"}}	46.188.173.180	2022-01-21 18:35:29.886047+00	{"pk": 1, "email": "jerkovic.tomislav@gmail.com", "username": "akadmin"}	2023-01-21 18:35:29.885639+00	t	{"pk": "20ae98e2224d4bab8e6f4831cdb3a8af", "app": "authentik_tenants", "name": "Default tenant", "model_name": "tenant"}
3301d744-c997-4f1d-b3e7-3d9ca5bb8e69	login	authentik.events.signals	{"auth_method": "password", "http_request": {"args": {"query": "next=%2F"}, "path": "/api/v3/flows/executor/default-authentication-flow/", "method": "GET"}, "auth_method_args": {}}	46.188.173.180	2022-01-21 18:44:34.261641+00	{"pk": 4, "email": "demo@demo.com", "username": "demo"}	2023-01-21 18:44:34.261047+00	t	{"pk": "20ae98e2224d4bab8e6f4831cdb3a8af", "app": "authentik_tenants", "name": "Default tenant", "model_name": "tenant"}
b538a806-c089-48a9-bf0e-22db8758cd90	logout	authentik.events.signals	{"http_request": {"args": {"query": ""}, "path": "/api/v3/flows/executor/default-invalidation-flow/", "method": "GET"}}	46.188.173.180	2022-01-21 18:44:38.990051+00	{"pk": 4, "email": "demo@demo.com", "username": "demo"}	2023-01-21 18:44:38.989428+00	t	{"pk": "20ae98e2224d4bab8e6f4831cdb3a8af", "app": "authentik_tenants", "name": "Default tenant", "model_name": "tenant"}
cb45a145-3871-4de4-87a1-be72e2ece170	login	authentik.events.signals	{"auth_method": "password", "http_request": {"args": {"query": "next=%2F"}, "path": "/api/v3/flows/executor/default-authentication-flow/", "method": "GET"}, "auth_method_args": {}}	46.188.173.180	2022-01-21 18:45:07.588787+00	{"pk": 1, "email": "jerkovic.tomislav@gmail.com", "username": "akadmin"}	2023-01-21 18:45:07.588269+00	t	{"pk": "20ae98e2224d4bab8e6f4831cdb3a8af", "app": "authentik_tenants", "name": "Default tenant", "model_name": "tenant"}
fb048270-9a1f-41dc-b85d-93b6b4c0f48f	model_updated	authentik.events.signals	{"model": {"pk": 3, "app": "authentik_core", "name": "Outpost authentik Embedded Outpost Service-Account", "model_name": "user"}, "http_request": {"args": {}, "path": "/api/v3/admin/workers/", "method": "GET"}}	46.188.173.180	2022-01-21 18:45:13.099929+00	{"pk": 1, "email": "jerkovic.tomislav@gmail.com", "username": "akadmin"}	2023-01-21 18:45:13.099433+00	t	{"pk": "20ae98e2224d4bab8e6f4831cdb3a8af", "app": "authentik_tenants", "name": "Default tenant", "model_name": "tenant"}
1da1468f-470b-4fbf-964d-c9b9e304f696	model_updated	authentik.events.signals	{"model": {"pk": 3, "app": "authentik_core", "name": "Outpost authentik Embedded Outpost Service-Account", "model_name": "user"}, "http_request": {"args": {}, "path": "/api/v3/outposts/instances/411f86cf-e410-4443-876b-9f3c6aefbd96/health/", "method": "GET"}}	46.188.173.180	2022-01-21 18:45:13.192453+00	{"pk": 1, "email": "jerkovic.tomislav@gmail.com", "username": "akadmin"}	2023-01-21 18:45:13.192027+00	t	{"pk": "20ae98e2224d4bab8e6f4831cdb3a8af", "app": "authentik_tenants", "name": "Default tenant", "model_name": "tenant"}
229ab9c8-8431-41f8-85ac-53b8c91bedff	model_updated	authentik.events.signals	{"model": {"pk": 3, "app": "authentik_core", "name": "Outpost authentik Embedded Outpost Service-Account", "model_name": "user"}, "http_request": {"args": {}, "path": "/api/v3/admin/workers/", "method": "GET"}}	46.188.173.180	2022-01-21 18:45:13.581132+00	{"pk": 1, "email": "jerkovic.tomislav@gmail.com", "username": "akadmin"}	2023-01-21 18:45:13.580282+00	t	{"pk": "20ae98e2224d4bab8e6f4831cdb3a8af", "app": "authentik_tenants", "name": "Default tenant", "model_name": "tenant"}
a4459d86-cbff-4c37-9cd8-a93a369d8701	model_updated	authentik.events.signals	{"model": {"pk": "411f86cfe4104443876b9f3c6aefbd96", "app": "authentik_outposts", "name": "authentik Embedded Outpost", "model_name": "outpost"}, "http_request": {"args": {}, "path": "/api/v3/outposts/instances/411f86cf-e410-4443-876b-9f3c6aefbd96/", "method": "PUT"}}	46.188.173.180	2022-01-21 18:45:27.488896+00	{"pk": 1, "email": "jerkovic.tomislav@gmail.com", "username": "akadmin"}	2023-01-21 18:45:27.48834+00	t	{"pk": "20ae98e2224d4bab8e6f4831cdb3a8af", "app": "authentik_tenants", "name": "Default tenant", "model_name": "tenant"}
8f69e785-19bf-4d29-9058-594eee329aed	model_updated	authentik.events.signals	{"model": {"pk": 2, "app": "authentik_providers_proxy", "name": "whoami-provider", "model_name": "proxyprovider"}, "http_request": {"args": {}, "path": "/api/v3/providers/proxy/2/", "method": "PUT"}}	46.188.173.180	2022-01-21 18:46:10.028671+00	{"pk": 1, "email": "jerkovic.tomislav@gmail.com", "username": "akadmin"}	2023-01-21 18:46:10.028246+00	t	{"pk": "20ae98e2224d4bab8e6f4831cdb3a8af", "app": "authentik_tenants", "name": "Default tenant", "model_name": "tenant"}
50da75c4-008a-4104-8fa2-8777083e5cc2	model_updated	authentik.events.signals	{"model": {"pk": 2, "app": "authentik_providers_proxy", "name": "whoami-provider", "model_name": "proxyprovider"}, "http_request": {"args": {}, "path": "/api/v3/providers/proxy/2/", "method": "PUT"}}	46.188.173.180	2022-01-21 18:46:10.105508+00	{"pk": 1, "email": "jerkovic.tomislav@gmail.com", "username": "akadmin"}	2023-01-21 18:46:10.10509+00	t	{"pk": "20ae98e2224d4bab8e6f4831cdb3a8af", "app": "authentik_tenants", "name": "Default tenant", "model_name": "tenant"}
aae84c3c-0559-4c05-b37c-d830a02b8efb	model_updated	authentik.events.signals	{"model": {"pk": 2, "app": "authentik_providers_proxy", "name": "whoami-provider", "model_name": "proxyprovider"}, "http_request": {"args": {}, "path": "/api/v3/providers/proxy/2/", "method": "PUT"}}	46.188.173.180	2022-01-21 18:47:58.804774+00	{"pk": 1, "email": "jerkovic.tomislav@gmail.com", "username": "akadmin"}	2023-01-21 18:47:58.804316+00	t	{"pk": "20ae98e2224d4bab8e6f4831cdb3a8af", "app": "authentik_tenants", "name": "Default tenant", "model_name": "tenant"}
15220cc3-8243-4f15-9926-852797955f1d	model_updated	authentik.events.signals	{"model": {"pk": 2, "app": "authentik_providers_proxy", "name": "whoami-provider", "model_name": "proxyprovider"}, "http_request": {"args": {}, "path": "/api/v3/providers/proxy/2/", "method": "PUT"}}	46.188.173.180	2022-01-21 18:47:58.859306+00	{"pk": 1, "email": "jerkovic.tomislav@gmail.com", "username": "akadmin"}	2023-01-21 18:47:58.858888+00	t	{"pk": "20ae98e2224d4bab8e6f4831cdb3a8af", "app": "authentik_tenants", "name": "Default tenant", "model_name": "tenant"}
35f6e4b7-aa44-43dd-aef9-b30e633db1e6	model_updated	authentik.events.signals	{"model": {"pk": 2, "app": "authentik_providers_proxy", "name": "whoami-provider", "model_name": "proxyprovider"}, "http_request": {"args": {}, "path": "/api/v3/providers/proxy/2/", "method": "PUT"}}	46.188.173.180	2022-01-21 18:48:19.967761+00	{"pk": 1, "email": "jerkovic.tomislav@gmail.com", "username": "akadmin"}	2023-01-21 18:48:19.967335+00	t	{"pk": "20ae98e2224d4bab8e6f4831cdb3a8af", "app": "authentik_tenants", "name": "Default tenant", "model_name": "tenant"}
8a6b2a72-6664-4eb4-8c71-6ebd4d988173	model_updated	authentik.events.signals	{"model": {"pk": 2, "app": "authentik_providers_proxy", "name": "whoami-provider", "model_name": "proxyprovider"}, "http_request": {"args": {}, "path": "/api/v3/providers/proxy/2/", "method": "PUT"}}	46.188.173.180	2022-01-21 18:48:20.019922+00	{"pk": 1, "email": "jerkovic.tomislav@gmail.com", "username": "akadmin"}	2023-01-21 18:48:20.01949+00	t	{"pk": "20ae98e2224d4bab8e6f4831cdb3a8af", "app": "authentik_tenants", "name": "Default tenant", "model_name": "tenant"}
fc8a8d12-52f4-45e4-b2b9-4009ffd8063c	update_available	authentik.admin.tasks	{"message": "Changelog: https://goauthentik.io/docs/releases/2022.1", "new_version": "2022.1.1"}	\N	2022-01-22 22:00:07.843759+00	{}	2023-01-22 22:00:07.834673+00	t	{"pk": "4fd3501584e94dda8141399da8ec233b", "app": "authentik_tenants", "name": "Tenant fallback", "model_name": "tenant"}
b87b7ca9-8fca-4475-b8c0-f01c995332b9	system_task_exception	authentik.events.monitored_tasks	{"message": "Task notification_transport encountered an error: Traceback (most recent call last):\\n  File \\"/usr/local/lib/python3.10/site-packages/celery/app/trace.py\\", line 451, in trace_task\\n    R = retval = fun(*args, **kwargs)\\n  File \\"/usr/local/lib/python3.10/site-packages/celery/app/trace.py\\", line 734, in __protected_call__\\n    return self.run(*args, **kwargs)\\n  File \\"/usr/local/lib/python3.10/site-packages/sentry_sdk/integrations/celery.py\\", line 197, in _inner\\n    reraise(*exc_info)\\n  File \\"/usr/local/lib/python3.10/site-packages/sentry_sdk/_compat.py\\", line 54, in reraise\\n    raise value\\n  File \\"/usr/local/lib/python3.10/site-packages/sentry_sdk/integrations/celery.py\\", line 192, in _inner\\n    return f(*args, **kwargs)\\n  File \\"/usr/local/lib/python3.10/site-packages/celery/app/autoretry.py\\", line 54, in run\\n    ret = task.retry(exc=exc, **retry_kwargs)\\n  File \\"/usr/local/lib/python3.10/site-packages/celery/app/task.py\\", line 717, in retry\\n    raise_with_context(exc)\\n  File \\"/usr/local/lib/python3.10/site-packages/celery/app/autoretry.py\\", line 34, in run\\n    return task._orig_run(*args, **kwargs)\\n  File \\"/authentik/events/tasks.py\\", line 108, in notification_transport\\n    raise exc\\n  File \\"/authentik/events/tasks.py\\", line 104, in notification_transport\\n    transport.send(notification)\\n  File \\"/authentik/events/models.py\\", line 323, in send\\n    return self.send_email(notification)\\n  File \\"/authentik/events/models.py\\", line 432, in send_email\\n    raise NotificationTransportError from exc\\n"}	\N	2022-01-22 22:00:21.173513+00	{}	2023-01-22 22:00:21.172796+00	t	{"pk": "4fd3501584e94dda8141399da8ec233b", "app": "authentik_tenants", "name": "Tenant fallback", "model_name": "tenant"}
\.


--
-- Data for Name: authentik_events_notification; Type: TABLE DATA; Schema: public; Owner: authentik
--

COPY public.authentik_events_notification (uuid, severity, body, created, seen, event_id, user_id) FROM stdin;
8f6d3c37-5441-4a70-8ccf-ad0e47102183	alert	Invalid redirect URI was used. Client used ''. Allowed redirect URIs are 	2022-01-21 17:04:15.588181+00	f	ffd5018c-4729-4715-8347-56ea23820898	1
eab8eb00-1d55-4246-9399-07c7f3e27db6	alert	Changelog: https://goauthentik.io/docs/releases/2022.1	2022-01-22 22:00:12.24696+00	f	fc8a8d12-52f4-45e4-b2b9-4009ffd8063c	1
\.


--
-- Data for Name: authentik_events_notificationrule; Type: TABLE DATA; Schema: public; Owner: authentik
--

COPY public.authentik_events_notificationrule (policybindingmodel_ptr_id, name, severity, group_id) FROM stdin;
556c22a0-108e-4105-a061-70e5c1134301	default-notify-configuration-error	alert	6c399c39-90d5-432c-8e90-b55c3dface43
020b80e2-6f38-47cf-86bf-6e48c5400ad5	default-notify-update	alert	6c399c39-90d5-432c-8e90-b55c3dface43
5838b8bf-2963-41c7-abe0-379eeb879715	default-notify-exception	alert	6c399c39-90d5-432c-8e90-b55c3dface43
\.


--
-- Data for Name: authentik_events_notificationrule_transports; Type: TABLE DATA; Schema: public; Owner: authentik
--

COPY public.authentik_events_notificationrule_transports (id, notificationrule_id, notificationtransport_id) FROM stdin;
1	556c22a0-108e-4105-a061-70e5c1134301	74efa586-d60e-4015-a49f-5710a3e09754
2	020b80e2-6f38-47cf-86bf-6e48c5400ad5	74efa586-d60e-4015-a49f-5710a3e09754
3	5838b8bf-2963-41c7-abe0-379eeb879715	74efa586-d60e-4015-a49f-5710a3e09754
\.


--
-- Data for Name: authentik_events_notificationtransport; Type: TABLE DATA; Schema: public; Owner: authentik
--

COPY public.authentik_events_notificationtransport (uuid, name, mode, webhook_url, send_once, webhook_mapping_id) FROM stdin;
74efa586-d60e-4015-a49f-5710a3e09754	default-email-transport	email		f	\N
\.


--
-- Data for Name: authentik_events_notificationwebhookmapping; Type: TABLE DATA; Schema: public; Owner: authentik
--

COPY public.authentik_events_notificationwebhookmapping (propertymapping_ptr_id) FROM stdin;
\.


--
-- Data for Name: authentik_flows_flow; Type: TABLE DATA; Schema: public; Owner: authentik
--

COPY public.authentik_flows_flow (flow_uuid, name, slug, designation, policybindingmodel_ptr_id, title, background, compatibility_mode) FROM stdin;
55d52e79-3ee1-4701-945a-78c96cf5c14d	Welcome to authentik!	default-authentication-flow	authentication	80631698-49aa-4222-8e09-3575b4b0b32e	Welcome to authentik!	../static/dist/assets/images/flow_background.jpg	f
e9367ab1-c2a1-4a1a-88ca-701aa3d24430	Logout	default-invalidation-flow	invalidation	86e21fc3-ee05-459a-bbba-3154b3e90095	Default Invalidation Flow	../static/dist/assets/images/flow_background.jpg	f
902c159a-fb7e-4e60-bf60-a5d61ea9c01a	Change Password	default-password-change	stage_configuration	4a0c91cf-c324-474f-88a1-def23399b857	Change password	../static/dist/assets/images/flow_background.jpg	f
1211e5c6-00d5-4e21-8ba4-47828de9dee4	Welcome to authentik! Please select a username.	default-source-enrollment	enrollment	bb01c8d6-1de4-4dd1-9e42-c8124dfb4086	Welcome to authentik! Please select a username.	../static/dist/assets/images/flow_background.jpg	f
8913123a-f464-4e88-9fb3-3ca31df98996	Welcome to authentik!	default-source-authentication	authentication	ececdf1f-af21-45e2-8c19-23f18a74e393	Welcome to authentik!	../static/dist/assets/images/flow_background.jpg	f
cdffdbd2-0edc-4fa0-b76d-2d1994ea5a06	default-oobe-setup	initial-setup	stage_configuration	39d61374-6172-436f-8430-b65751933bad	Welcome to authentik!	../static/dist/assets/images/flow_background.jpg	f
b8cf9b65-56b0-4295-a73d-5391e8fdf78d	Authorize Application	default-provider-authorization-implicit-consent	authorization	6419bd0e-6877-4fc0-92eb-15053f7aac88	Redirecting to %(app)s	../static/dist/assets/images/flow_background.jpg	f
f47b49e2-3baa-460d-9ba7-ff57b6dfd04a	Authorize Application	default-provider-authorization-explicit-consent	authorization	f8f03b26-5150-4973-98ad-3ece21df25ca	Redirecting to %(app)s	../static/dist/assets/images/flow_background.jpg	f
5dbb3e09-10a4-4acc-9d2b-998343e25213	Pre-Authentication	default-source-pre-authentication	stage_configuration	02d38fd2-41df-4ced-a61e-e6f5013ca404			f
90951cfe-58d7-441a-a284-b2c8dcb3f8e9	default-authenticator-static-setup	default-authenticator-static-setup	stage_configuration	5d542da3-d283-4122-ada5-dcd6658e756c	Setup Static OTP Tokens		f
595bd4dc-f908-4485-8cb2-e2b24ccd6733	default-authenticator-totp-setup	default-authenticator-totp-setup	stage_configuration	b028bfe8-079b-4e81-b25b-0b5dd9f5d19c	Setup Two-Factor authentication		f
a9aa1af6-eefc-4a36-8e4d-700231f064ea	default-authenticator-webauthn-setup	default-authenticator-webauthn-setup	stage_configuration	4bedffeb-32b7-4e3f-9622-f67f5924ddff	Setup WebAuthn		f
\.


--
-- Data for Name: authentik_flows_flowstagebinding; Type: TABLE DATA; Schema: public; Owner: authentik
--

COPY public.authentik_flows_flowstagebinding (policybindingmodel_ptr_id, fsb_uuid, re_evaluate_policies, "order", target_id, stage_id, evaluate_on_plan, invalid_response_action) FROM stdin;
2b9f0e15-a587-4b71-ad52-f94f23ef68fb	cd01752c-50f9-4fca-8b08-b8db4e1e1af1	f	10	55d52e79-3ee1-4701-945a-78c96cf5c14d	150952aa-f85d-4fa8-acbb-eae9311af0b2	t	retry
1a845e8e-38f0-4cb4-a9fc-f43565cc11cb	1814138b-0e7c-4a25-9cd0-fdf458440422	f	20	55d52e79-3ee1-4701-945a-78c96cf5c14d	0d4b5b79-661e-46e9-a141-3b046e0dc909	t	retry
fc838855-fe47-427b-8811-54cedafe0f93	5186f86b-cd31-4385-a804-5a198f436318	f	100	55d52e79-3ee1-4701-945a-78c96cf5c14d	dc7e79c7-d8e9-4b2e-8b57-0ca924e7a926	t	retry
2ce65980-7a6c-4f2f-bf67-afc6e0dcb54a	35ef849a-1de5-468b-96b4-dccb3213668a	f	0	e9367ab1-c2a1-4a1a-88ca-701aa3d24430	fa7275e1-6101-44c8-9fcb-37f1fc2ca8f4	t	retry
d5635729-e497-42a1-9074-9da7f402791b	d7c44be9-c0df-4d93-91fd-932cef98e9f2	f	0	902c159a-fb7e-4e60-bf60-a5d61ea9c01a	2b45b130-f4a9-4d01-a3af-751a32df9503	t	retry
21bb72b0-c37b-4076-a596-be138830982c	1d7efbe7-8e37-43ec-a681-5630a2669dda	f	1	902c159a-fb7e-4e60-bf60-a5d61ea9c01a	fe47f495-543a-490c-a8b2-5ed30aa0bcf8	t	retry
a342d4fd-0626-4bd5-823d-87ef91e854bd	f07f031b-18c2-4b65-9ce5-e98916a38d4d	f	1	1211e5c6-00d5-4e21-8ba4-47828de9dee4	8f4db716-b569-4dba-bece-a22fcbb5833e	t	retry
886156b9-e9ef-4132-bd39-ba008329b7aa	e76947da-312b-40b9-bee4-05a8c1de3aaa	f	2	1211e5c6-00d5-4e21-8ba4-47828de9dee4	a074110f-b8a9-403f-8de6-047e05475fe6	t	retry
1136d29b-ba7c-4722-89c6-cdb9db97e6c3	8d914dce-4fd5-4b0d-a3d9-caabb10993b6	f	0	8913123a-f464-4e88-9fb3-3ca31df98996	267ac981-bef1-4ffd-a6da-609b80d791d6	t	retry
58d90dc3-0dbd-4581-b278-f1e93e8c6712	be1fb889-1a65-4864-b329-d2d643ca2e1f	f	0	f47b49e2-3baa-460d-9ba7-ff57b6dfd04a	ad36f500-61f5-4678-87ac-99d57c31c0e5	t	retry
f8e23500-889e-487a-a92f-eebfa6a3bf2f	c649abd5-6f64-4854-af0b-7ca38a49ee12	t	0	1211e5c6-00d5-4e21-8ba4-47828de9dee4	46e579f8-96d5-4c50-ac07-e5db6b2ed5aa	t	retry
285d2593-3221-466e-b3f2-d869db3722d3	99456e48-528d-4e93-845a-6095afa13f68	f	10	cdffdbd2-0edc-4fa0-b76d-2d1994ea5a06	f826e2d4-8da6-4a87-96e7-7d722fdfe8d7	t	retry
38393e4b-fc9d-4df3-8526-c30bfca85e3a	efc7167f-f4c5-4b77-972a-8896c3368280	t	20	cdffdbd2-0edc-4fa0-b76d-2d1994ea5a06	fe47f495-543a-490c-a8b2-5ed30aa0bcf8	f	retry
005b2b7c-ea9c-49ec-b24b-aaa6a9706e38	88a94c4f-125e-4cd4-ab04-8cb633d5dddc	f	100	cdffdbd2-0edc-4fa0-b76d-2d1994ea5a06	dc7e79c7-d8e9-4b2e-8b57-0ca924e7a926	t	retry
ee8bab5b-ec90-4142-823e-a366559a595f	9d014442-1f1f-430b-a864-953db4b89628	f	0	90951cfe-58d7-441a-a284-b2c8dcb3f8e9	9ffd7ecc-1fc3-472e-a882-77e63f560edd	t	retry
6450789a-0277-4a49-99f8-f942dfff1d8b	e7fc2e11-f5c5-426f-92d8-639584690db5	f	0	595bd4dc-f908-4485-8cb2-e2b24ccd6733	1c74618b-9fdd-42f7-8257-3f51a1faf1a6	t	retry
0e3945e2-7423-4c63-a8b0-492852c4f166	727a32a6-b693-48b4-a22f-3c6c3751d5c0	f	30	55d52e79-3ee1-4701-945a-78c96cf5c14d	a4b7a1c8-a930-40ea-9c5a-18bd65d6ab33	t	retry
a793008a-4551-44cf-b4fa-7f8fda0991bd	40304c26-06ce-4c63-9751-336addd88efa	f	0	a9aa1af6-eefc-4a36-8e4d-700231f064ea	782a083e-7be6-44c6-812a-47609d4cc87e	t	retry
\.


--
-- Data for Name: authentik_flows_flowtoken; Type: TABLE DATA; Schema: public; Owner: authentik
--

COPY public.authentik_flows_flowtoken (token_ptr_id, _plan, flow_id) FROM stdin;
\.


--
-- Data for Name: authentik_flows_stage; Type: TABLE DATA; Schema: public; Owner: authentik
--

COPY public.authentik_flows_stage (stage_uuid, name) FROM stdin;
fa7275e1-6101-44c8-9fcb-37f1fc2ca8f4	default-invalidation-logout
2b45b130-f4a9-4d01-a3af-751a32df9503	default-password-change-prompt
46e579f8-96d5-4c50-ac07-e5db6b2ed5aa	default-source-enrollment-prompt
8f4db716-b569-4dba-bece-a22fcbb5833e	default-source-enrollment-write
a074110f-b8a9-403f-8de6-047e05475fe6	default-source-enrollment-login
267ac981-bef1-4ffd-a6da-609b80d791d6	default-source-authentication-login
ad36f500-61f5-4678-87ac-99d57c31c0e5	default-provider-authorization-consent
f826e2d4-8da6-4a87-96e7-7d722fdfe8d7	default-oobe-password
fe47f495-543a-490c-a8b2-5ed30aa0bcf8	default-password-change-write
dc7e79c7-d8e9-4b2e-8b57-0ca924e7a926	default-authentication-login
9ffd7ecc-1fc3-472e-a882-77e63f560edd	default-authenticator-static-setup
1c74618b-9fdd-42f7-8257-3f51a1faf1a6	default-authenticator-totp-setup
a4b7a1c8-a930-40ea-9c5a-18bd65d6ab33	default-authentication-mfa-validation
782a083e-7be6-44c6-812a-47609d4cc87e	default-authenticator-webauthn-setup
150952aa-f85d-4fa8-acbb-eae9311af0b2	default-authentication-identification
0d4b5b79-661e-46e9-a141-3b046e0dc909	default-authentication-password
\.


--
-- Data for Name: authentik_outposts_dockerserviceconnection; Type: TABLE DATA; Schema: public; Owner: authentik
--

COPY public.authentik_outposts_dockerserviceconnection (outpostserviceconnection_ptr_id, url, tls_authentication_id, tls_verification_id) FROM stdin;
e4ab886c-8e7e-4b53-b6df-13d7ff99d2d1	/var/run/docker.sock	\N	\N
\.


--
-- Data for Name: authentik_outposts_kubernetesserviceconnection; Type: TABLE DATA; Schema: public; Owner: authentik
--

COPY public.authentik_outposts_kubernetesserviceconnection (outpostserviceconnection_ptr_id, kubeconfig) FROM stdin;
\.


--
-- Data for Name: authentik_outposts_outpost; Type: TABLE DATA; Schema: public; Owner: authentik
--

COPY public.authentik_outposts_outpost (uuid, name, _config, type, service_connection_id, managed) FROM stdin;
411f86cf-e410-4443-876b-9f3c6aefbd96	authentik Embedded Outpost	{"log_level": "info", "authentik_host": "http://46.101.200.215:9000", "docker_network": null, "container_image": null, "docker_map_ports": true, "kubernetes_replicas": 1, "kubernetes_namespace": "default", "authentik_host_browser": "", "object_naming_template": "ak-outpost-%(name)s", "authentik_host_insecure": false, "kubernetes_service_type": "ClusterIP", "kubernetes_image_pull_secrets": [], "kubernetes_disabled_components": ["deployment", "secret"], "kubernetes_ingress_annotations": {}, "kubernetes_ingress_secret_name": "authentik-outpost-tls"}	proxy	e4ab886c-8e7e-4b53-b6df-13d7ff99d2d1	goauthentik.io/outposts/embedded
\.


--
-- Data for Name: authentik_outposts_outpost_providers; Type: TABLE DATA; Schema: public; Owner: authentik
--

COPY public.authentik_outposts_outpost_providers (id, outpost_id, provider_id) FROM stdin;
2	411f86cf-e410-4443-876b-9f3c6aefbd96	2
\.


--
-- Data for Name: authentik_outposts_outpostserviceconnection; Type: TABLE DATA; Schema: public; Owner: authentik
--

COPY public.authentik_outposts_outpostserviceconnection (uuid, name, local) FROM stdin;
e4ab886c-8e7e-4b53-b6df-13d7ff99d2d1	Local Docker connection	t
\.


--
-- Data for Name: authentik_policies_dummy_dummypolicy; Type: TABLE DATA; Schema: public; Owner: authentik
--

COPY public.authentik_policies_dummy_dummypolicy (policy_ptr_id, result, wait_min, wait_max) FROM stdin;
\.


--
-- Data for Name: authentik_policies_event_matcher_eventmatcherpolicy; Type: TABLE DATA; Schema: public; Owner: authentik
--

COPY public.authentik_policies_event_matcher_eventmatcherpolicy (policy_ptr_id, action, client_ip, app) FROM stdin;
36d10349-8323-4aed-a359-deb9f05c953b	configuration_error		
0c64b7b2-15ca-48c7-ab5e-348aa1a44130	update_available		
ffdcc4fb-5bc6-487f-8194-1193446d37dd	policy_exception		
0e8dd1b4-fdba-4327-adbb-9f8097fe3f24	property_mapping_exception		
\.


--
-- Data for Name: authentik_policies_expiry_passwordexpirypolicy; Type: TABLE DATA; Schema: public; Owner: authentik
--

COPY public.authentik_policies_expiry_passwordexpirypolicy (policy_ptr_id, deny_only, days) FROM stdin;
\.


--
-- Data for Name: authentik_policies_expression_expressionpolicy; Type: TABLE DATA; Schema: public; Owner: authentik
--

COPY public.authentik_policies_expression_expressionpolicy (policy_ptr_id, expression) FROM stdin;
74bc0a96-1d05-4e80-ad56-5a6fdde59a64	# This policy ensures that this flow can only be used when the user\n# is in a SSO Flow (meaning they come from an external IdP)\nreturn ak_is_sso_flow
29c95b41-27b4-480f-b616-90efe33d893b	# Check if we've not been given a username by the external IdP\n# and trigger the enrollment flow\nreturn 'username' not in context.get('prompt_data', {})
8442a43c-3ce8-4914-9650-aa5c32feab85	# This policy ensures that this flow can only be used when the user\n# is in a SSO Flow (meaning they come from an external IdP)\nreturn ak_is_sso_flow
bfaa5e85-ca4e-42bb-8d3f-2226dfa4a05b	# This policy sets the user for the currently running flow\n# by injecting "pending_user"\nakadmin = ak_user_by(username="akadmin")\ncontext["pending_user"] = akadmin\nreturn True
f72a1fa5-381f-497f-9581-47bfcdfb64d7	# This policy ensures that the setup flow can only be\n# executed when the admin user doesn't have a password set\nakadmin = ak_user_by(username="akadmin")\nreturn not akadmin.has_usable_password()
\.


--
-- Data for Name: authentik_policies_hibp_haveibeenpwendpolicy; Type: TABLE DATA; Schema: public; Owner: authentik
--

COPY public.authentik_policies_hibp_haveibeenpwendpolicy (policy_ptr_id, allowed_count, password_field) FROM stdin;
\.


--
-- Data for Name: authentik_policies_password_passwordpolicy; Type: TABLE DATA; Schema: public; Owner: authentik
--

COPY public.authentik_policies_password_passwordpolicy (policy_ptr_id, amount_uppercase, amount_lowercase, amount_symbols, length_min, symbol_charset, error_message, password_field, amount_digits) FROM stdin;
\.


--
-- Data for Name: authentik_policies_policy; Type: TABLE DATA; Schema: public; Owner: authentik
--

COPY public.authentik_policies_policy (created, last_updated, policy_uuid, name, execution_logging) FROM stdin;
2022-01-20 15:03:29.549066+00	2022-01-20 15:03:29.549085+00	36d10349-8323-4aed-a359-deb9f05c953b	default-match-configuration-error	f
2022-01-20 15:03:29.683077+00	2022-01-20 15:03:29.683098+00	0c64b7b2-15ca-48c7-ab5e-348aa1a44130	default-match-update	f
2022-01-20 15:03:29.815623+00	2022-01-20 15:03:29.815651+00	ffdcc4fb-5bc6-487f-8194-1193446d37dd	default-match-policy-exception	f
2022-01-20 15:03:29.827759+00	2022-01-20 15:03:29.827781+00	0e8dd1b4-fdba-4327-adbb-9f8097fe3f24	default-match-property-mapping-exception	f
2022-01-20 15:03:33.079431+00	2022-01-20 15:03:37.343196+00	74bc0a96-1d05-4e80-ad56-5a6fdde59a64	default-source-enrollment-if-sso	f
2022-01-20 15:03:33.149392+00	2022-01-20 15:03:37.346676+00	29c95b41-27b4-480f-b616-90efe33d893b	default-source-enrollment-if-username	f
2022-01-20 15:03:33.399685+00	2022-01-20 15:03:37.349846+00	8442a43c-3ce8-4914-9650-aa5c32feab85	default-source-authentication-if-sso	f
2022-01-20 15:03:35.327376+00	2022-01-20 15:03:37.352717+00	bfaa5e85-ca4e-42bb-8d3f-2226dfa4a05b	default-oobe-prefill-user	f
2022-01-20 15:03:35.339116+00	2022-01-20 15:03:37.355671+00	f72a1fa5-381f-497f-9581-47bfcdfb64d7	default-oobe-password-usable	f
\.


--
-- Data for Name: authentik_policies_policybinding; Type: TABLE DATA; Schema: public; Owner: authentik
--

COPY public.authentik_policies_policybinding (policy_binding_uuid, enabled, "order", policy_id, target_id, negate, timeout, group_id, user_id) FROM stdin;
d9cf617d-5c1e-4af6-a0a8-4e7c370440b3	t	0	36d10349-8323-4aed-a359-deb9f05c953b	556c22a0-108e-4105-a061-70e5c1134301	f	30	\N	\N
b9ce6e70-5955-4760-81ed-a4421d03f6cc	t	0	0c64b7b2-15ca-48c7-ab5e-348aa1a44130	020b80e2-6f38-47cf-86bf-6e48c5400ad5	f	30	\N	\N
f76d7ff6-21ea-4e6d-87a3-f6b18dcf55a2	t	0	ffdcc4fb-5bc6-487f-8194-1193446d37dd	5838b8bf-2963-41c7-abe0-379eeb879715	f	30	\N	\N
19d014d4-670d-4424-bfa0-7d09ff863af2	t	1	0e8dd1b4-fdba-4327-adbb-9f8097fe3f24	5838b8bf-2963-41c7-abe0-379eeb879715	f	30	\N	\N
2155cef1-1191-405b-a5c9-6f4b5db01023	t	0	74bc0a96-1d05-4e80-ad56-5a6fdde59a64	bb01c8d6-1de4-4dd1-9e42-c8124dfb4086	f	30	\N	\N
dd82aebf-9714-44b9-b987-2c830d2f71a3	t	0	29c95b41-27b4-480f-b616-90efe33d893b	f8e23500-889e-487a-a92f-eebfa6a3bf2f	f	30	\N	\N
7e385d3b-eb78-48ad-94a7-f33010c1fcb6	t	0	8442a43c-3ce8-4914-9650-aa5c32feab85	ececdf1f-af21-45e2-8c19-23f18a74e393	f	30	\N	\N
50e56f1f-71e9-4ceb-af28-580807aad5ea	t	0	f72a1fa5-381f-497f-9581-47bfcdfb64d7	39d61374-6172-436f-8430-b65751933bad	f	30	\N	\N
01f3884e-aab0-4686-95b7-a3b431aeed43	t	0	bfaa5e85-ca4e-42bb-8d3f-2226dfa4a05b	38393e4b-fc9d-4df3-8526-c30bfca85e3a	f	30	\N	\N
\.


--
-- Data for Name: authentik_policies_policybindingmodel; Type: TABLE DATA; Schema: public; Owner: authentik
--

COPY public.authentik_policies_policybindingmodel (pbm_uuid, policy_engine_mode) FROM stdin;
556c22a0-108e-4105-a061-70e5c1134301	all
020b80e2-6f38-47cf-86bf-6e48c5400ad5	all
5838b8bf-2963-41c7-abe0-379eeb879715	all
80631698-49aa-4222-8e09-3575b4b0b32e	all
2b9f0e15-a587-4b71-ad52-f94f23ef68fb	all
1a845e8e-38f0-4cb4-a9fc-f43565cc11cb	all
fc838855-fe47-427b-8811-54cedafe0f93	all
86e21fc3-ee05-459a-bbba-3154b3e90095	all
2ce65980-7a6c-4f2f-bf67-afc6e0dcb54a	all
4a0c91cf-c324-474f-88a1-def23399b857	all
d5635729-e497-42a1-9074-9da7f402791b	all
21bb72b0-c37b-4076-a596-be138830982c	all
bb01c8d6-1de4-4dd1-9e42-c8124dfb4086	all
f8e23500-889e-487a-a92f-eebfa6a3bf2f	all
a342d4fd-0626-4bd5-823d-87ef91e854bd	all
886156b9-e9ef-4132-bd39-ba008329b7aa	all
ececdf1f-af21-45e2-8c19-23f18a74e393	all
1136d29b-ba7c-4722-89c6-cdb9db97e6c3	all
6419bd0e-6877-4fc0-92eb-15053f7aac88	all
f8f03b26-5150-4973-98ad-3ece21df25ca	all
58d90dc3-0dbd-4581-b278-f1e93e8c6712	all
39d61374-6172-436f-8430-b65751933bad	all
285d2593-3221-466e-b3f2-d869db3722d3	all
38393e4b-fc9d-4df3-8526-c30bfca85e3a	all
005b2b7c-ea9c-49ec-b24b-aaa6a9706e38	all
02d38fd2-41df-4ced-a61e-e6f5013ca404	any
5d542da3-d283-4122-ada5-dcd6658e756c	any
ee8bab5b-ec90-4142-823e-a366559a595f	any
b028bfe8-079b-4e81-b25b-0b5dd9f5d19c	any
6450789a-0277-4a49-99f8-f942dfff1d8b	any
0e3945e2-7423-4c63-a8b0-492852c4f166	any
4bedffeb-32b7-4e3f-9622-f67f5924ddff	any
a793008a-4551-44cf-b4fa-7f8fda0991bd	any
502b38d5-2b21-44d5-87a7-d3b5f8dfbb00	all
35677a31-1e91-4859-a8ab-bb6251cee468	any
f64f7348-66d8-4a6f-9872-b712997f9a77	any
\.


--
-- Data for Name: authentik_policies_reputation_reputation; Type: TABLE DATA; Schema: public; Owner: authentik
--

COPY public.authentik_policies_reputation_reputation (reputation_uuid, identifier, ip, ip_geo_data, score, updated) FROM stdin;
13b11a8d-3cb7-4c03-a4d6-87e3c5279b3a	demo	46.188.173.180	{}	1	2022-01-21 16:02:52.472798+00
2be1d3c6-f964-4e67-933e-ad249ba9307a	akadmin	46.188.173.180	{}	1	2022-01-20 15:24:24.657129+00
\.


--
-- Data for Name: authentik_policies_reputation_reputationpolicy; Type: TABLE DATA; Schema: public; Owner: authentik
--

COPY public.authentik_policies_reputation_reputationpolicy (policy_ptr_id, check_ip, check_username, threshold) FROM stdin;
\.


--
-- Data for Name: authentik_providers_ldap_ldapprovider; Type: TABLE DATA; Schema: public; Owner: authentik
--

COPY public.authentik_providers_ldap_ldapprovider (provider_ptr_id, base_dn, search_group_id, certificate_id, tls_server_name, gid_start_number, uid_start_number, search_mode) FROM stdin;
\.


--
-- Data for Name: authentik_providers_oauth2_authorizationcode; Type: TABLE DATA; Schema: public; Owner: authentik
--

COPY public.authentik_providers_oauth2_authorizationcode (id, expires, expiring, _scope, code, nonce, is_open_id, code_challenge, code_challenge_method, provider_id, user_id, revoked) FROM stdin;
\.


--
-- Data for Name: authentik_providers_oauth2_oauth2provider; Type: TABLE DATA; Schema: public; Owner: authentik
--

COPY public.authentik_providers_oauth2_oauth2provider (provider_ptr_id, client_type, client_id, client_secret, redirect_uris, include_claims_in_id_token, token_validity, signing_key_id, sub_mode, issuer_mode, access_code_validity) FROM stdin;
1	confidential	5ff1e0946c8d2e35234cdf0e1a94ca1c40d8111d	76b7b79ebc181af155192133bd9215177db2dcd3345438af3b117d2db275892c3917d526064d030cfef95850ae9176c2df25c350f85614c57e54ea4903afb7ae	https://solution-space.org	t	days=30	9d881b4c-f67f-4253-9f2e-843f10b53b46	hashed_user_id	per_provider	minutes=15
2	confidential	QWqd3JTAZascPlMqpdjI3CxaplbtmVhAc59XyNMC	gy0zU[X*BTZIHxoB8m%{m&OAo1oMU=aDIq19D[)0eRq0?eOL4L`?d&2MgeO]D$2$QYZKC]]v^&$f7DxVrJUBh4E"21dd1qtT)Iz?G5kG:#|#KN8c/l5BRq>.*)o<5B:d	https://solution-space.org/akprox/callback	t	hours=24	\N	hashed_user_id	per_provider	minutes=1
\.


--
-- Data for Name: authentik_providers_oauth2_refreshtoken; Type: TABLE DATA; Schema: public; Owner: authentik
--

COPY public.authentik_providers_oauth2_refreshtoken (id, expires, expiring, _scope, access_token, refresh_token, _id_token, provider_id, user_id, revoked) FROM stdin;
\.


--
-- Data for Name: authentik_providers_oauth2_scopemapping; Type: TABLE DATA; Schema: public; Owner: authentik
--

COPY public.authentik_providers_oauth2_scopemapping (propertymapping_ptr_id, scope_name, description) FROM stdin;
230d09ef-dd25-4d67-b5c5-b6a08d57b260	openid	
74684497-4e2d-4406-8174-e14f0415dfbb	email	Email address
aeab227d-022e-42fc-a25f-8fea492fef76	profile	General Profile Information
3888225f-d94e-4c96-916e-ad18adf6b7d3	ak_proxy	
\.


--
-- Data for Name: authentik_providers_proxy_proxyprovider; Type: TABLE DATA; Schema: public; Owner: authentik
--

COPY public.authentik_providers_proxy_proxyprovider (oauth2provider_ptr_id, internal_host, external_host, cookie_secret, certificate_id, skip_path_regex, internal_host_ssl_validation, basic_auth_enabled, basic_auth_password_attribute, basic_auth_user_attribute, cookie_domain, mode) FROM stdin;
2	http://192.168.64.3:34888	https://solution-space.org/	G4MWKXS7C4CTSX1WR05I0ZPLJJG2IMGE	\N		f	f				proxy
\.


--
-- Data for Name: authentik_providers_saml_samlpropertymapping; Type: TABLE DATA; Schema: public; Owner: authentik
--

COPY public.authentik_providers_saml_samlpropertymapping (propertymapping_ptr_id, saml_name, friendly_name) FROM stdin;
80ee3586-a1ad-48db-bd7c-dbe5f32d3070	http://schemas.xmlsoap.org/ws/2005/05/identity/claims/upn	
3d436fc8-70b0-4289-84ac-44565f143ece	http://schemas.xmlsoap.org/ws/2005/05/identity/claims/name	
bd7ff237-4737-4d98-9c8a-885cbf14fa60	http://schemas.xmlsoap.org/ws/2005/05/identity/claims/emailaddress	
dd0233fb-9d0b-449d-94c3-296e998382ae	http://schemas.goauthentik.io/2021/02/saml/username	
1e58130d-7a87-4130-b68c-c00b588cfbf4	http://schemas.goauthentik.io/2021/02/saml/uid	
1186258e-d6fa-4ac4-8e08-93dbc145e578	http://schemas.xmlsoap.org/claims/Group	
25b75252-8aff-45cc-aeb9-671e9c3663eb	http://schemas.microsoft.com/ws/2008/06/identity/claims/windowsaccountname	
\.


--
-- Data for Name: authentik_providers_saml_samlprovider; Type: TABLE DATA; Schema: public; Owner: authentik
--

COPY public.authentik_providers_saml_samlprovider (provider_ptr_id, acs_url, audience, issuer, assertion_valid_not_before, assertion_valid_not_on_or_after, session_valid_not_on_or_after, digest_algorithm, signature_algorithm, signing_kp_id, sp_binding, verification_kp_id, name_id_mapping_id) FROM stdin;
\.


--
-- Data for Name: authentik_sources_ldap_ldappropertymapping; Type: TABLE DATA; Schema: public; Owner: authentik
--

COPY public.authentik_sources_ldap_ldappropertymapping (propertymapping_ptr_id, object_field) FROM stdin;
669abd9f-9469-4666-8d62-06af65ec9d39	name
e349c86d-4ad2-4695-8cae-1d7291c049d7	email
7a06f6e5-12a8-4255-a7e2-cae0e7060d8f	username
b82d91dd-e940-496b-9e29-7a009e2c20a7	attributes.upn
ebaab181-0148-404a-b5c9-86fc544123bb	attributes.givenName
d55edcdb-5e3d-4dda-841c-48821db0fca4	attributes.sn
54d02592-e24d-4107-b5a1-1a002454632b	username
22a3038c-2350-4a4b-9192-a40b9f26eda7	name
\.


--
-- Data for Name: authentik_sources_ldap_ldapsource; Type: TABLE DATA; Schema: public; Owner: authentik
--

COPY public.authentik_sources_ldap_ldapsource (source_ptr_id, server_uri, bind_cn, bind_password, start_tls, base_dn, additional_user_dn, additional_group_dn, user_object_filter, group_object_filter, object_uniqueness_field, sync_groups, sync_parent_group_id, sync_users, sync_users_password, group_membership_field, peer_certificate_id) FROM stdin;
\.


--
-- Data for Name: authentik_sources_ldap_ldapsource_property_mappings_group; Type: TABLE DATA; Schema: public; Owner: authentik
--

COPY public.authentik_sources_ldap_ldapsource_property_mappings_group (id, ldapsource_id, propertymapping_id) FROM stdin;
\.


--
-- Data for Name: authentik_sources_oauth_oauthsource; Type: TABLE DATA; Schema: public; Owner: authentik
--

COPY public.authentik_sources_oauth_oauthsource (source_ptr_id, provider_type, request_token_url, authorization_url, access_token_url, profile_url, consumer_key, consumer_secret, additional_scopes) FROM stdin;
\.


--
-- Data for Name: authentik_sources_oauth_useroauthsourceconnection; Type: TABLE DATA; Schema: public; Owner: authentik
--

COPY public.authentik_sources_oauth_useroauthsourceconnection (usersourceconnection_ptr_id, identifier, access_token) FROM stdin;
\.


--
-- Data for Name: authentik_sources_plex_plexsource; Type: TABLE DATA; Schema: public; Owner: authentik
--

COPY public.authentik_sources_plex_plexsource (source_ptr_id, client_id, allowed_servers, allow_friends, plex_token) FROM stdin;
\.


--
-- Data for Name: authentik_sources_plex_plexsourceconnection; Type: TABLE DATA; Schema: public; Owner: authentik
--

COPY public.authentik_sources_plex_plexsourceconnection (usersourceconnection_ptr_id, plex_token, identifier) FROM stdin;
\.


--
-- Data for Name: authentik_sources_saml_samlsource; Type: TABLE DATA; Schema: public; Owner: authentik
--

COPY public.authentik_sources_saml_samlsource (source_ptr_id, issuer, sso_url, slo_url, signing_kp_id, binding_type, temporary_user_delete_after, name_id_policy, allow_idp_initiated, digest_algorithm, signature_algorithm, pre_authentication_flow_id) FROM stdin;
\.


--
-- Data for Name: authentik_stages_authenticator_duo_authenticatorduostage; Type: TABLE DATA; Schema: public; Owner: authentik
--

COPY public.authentik_stages_authenticator_duo_authenticatorduostage (stage_ptr_id, client_id, client_secret, api_hostname, configure_flow_id) FROM stdin;
\.


--
-- Data for Name: authentik_stages_authenticator_duo_duodevice; Type: TABLE DATA; Schema: public; Owner: authentik
--

COPY public.authentik_stages_authenticator_duo_duodevice (id, name, confirmed, duo_user_id, stage_id, user_id) FROM stdin;
\.


--
-- Data for Name: authentik_stages_authenticator_sms_authenticatorsmsstage; Type: TABLE DATA; Schema: public; Owner: authentik
--

COPY public.authentik_stages_authenticator_sms_authenticatorsmsstage (stage_ptr_id, provider, account_sid, auth, configure_flow_id, from_number, auth_password, auth_type) FROM stdin;
\.


--
-- Data for Name: authentik_stages_authenticator_sms_smsdevice; Type: TABLE DATA; Schema: public; Owner: authentik
--

COPY public.authentik_stages_authenticator_sms_smsdevice (id, name, confirmed, token, valid_until, phone_number, stage_id, user_id) FROM stdin;
\.


--
-- Data for Name: authentik_stages_authenticator_static_authenticatorstaticstage; Type: TABLE DATA; Schema: public; Owner: authentik
--

COPY public.authentik_stages_authenticator_static_authenticatorstaticstage (stage_ptr_id, token_count, configure_flow_id) FROM stdin;
9ffd7ecc-1fc3-472e-a882-77e63f560edd	6	90951cfe-58d7-441a-a284-b2c8dcb3f8e9
\.


--
-- Data for Name: authentik_stages_authenticator_totp_authenticatortotpstage; Type: TABLE DATA; Schema: public; Owner: authentik
--

COPY public.authentik_stages_authenticator_totp_authenticatortotpstage (stage_ptr_id, digits, configure_flow_id) FROM stdin;
1c74618b-9fdd-42f7-8257-3f51a1faf1a6	6	595bd4dc-f908-4485-8cb2-e2b24ccd6733
\.


--
-- Data for Name: authentik_stages_authenticator_validate_authenticatorvalida499c; Type: TABLE DATA; Schema: public; Owner: authentik
--

COPY public.authentik_stages_authenticator_validate_authenticatorvalida499c (stage_ptr_id, not_configured_action, device_classes, configuration_stage_id) FROM stdin;
a4b7a1c8-a930-40ea-9c5a-18bd65d6ab33	skip	{static,totp,webauthn,duo,sms}	\N
\.


--
-- Data for Name: authentik_stages_authenticator_webauthn_authenticatewebauth4bbe; Type: TABLE DATA; Schema: public; Owner: authentik
--

COPY public.authentik_stages_authenticator_webauthn_authenticatewebauth4bbe (stage_ptr_id, configure_flow_id, user_verification) FROM stdin;
782a083e-7be6-44c6-812a-47609d4cc87e	a9aa1af6-eefc-4a36-8e4d-700231f064ea	preferred
\.


--
-- Data for Name: authentik_stages_authenticator_webauthn_webauthndevice; Type: TABLE DATA; Schema: public; Owner: authentik
--

COPY public.authentik_stages_authenticator_webauthn_webauthndevice (id, name, credential_id, public_key, sign_count, rp_id, created_on, last_used_on, user_id, confirmed) FROM stdin;
\.


--
-- Data for Name: authentik_stages_captcha_captchastage; Type: TABLE DATA; Schema: public; Owner: authentik
--

COPY public.authentik_stages_captcha_captchastage (stage_ptr_id, public_key, private_key) FROM stdin;
\.


--
-- Data for Name: authentik_stages_consent_consentstage; Type: TABLE DATA; Schema: public; Owner: authentik
--

COPY public.authentik_stages_consent_consentstage (stage_ptr_id, consent_expire_in, mode) FROM stdin;
ad36f500-61f5-4678-87ac-99d57c31c0e5	weeks=4	always_require
\.


--
-- Data for Name: authentik_stages_consent_userconsent; Type: TABLE DATA; Schema: public; Owner: authentik
--

COPY public.authentik_stages_consent_userconsent (id, expires, expiring, application_id, user_id) FROM stdin;
\.


--
-- Data for Name: authentik_stages_deny_denystage; Type: TABLE DATA; Schema: public; Owner: authentik
--

COPY public.authentik_stages_deny_denystage (stage_ptr_id) FROM stdin;
\.


--
-- Data for Name: authentik_stages_dummy_dummystage; Type: TABLE DATA; Schema: public; Owner: authentik
--

COPY public.authentik_stages_dummy_dummystage (stage_ptr_id) FROM stdin;
\.


--
-- Data for Name: authentik_stages_email_emailstage; Type: TABLE DATA; Schema: public; Owner: authentik
--

COPY public.authentik_stages_email_emailstage (stage_ptr_id, host, port, username, password, use_tls, use_ssl, timeout, from_address, token_expiry, subject, template, use_global_settings, activate_user_on_success) FROM stdin;
\.


--
-- Data for Name: authentik_stages_identification_identificationstage; Type: TABLE DATA; Schema: public; Owner: authentik
--

COPY public.authentik_stages_identification_identificationstage (stage_ptr_id, user_fields, enrollment_flow_id, recovery_flow_id, case_insensitive_matching, show_matched_user, password_stage_id, show_source_labels, passwordless_flow_id) FROM stdin;
150952aa-f85d-4fa8-acbb-eae9311af0b2	{email,username}	\N	\N	t	t	\N	f	\N
\.


--
-- Data for Name: authentik_stages_identification_identificationstage_sources; Type: TABLE DATA; Schema: public; Owner: authentik
--

COPY public.authentik_stages_identification_identificationstage_sources (id, identificationstage_id, source_id) FROM stdin;
\.


--
-- Data for Name: authentik_stages_invitation_invitation; Type: TABLE DATA; Schema: public; Owner: authentik
--

COPY public.authentik_stages_invitation_invitation (invite_uuid, expires, fixed_data, created_by_id, single_use, expiring) FROM stdin;
\.


--
-- Data for Name: authentik_stages_invitation_invitationstage; Type: TABLE DATA; Schema: public; Owner: authentik
--

COPY public.authentik_stages_invitation_invitationstage (stage_ptr_id, continue_flow_without_invitation) FROM stdin;
\.


--
-- Data for Name: authentik_stages_password_passwordstage; Type: TABLE DATA; Schema: public; Owner: authentik
--

COPY public.authentik_stages_password_passwordstage (stage_ptr_id, backends, configure_flow_id, failed_attempts_before_cancel) FROM stdin;
0d4b5b79-661e-46e9-a141-3b046e0dc909	{authentik.core.auth.InbuiltBackend,authentik.sources.ldap.auth.LDAPBackend,authentik.core.auth.TokenBackend,authentik.core.auth.TokenBackend}	902c159a-fb7e-4e60-bf60-a5d61ea9c01a	5
\.


--
-- Data for Name: authentik_stages_prompt_prompt; Type: TABLE DATA; Schema: public; Owner: authentik
--

COPY public.authentik_stages_prompt_prompt (prompt_uuid, field_key, label, type, required, placeholder, "order", sub_text) FROM stdin;
066be73e-eadd-41c5-a6d4-0f5976bd1725	password	Password	password	t	Password	300	
4c16b48c-8105-40cf-9454-a74f6f5ed6f9	password_repeat	Password (repeat)	password	t	Password (repeat)	301	
9e68161c-b348-4e56-80a7-01a47a0397cd	username	Username	text	t	Username	100	
c58e3b1c-79ea-46e0-97a9-37b9c58a1478	oobe-header-text	oobe-header-text	static	t	Welcome to authentik! Please set a password for the default admin user, akadmin.	100	
6984f111-570f-4331-8099-9faa6ffd9d1d	email	Email	email	t	Admin email	101	
\.


--
-- Data for Name: authentik_stages_prompt_promptstage; Type: TABLE DATA; Schema: public; Owner: authentik
--

COPY public.authentik_stages_prompt_promptstage (stage_ptr_id) FROM stdin;
2b45b130-f4a9-4d01-a3af-751a32df9503
46e579f8-96d5-4c50-ac07-e5db6b2ed5aa
f826e2d4-8da6-4a87-96e7-7d722fdfe8d7
\.


--
-- Data for Name: authentik_stages_prompt_promptstage_fields; Type: TABLE DATA; Schema: public; Owner: authentik
--

COPY public.authentik_stages_prompt_promptstage_fields (id, promptstage_id, prompt_id) FROM stdin;
1	2b45b130-f4a9-4d01-a3af-751a32df9503	066be73e-eadd-41c5-a6d4-0f5976bd1725
2	2b45b130-f4a9-4d01-a3af-751a32df9503	4c16b48c-8105-40cf-9454-a74f6f5ed6f9
3	46e579f8-96d5-4c50-ac07-e5db6b2ed5aa	9e68161c-b348-4e56-80a7-01a47a0397cd
4	f826e2d4-8da6-4a87-96e7-7d722fdfe8d7	4c16b48c-8105-40cf-9454-a74f6f5ed6f9
5	f826e2d4-8da6-4a87-96e7-7d722fdfe8d7	066be73e-eadd-41c5-a6d4-0f5976bd1725
6	f826e2d4-8da6-4a87-96e7-7d722fdfe8d7	6984f111-570f-4331-8099-9faa6ffd9d1d
7	f826e2d4-8da6-4a87-96e7-7d722fdfe8d7	c58e3b1c-79ea-46e0-97a9-37b9c58a1478
\.


--
-- Data for Name: authentik_stages_prompt_promptstage_validation_policies; Type: TABLE DATA; Schema: public; Owner: authentik
--

COPY public.authentik_stages_prompt_promptstage_validation_policies (id, promptstage_id, policy_id) FROM stdin;
\.


--
-- Data for Name: authentik_stages_user_delete_userdeletestage; Type: TABLE DATA; Schema: public; Owner: authentik
--

COPY public.authentik_stages_user_delete_userdeletestage (stage_ptr_id) FROM stdin;
\.


--
-- Data for Name: authentik_stages_user_login_userloginstage; Type: TABLE DATA; Schema: public; Owner: authentik
--

COPY public.authentik_stages_user_login_userloginstage (stage_ptr_id, session_duration) FROM stdin;
a074110f-b8a9-403f-8de6-047e05475fe6	seconds=0
267ac981-bef1-4ffd-a6da-609b80d791d6	seconds=0
dc7e79c7-d8e9-4b2e-8b57-0ca924e7a926	seconds=0
\.


--
-- Data for Name: authentik_stages_user_logout_userlogoutstage; Type: TABLE DATA; Schema: public; Owner: authentik
--

COPY public.authentik_stages_user_logout_userlogoutstage (stage_ptr_id) FROM stdin;
fa7275e1-6101-44c8-9fcb-37f1fc2ca8f4
\.


--
-- Data for Name: authentik_stages_user_write_userwritestage; Type: TABLE DATA; Schema: public; Owner: authentik
--

COPY public.authentik_stages_user_write_userwritestage (stage_ptr_id, create_users_as_inactive, create_users_group_id) FROM stdin;
fe47f495-543a-490c-a8b2-5ed30aa0bcf8	f	\N
8f4db716-b569-4dba-bece-a22fcbb5833e	f	\N
\.


--
-- Data for Name: authentik_tenants_tenant; Type: TABLE DATA; Schema: public; Owner: authentik
--

COPY public.authentik_tenants_tenant (tenant_uuid, domain, "default", branding_title, branding_logo, flow_authentication_id, flow_invalidation_id, flow_recovery_id, flow_unenrollment_id, branding_favicon, event_retention, web_certificate_id) FROM stdin;
20ae98e2-224d-4bab-8e6f-4831cdb3a8af	authentik-default	t	authentik	/static/dist/assets/icons/icon_left_brand.svg	55d52e79-3ee1-4701-945a-78c96cf5c14d	e9367ab1-c2a1-4a1a-88ca-701aa3d24430	\N	\N	/static/dist/assets/icons/icon.png	days=365	\N
\.


--
-- Data for Name: django_content_type; Type: TABLE DATA; Schema: public; Owner: authentik
--

COPY public.django_content_type (id, app_label, model) FROM stdin;
1	auth	permission
2	auth	group
3	contenttypes	contenttype
4	sessions	session
5	authentik_crypto	certificatekeypair
6	authentik_events	event
7	authentik_events	notificationtransport
8	authentik_events	notificationrule
9	authentik_events	notification
10	authentik_events	notificationwebhookmapping
11	authentik_flows	flow
12	authentik_flows	stage
13	authentik_flows	flowstagebinding
14	authentik_flows	flowtoken
15	authentik_outposts	outpost
16	authentik_outposts	outpostserviceconnection
17	authentik_outposts	dockerserviceconnection
18	authentik_outposts	kubernetesserviceconnection
19	authentik_policies_dummy	dummypolicy
20	authentik_policies_event_matcher	eventmatcherpolicy
21	authentik_policies_expiry	passwordexpirypolicy
22	authentik_policies_expression	expressionpolicy
23	authentik_policies_hibp	haveibeenpwendpolicy
24	authentik_policies_password	passwordpolicy
25	authentik_policies_reputation	reputationpolicy
26	authentik_policies_reputation	reputation
27	authentik_policies	policy
28	authentik_policies	policybinding
29	authentik_policies	policybindingmodel
30	authentik_providers_ldap	ldapprovider
31	authentik_providers_oauth2	oauth2provider
32	authentik_providers_oauth2	scopemapping
33	authentik_providers_oauth2	refreshtoken
34	authentik_providers_oauth2	authorizationcode
35	authentik_providers_proxy	proxyprovider
36	authentik_providers_saml	samlpropertymapping
37	authentik_providers_saml	samlprovider
38	authentik_sources_ldap	ldappropertymapping
39	authentik_sources_ldap	ldapsource
40	authentik_sources_oauth	oauthsource
41	authentik_sources_oauth	useroauthsourceconnection
42	authentik_sources_plex	plexsource
43	authentik_sources_plex	plexsourceconnection
44	authentik_sources_saml	samlsource
45	authentik_stages_authenticator_duo	authenticatorduostage
46	authentik_stages_authenticator_duo	duodevice
47	authentik_stages_authenticator_sms	authenticatorsmsstage
48	authentik_stages_authenticator_sms	smsdevice
49	authentik_stages_authenticator_static	authenticatorstaticstage
50	authentik_stages_authenticator_totp	authenticatortotpstage
51	authentik_stages_authenticator_validate	authenticatorvalidatestage
52	authentik_stages_authenticator_webauthn	webauthndevice
53	authentik_stages_authenticator_webauthn	authenticatewebauthnstage
54	authentik_stages_captcha	captchastage
55	authentik_stages_consent	consentstage
56	authentik_stages_consent	userconsent
57	authentik_stages_deny	denystage
58	authentik_stages_dummy	dummystage
59	authentik_stages_email	emailstage
60	authentik_stages_identification	identificationstage
61	authentik_stages_invitation	invitationstage
62	authentik_stages_invitation	invitation
63	authentik_stages_password	passwordstage
64	authentik_stages_prompt	prompt
65	authentik_stages_prompt	promptstage
66	authentik_stages_user_delete	userdeletestage
67	authentik_stages_user_login	userloginstage
68	authentik_stages_user_logout	userlogoutstage
69	authentik_stages_user_write	userwritestage
70	authentik_tenants	tenant
71	guardian	groupobjectpermission
72	guardian	userobjectpermission
73	otp_static	staticdevice
74	otp_static	statictoken
75	otp_totp	totpdevice
76	authentik_core	user
77	authentik_core	propertymapping
78	authentik_core	source
79	authentik_core	usersourceconnection
80	authentik_core	token
81	authentik_core	provider
82	authentik_core	group
83	authentik_core	application
84	authentik_core	authenticatedsession
\.


--
-- Data for Name: django_migrations; Type: TABLE DATA; Schema: public; Owner: authentik
--

COPY public.django_migrations (id, app, name, applied) FROM stdin;
1	contenttypes	0001_initial	2022-01-20 15:03:19.375329+00
2	contenttypes	0002_remove_content_type_name	2022-01-20 15:03:19.428512+00
3	auth	0001_initial	2022-01-20 15:03:19.585069+00
4	auth	0002_alter_permission_name_max_length	2022-01-20 15:03:19.619232+00
5	auth	0003_alter_user_email_max_length	2022-01-20 15:03:19.653974+00
6	auth	0004_alter_user_username_opts	2022-01-20 15:03:19.688303+00
7	auth	0005_alter_user_last_login_null	2022-01-20 15:03:19.724252+00
8	auth	0006_require_contenttypes_0002	2022-01-20 15:03:19.741825+00
9	auth	0007_alter_validators_add_error_messages	2022-01-20 15:03:19.783364+00
10	auth	0008_alter_user_username_max_length	2022-01-20 15:03:19.822426+00
11	auth	0009_alter_user_last_name_max_length	2022-01-20 15:03:19.867491+00
12	auth	0010_alter_group_name_max_length	2022-01-20 15:03:19.906021+00
13	auth	0011_update_proxy_permissions	2022-01-20 15:03:19.942243+00
14	auth	0012_alter_user_first_name_max_length	2022-01-20 15:03:19.979573+00
15	authentik_crypto	0001_initial	2022-01-20 15:03:20.0136+00
16	authentik_policies	0001_initial	2022-01-20 15:03:20.133922+00
17	authentik_core	0001_initial	2022-01-20 15:03:20.974023+00
18	authentik_providers_saml	0001_initial	2022-01-20 15:03:21.20481+00
19	authentik_providers_saml	0002_default_saml_property_mappings	2022-01-20 15:03:21.21437+00
20	authentik_providers_saml	0003_samlprovider_sp_binding	2022-01-20 15:03:21.235223+00
21	authentik_providers_saml	0004_auto_20200620_1950	2022-01-20 15:03:21.242058+00
22	authentik_providers_saml	0005_remove_samlprovider_processor_path	2022-01-20 15:03:21.257151+00
23	authentik_policies	0002_auto_20200528_1647	2022-01-20 15:03:21.632235+00
24	authentik_flows	0001_initial	2022-01-20 15:03:22.153957+00
25	authentik_flows	0003_auto_20200523_1133	2022-01-20 15:03:22.157827+00
26	authentik_flows	0006_auto_20200629_0857	2022-01-20 15:03:22.163485+00
27	authentik_flows	0007_auto_20200703_2059	2022-01-20 15:03:22.168783+00
28	authentik_core	0002_auto_20200523_1133	2022-01-20 15:03:23.274476+00
29	authentik_core	0003_default_user	2022-01-20 15:03:23.282305+00
30	authentik_core	0004_auto_20200703_2213	2022-01-20 15:03:23.287418+00
31	authentik_core	0005_token_intent	2022-01-20 15:03:23.292776+00
32	authentik_core	0006_auto_20200709_1608	2022-01-20 15:03:23.297479+00
33	authentik_core	0007_auto_20200815_1841	2022-01-20 15:03:23.304955+00
34	authentik_core	0008_auto_20200824_1532	2022-01-20 15:03:23.308844+00
35	authentik_core	0009_group_is_superuser	2022-01-20 15:03:23.314763+00
36	authentik_core	0010_auto_20200917_1021	2022-01-20 15:03:23.321734+00
37	authentik_core	0011_provider_name_temp	2022-01-20 15:03:23.327002+00
38	authentik_providers_saml	0006_remove_samlprovider_name	2022-01-20 15:03:23.405683+00
39	authentik_crypto	0002_create_self_signed_kp	2022-01-20 15:03:25.401363+00
40	authentik_providers_oauth2	0001_initial	2022-01-20 15:03:26.108009+00
41	authentik_providers_oauth2	0002_oauth2provider_sub_mode	2022-01-20 15:03:26.137715+00
42	authentik_providers_oauth2	0003_auto_20200916_2129	2022-01-20 15:03:26.188567+00
43	authentik_providers_oauth2	0004_remove_oauth2provider_post_logout_redirect_uris	2022-01-20 15:03:26.221219+00
44	authentik_providers_oauth2	0005_auto_20200920_1240	2022-01-20 15:03:26.251215+00
45	authentik_providers_oauth2	0006_remove_oauth2provider_name	2022-01-20 15:03:26.356886+00
46	authentik_core	0012_auto_20201003_1737	2022-01-20 15:03:27.110568+00
47	authentik_core	0013_auto_20201003_2132	2022-01-20 15:03:27.118518+00
48	authentik_core	0014_auto_20201018_1158	2022-01-20 15:03:27.124326+00
49	authentik_core	0015_application_icon	2022-01-20 15:03:27.131157+00
50	authentik_core	0016_auto_20201202_2234	2022-01-20 15:03:27.136968+00
51	authentik_core	0017_managed	2022-01-20 15:03:27.202343+00
52	authentik_core	0018_auto_20210330_1345	2022-01-20 15:03:27.859667+00
53	authentik_core	0019_source_managed	2022-01-20 15:03:27.86564+00
54	authentik_core	0020_source_user_matching_mode	2022-01-20 15:03:27.872387+00
55	authentik_core	0021_alter_application_slug	2022-01-20 15:03:27.876204+00
56	authentik_core	0022_authenticatedsession	2022-01-20 15:03:27.885113+00
57	authentik_core	0023_alter_application_meta_launch_url	2022-01-20 15:03:27.888774+00
58	authentik_core	0024_alter_token_identifier	2022-01-20 15:03:27.896617+00
59	authentik_core	0025_alter_application_meta_icon	2022-01-20 15:03:27.900378+00
60	authentik_core	0026_alter_application_meta_icon	2022-01-20 15:03:27.908495+00
61	authentik_core	0027_bootstrap_token	2022-01-20 15:03:27.912358+00
62	authentik_core	0028_alter_token_intent	2022-01-20 15:03:27.919155+00
63	authentik_crypto	0003_certificatekeypair_managed	2022-01-20 15:03:27.942405+00
64	authentik_policies	0003_auto_20200908_1542	2022-01-20 15:03:28.049905+00
65	authentik_policies	0004_policy_execution_logging	2022-01-20 15:03:28.104809+00
66	authentik_policies_event_matcher	0001_initial	2022-01-20 15:03:28.295226+00
67	authentik_policies_event_matcher	0002_auto_20201230_2046	2022-01-20 15:03:28.305373+00
68	authentik_policies_event_matcher	0003_auto_20210110_1907	2022-01-20 15:03:28.315545+00
69	authentik_policies_event_matcher	0004_auto_20210112_2158	2022-01-20 15:03:28.330773+00
70	authentik_policies_event_matcher	0005_auto_20210202_1821	2022-01-20 15:03:28.340832+00
71	authentik_policies_event_matcher	0006_auto_20210203_1134	2022-01-20 15:03:28.351387+00
72	authentik_policies_event_matcher	0007_auto_20210209_1657	2022-01-20 15:03:28.363789+00
73	authentik_policies_event_matcher	0008_auto_20210213_1640	2022-01-20 15:03:28.383231+00
74	authentik_policies_event_matcher	0009_auto_20210215_2159	2022-01-20 15:03:28.393141+00
75	authentik_policies_event_matcher	0010_auto_20210222_1821	2022-01-20 15:03:28.412436+00
76	authentik_policies_event_matcher	0011_auto_20210302_0856	2022-01-20 15:03:28.433254+00
77	authentik_policies_event_matcher	0012_auto_20210323_1339	2022-01-20 15:03:28.444721+00
78	authentik_policies_event_matcher	0013_alter_eventmatcherpolicy_app	2022-01-20 15:03:28.45011+00
79	authentik_policies_event_matcher	0014_alter_eventmatcherpolicy_app	2022-01-20 15:03:28.458159+00
80	authentik_policies_event_matcher	0015_alter_eventmatcherpolicy_app	2022-01-20 15:03:28.464478+00
81	authentik_policies_event_matcher	0016_alter_eventmatcherpolicy_action	2022-01-20 15:03:28.471187+00
82	authentik_policies_event_matcher	0017_alter_eventmatcherpolicy_action	2022-01-20 15:03:28.475302+00
83	authentik_policies_event_matcher	0018_alter_eventmatcherpolicy_action	2022-01-20 15:03:28.480844+00
84	authentik_events	0001_initial	2022-01-20 15:03:30.41105+00
85	authentik_events	0002_auto_20200918_2116	2022-01-20 15:03:30.419569+00
86	authentik_events	0003_auto_20200917_1155	2022-01-20 15:03:30.427214+00
87	authentik_events	0004_auto_20200921_1829	2022-01-20 15:03:30.43145+00
88	authentik_events	0005_auto_20201005_2139	2022-01-20 15:03:30.437836+00
89	authentik_events	0006_auto_20201017_2024	2022-01-20 15:03:30.446386+00
90	authentik_events	0007_auto_20201215_0939	2022-01-20 15:03:30.450593+00
91	authentik_events	0008_auto_20201220_1651	2022-01-20 15:03:30.459443+00
92	authentik_events	0009_auto_20201227_1210	2022-01-20 15:03:30.464522+00
93	authentik_events	0010_notification_notificationtransport_notificationrule	2022-01-20 15:03:30.472663+00
94	authentik_events	0011_notification_rules_default_v1	2022-01-20 15:03:30.476838+00
95	authentik_events	0012_auto_20210202_1821	2022-01-20 15:03:30.484645+00
96	authentik_events	0013_auto_20210209_1657	2022-01-20 15:03:30.490478+00
97	authentik_events	0014_expiry	2022-01-20 15:03:30.499078+00
98	authentik_events	0015_alter_event_action	2022-01-20 15:03:30.504397+00
99	authentik_events	0016_add_tenant	2022-01-20 15:03:30.511178+00
100	authentik_events	0017_alter_event_action	2022-01-20 15:03:30.517355+00
101	authentik_events	0018_auto_20210911_2217	2022-01-20 15:03:30.525256+00
102	authentik_events	0019_alter_notificationtransport_webhook_url	2022-01-20 15:03:30.53267+00
103	authentik_stages_user_write	0001_initial	2022-01-20 15:03:30.618334+00
104	authentik_stages_user_write	0002_auto_20200918_1653	2022-01-20 15:03:30.711412+00
105	authentik_stages_user_login	0001_initial	2022-01-20 15:03:30.809883+00
106	authentik_stages_user_login	0002_userloginstage_session_duration	2022-01-20 15:03:30.834712+00
107	authentik_stages_user_login	0003_session_duration_delta	2022-01-20 15:03:30.945971+00
108	authentik_stages_prompt	0001_initial	2022-01-20 15:03:31.081579+00
109	authentik_stages_password	0001_initial	2022-01-20 15:03:31.237785+00
110	authentik_stages_user_logout	0001_initial	2022-01-20 15:03:31.339297+00
111	authentik_stages_identification	0001_initial	2022-01-20 15:03:31.443567+00
112	authentik_flows	0008_default_flows	2022-01-20 15:03:31.768796+00
113	authentik_stages_password	0002_passwordstage_change_flow	2022-01-20 15:03:32.7502+00
114	authentik_policies_expression	0001_initial	2022-01-20 15:03:32.860387+00
115	authentik_stages_consent	0001_initial	2022-01-20 15:03:32.97129+00
116	authentik_flows	0009_source_flows	2022-01-20 15:03:33.46269+00
117	authentik_flows	0010_provider_flows	2022-01-20 15:03:33.615238+00
118	authentik_flows	0011_flow_title	2022-01-20 15:03:33.878758+00
119	authentik_flows	0012_auto_20200908_1542	2022-01-20 15:03:35.175372+00
120	authentik_flows	0013_auto_20200924_1605	2022-01-20 15:03:35.185727+00
121	authentik_flows	0014_auto_20200925_2332	2022-01-20 15:03:35.189684+00
122	authentik_flows	0015_flowstagebinding_evaluate_on_plan	2022-01-20 15:03:35.197017+00
123	authentik_flows	0016_auto_20201202_1307	2022-01-20 15:03:35.204969+00
124	authentik_flows	0017_auto_20210329_1334	2022-01-20 15:03:35.208906+00
125	authentik_flows	0018_oob_flows	2022-01-20 15:03:35.552027+00
126	authentik_flows	0019_alter_flow_background	2022-01-20 15:03:35.733123+00
127	authentik_flows	0020_flow_compatibility_mode	2022-01-20 15:03:35.743593+00
128	authentik_flows	0021_flowstagebinding_invalid_response_action	2022-01-20 15:03:35.748002+00
129	authentik_flows	0022_alter_flowstagebinding_invalid_response_action	2022-01-20 15:03:35.760088+00
130	authentik_flows	0023_alter_flow_background	2022-01-20 15:03:35.765019+00
131	authentik_flows	0024_alter_flow_compatibility_mode	2022-01-20 15:03:35.772332+00
132	authentik_flows	0020_flowtoken	2022-01-20 15:03:35.838741+00
133	authentik_flows	0021_auto_20211227_2103	2022-01-20 15:03:35.895271+00
134	authentik_outposts	0001_initial	2022-01-20 15:03:36.697978+00
135	authentik_outposts	0002_auto_20200826_1306	2022-01-20 15:03:36.704322+00
136	authentik_outposts	0003_auto_20200827_2108	2022-01-20 15:03:36.708553+00
137	authentik_outposts	0004_auto_20200830_1056	2022-01-20 15:03:36.71239+00
138	authentik_outposts	0005_auto_20200909_1733	2022-01-20 15:03:36.716325+00
139	authentik_outposts	0006_auto_20201003_2239	2022-01-20 15:03:36.720538+00
140	authentik_outposts	0007_remove_outpost_channels	2022-01-20 15:03:36.724473+00
141	authentik_outposts	0008_auto_20201014_1547	2022-01-20 15:03:36.728954+00
142	authentik_outposts	0009_fix_missing_token_identifier	2022-01-20 15:03:36.733269+00
143	authentik_outposts	0010_service_connection	2022-01-20 15:03:36.737399+00
144	authentik_outposts	0011_docker_tls_auth	2022-01-20 15:03:36.741633+00
145	authentik_outposts	0012_service_connection_non_unique	2022-01-20 15:03:36.745743+00
146	authentik_outposts	0013_auto_20201203_2009	2022-01-20 15:03:36.750045+00
147	authentik_outposts	0014_auto_20201213_1407	2022-01-20 15:03:36.75424+00
148	authentik_outposts	0015_auto_20201224_1206	2022-01-20 15:03:36.758572+00
149	authentik_outposts	0016_alter_outpost_type	2022-01-20 15:03:36.762727+00
150	authentik_outposts	0017_outpost_managed	2022-01-20 15:03:36.766807+00
151	authentik_policies	0005_binding_group	2022-01-20 15:03:36.995746+00
152	authentik_policies	0006_auto_20210329_1334	2022-01-20 15:03:37.012547+00
153	authentik_policies	0007_policybindingmodel_policy_engine_mode	2022-01-20 15:03:37.08046+00
154	authentik_policies_dummy	0001_initial	2022-01-20 15:03:37.156282+00
155	authentik_policies_event_matcher	0019_alter_eventmatcherpolicy_app	2022-01-20 15:03:37.170699+00
156	authentik_policies_expiry	0001_initial	2022-01-20 15:03:37.224385+00
157	authentik_policies_expression	0002_auto_20200926_1156	2022-01-20 15:03:37.288742+00
158	authentik_policies_expression	0003_auto_20201203_1223	2022-01-20 15:03:37.360557+00
159	authentik_policies_hibp	0001_initial	2022-01-20 15:03:37.420011+00
160	authentik_policies_hibp	0002_haveibeenpwendpolicy_password_field	2022-01-20 15:03:37.445108+00
161	authentik_policies_password	0001_initial	2022-01-20 15:03:37.671528+00
162	authentik_policies_password	0002_passwordpolicy_password_field	2022-01-20 15:03:37.7101+00
163	authentik_policies_password	0003_passwordpolicy_amount_digits	2022-01-20 15:03:37.860484+00
164	authentik_policies_reputation	0001_initial	2022-01-20 15:03:38.113376+00
165	authentik_policies_reputation	0002_auto_20210529_2046	2022-01-20 15:03:38.470117+00
166	authentik_policies_reputation	0003_reputation_delete_ipreputation_delete_userreputation	2022-01-20 15:03:38.502373+00
167	authentik_providers_ldap	0001_initial	2022-01-20 15:03:38.57315+00
168	authentik_providers_ldap	0002_ldapprovider_search_group	2022-01-20 15:03:38.577742+00
169	authentik_providers_ldap	0003_auto_20210713_1138	2022-01-20 15:03:38.582531+00
170	authentik_providers_ldap	0004_auto_20210713_2115	2022-01-20 15:03:38.587169+00
171	authentik_providers_ldap	0005_ldapprovider_search_mode	2022-01-20 15:03:38.591142+00
172	authentik_providers_oauth2	0007_auto_20201016_1107	2022-01-20 15:03:38.925649+00
173	authentik_providers_oauth2	0008_oauth2provider_issuer_mode	2022-01-20 15:03:38.929582+00
174	authentik_providers_oauth2	0009_remove_oauth2provider_response_type	2022-01-20 15:03:38.933011+00
175	authentik_providers_oauth2	0010_auto_20201227_1804	2022-01-20 15:03:38.93621+00
176	authentik_providers_oauth2	0011_managed	2022-01-20 15:03:38.939348+00
177	authentik_providers_oauth2	0012_oauth2provider_access_code_validity	2022-01-20 15:03:38.942753+00
178	authentik_providers_oauth2	0013_alter_authorizationcode_nonce	2022-01-20 15:03:38.945771+00
179	authentik_providers_oauth2	0014_alter_oauth2provider_rsa_key	2022-01-20 15:03:38.948747+00
180	authentik_providers_oauth2	0015_auto_20210703_1313	2022-01-20 15:03:38.951706+00
181	authentik_providers_oauth2	0016_alter_authorizationcode_nonce	2022-01-20 15:03:38.95499+00
182	authentik_providers_oauth2	0017_alter_oauth2provider_token_validity	2022-01-20 15:03:38.958033+00
183	authentik_providers_oauth2	0008_rename_rsa_key_oauth2provider_signing_key_and_more	2022-01-20 15:03:39.003702+00
184	authentik_providers_proxy	0001_initial	2022-01-20 15:03:39.389022+00
185	authentik_providers_proxy	0002_proxyprovider_cookie_secret	2022-01-20 15:03:39.393194+00
186	authentik_providers_proxy	0003_proxyprovider_certificate	2022-01-20 15:03:39.396977+00
187	authentik_providers_proxy	0004_auto_20200913_1947	2022-01-20 15:03:39.400577+00
188	authentik_providers_proxy	0005_auto_20200914_1536	2022-01-20 15:03:39.404108+00
189	authentik_providers_proxy	0006_proxyprovider_skip_path_regex	2022-01-20 15:03:39.407627+00
190	authentik_providers_proxy	0007_auto_20200923_1017	2022-01-20 15:03:39.411259+00
191	authentik_providers_proxy	0008_auto_20200930_0810	2022-01-20 15:03:39.41513+00
192	authentik_providers_proxy	0009_auto_20201007_1721	2022-01-20 15:03:39.418983+00
193	authentik_providers_proxy	0010_auto_20201214_0942	2022-01-20 15:03:39.423402+00
194	authentik_providers_proxy	0011_proxyprovider_forward_auth_mode	2022-01-20 15:03:39.427104+00
195	authentik_providers_proxy	0012_proxyprovider_cookie_domain	2022-01-20 15:03:39.430629+00
196	authentik_providers_proxy	0013_mode	2022-01-20 15:03:39.434232+00
197	authentik_providers_proxy	0014_proxy_v2	2022-01-20 15:03:39.437596+00
198	authentik_providers_saml	0007_samlprovider_verification_kp	2022-01-20 15:03:39.496726+00
199	authentik_providers_saml	0008_auto_20201112_1036	2022-01-20 15:03:39.732773+00
200	authentik_providers_saml	0009_auto_20201112_2016	2022-01-20 15:03:39.775271+00
201	authentik_providers_saml	0010_auto_20201230_2112	2022-01-20 15:03:39.79578+00
202	authentik_providers_saml	0011_samlprovider_name_id_mapping	2022-01-20 15:03:39.856978+00
203	authentik_providers_saml	0012_managed	2022-01-20 15:03:39.916943+00
204	authentik_sources_ldap	0001_initial	2022-01-20 15:03:40.604438+00
205	authentik_sources_ldap	0002_ldapsource_sync_users	2022-01-20 15:03:40.609152+00
206	authentik_sources_ldap	0003_default_ldap_property_mappings	2022-01-20 15:03:40.613299+00
207	authentik_sources_ldap	0004_auto_20200524_1146	2022-01-20 15:03:40.617291+00
208	authentik_sources_ldap	0005_auto_20200913_1947	2022-01-20 15:03:40.622716+00
209	authentik_sources_ldap	0006_auto_20200915_1919	2022-01-20 15:03:40.627871+00
210	authentik_sources_ldap	0007_ldapsource_sync_users_password	2022-01-20 15:03:40.632349+00
211	authentik_sources_ldap	0008_managed	2022-01-20 15:03:40.636074+00
212	authentik_sources_ldap	0009_auto_20210204_1834	2022-01-20 15:03:40.640071+00
213	authentik_sources_ldap	0010_auto_20210205_1027	2022-01-20 15:03:40.643957+00
214	authentik_sources_ldap	0011_ldapsource_property_mappings_group	2022-01-20 15:03:40.647619+00
215	authentik_sources_ldap	0012_auto_20210812_1703	2022-01-20 15:03:40.651212+00
216	authentik_sources_ldap	0002_auto_20211203_0900	2022-01-20 15:03:40.750615+00
217	authentik_sources_oauth	0001_initial	2022-01-20 15:03:40.900767+00
218	authentik_sources_oauth	0002_auto_20200520_1108	2022-01-20 15:03:40.989487+00
219	authentik_sources_oauth	0003_auto_20210416_0726	2022-01-20 15:03:41.043043+00
220	authentik_sources_oauth	0004_auto_20210417_1900	2022-01-20 15:03:41.168525+00
221	authentik_sources_oauth	0005_update_provider_type_names	2022-01-20 15:03:41.224777+00
222	authentik_sources_oauth	0006_oauthsource_additional_scopes	2022-01-20 15:03:41.249257+00
223	authentik_sources_plex	0001_initial	2022-01-20 15:03:41.59423+00
224	authentik_sources_plex	0002_auto_20210505_1717	2022-01-20 15:03:41.679089+00
225	authentik_sources_plex	0003_alter_plexsource_plex_token	2022-01-20 15:03:41.711243+00
226	authentik_sources_saml	0001_initial	2022-01-20 15:03:42.007712+00
227	authentik_sources_saml	0002_auto_20200523_2329	2022-01-20 15:03:42.012693+00
228	authentik_sources_saml	0003_auto_20200624_1957	2022-01-20 15:03:42.018076+00
229	authentik_sources_saml	0004_auto_20200708_1207	2022-01-20 15:03:42.023376+00
230	authentik_sources_saml	0005_samlsource_name_id_policy	2022-01-20 15:03:42.027843+00
231	authentik_sources_saml	0006_samlsource_allow_idp_initiated	2022-01-20 15:03:42.03201+00
232	authentik_sources_saml	0007_auto_20201112_1055	2022-01-20 15:03:42.036345+00
233	authentik_sources_saml	0008_auto_20201112_2016	2022-01-20 15:03:42.040052+00
234	authentik_sources_saml	0009_auto_20210301_0949	2022-01-20 15:03:42.044194+00
235	authentik_sources_saml	0010_samlsource_pre_authentication_flow	2022-01-20 15:03:42.194453+00
236	authentik_sources_saml	0011_auto_20210324_0736	2022-01-20 15:03:42.268028+00
237	authentik_stages_authenticator_duo	0001_initial	2022-01-20 15:03:42.437538+00
238	authentik_stages_authenticator_duo	0002_default_setup_flow	2022-01-20 15:03:42.442744+00
239	authentik_stages_authenticator_sms	0001_initial	2022-01-20 15:03:42.837786+00
240	authentik_stages_authenticator_sms	0002_authenticatorsmsstage_from_number	2022-01-20 15:03:42.841873+00
241	authentik_stages_authenticator_sms	0003_auto_20211014_0813	2022-01-20 15:03:42.846198+00
242	authentik_stages_authenticator_sms	0004_auto_20211014_0936	2022-01-20 15:03:42.850064+00
243	authentik_stages_authenticator_sms	0002_alter_authenticatorsmsstage_from_number	2022-01-20 15:03:42.882255+00
244	authentik_stages_authenticator_static	0001_initial	2022-01-20 15:03:42.954744+00
245	authentik_stages_authenticator_static	0002_otpstaticstage_configure_flow	2022-01-20 15:03:43.032391+00
246	authentik_stages_authenticator_static	0003_default_setup_flow	2022-01-20 15:03:43.037626+00
247	authentik_stages_authenticator_static	0004_auto_20210216_0838	2022-01-20 15:03:43.149912+00
248	authentik_stages_authenticator_static	0005_default_setup_flow	2022-01-20 15:03:43.242602+00
249	authentik_stages_authenticator_totp	0001_initial	2022-01-20 15:03:43.328898+00
250	authentik_stages_authenticator_totp	0002_auto_20200701_1900	2022-01-20 15:03:43.351166+00
251	authentik_stages_authenticator_totp	0003_otptimestage_configure_flow	2022-01-20 15:03:43.427219+00
252	authentik_stages_authenticator_totp	0004_default_setup_flow	2022-01-20 15:03:43.432655+00
253	authentik_stages_authenticator_totp	0005_auto_20210216_0838	2022-01-20 15:03:43.785883+00
254	authentik_stages_authenticator_totp	0006_default_setup_flow	2022-01-20 15:03:43.877167+00
255	authentik_stages_authenticator_validate	0001_initial	2022-01-20 15:03:43.953225+00
256	authentik_stages_authenticator_validate	0002_auto_20210216_0838	2022-01-20 15:03:44.192828+00
257	authentik_stages_authenticator_validate	0003_authenticatorvalidatestage_device_classes	2022-01-20 15:03:44.223242+00
258	authentik_stages_authenticator_validate	0004_auto_20210301_0949	2022-01-20 15:03:44.249499+00
259	authentik_stages_authenticator_validate	0005_authenticatorvalidatestage_configuration_stage	2022-01-20 15:03:44.339587+00
260	authentik_stages_authenticator_validate	0006_auto_20210301_1757	2022-01-20 15:03:44.366329+00
261	authentik_stages_authenticator_validate	0007_auto_20210403_0927	2022-01-20 15:03:44.393254+00
262	authentik_stages_authenticator_validate	0008_alter_authenticatorvalidatestage_device_classes	2022-01-20 15:03:44.423561+00
263	authentik_stages_authenticator_validate	0009_default_stage	2022-01-20 15:03:44.521025+00
264	authentik_stages_authenticator_webauthn	0001_initial	2022-01-20 15:03:44.674159+00
265	authentik_stages_authenticator_webauthn	0002_default_setup_flow	2022-01-20 15:03:44.975944+00
266	authentik_stages_authenticator_webauthn	0003_webauthndevice_confirmed	2022-01-20 15:03:45.003714+00
267	authentik_stages_authenticator_webauthn	0004_auto_20210304_1850	2022-01-20 15:03:45.029075+00
268	authentik_stages_authenticator_webauthn	0005_authenticatewebauthnstage_user_verification	2022-01-20 15:03:45.062291+00
269	authentik_stages_captcha	0001_initial	2022-01-20 15:03:45.13718+00
270	authentik_stages_consent	0002_auto_20200720_0941	2022-01-20 15:03:45.268602+00
271	authentik_stages_consent	0003_auto_20200924_1403	2022-01-20 15:03:45.342452+00
272	authentik_stages_deny	0001_initial	2022-01-20 15:03:45.420988+00
273	authentik_stages_dummy	0001_initial	2022-01-20 15:03:45.499118+00
274	authentik_stages_email	0001_initial	2022-01-20 15:03:45.582608+00
275	authentik_stages_email	0002_emailstage_use_global_settings	2022-01-20 15:03:45.679844+00
276	authentik_stages_email	0003_auto_20210404_1054	2022-01-20 15:03:45.705346+00
277	authentik_stages_email	0004_emailstage_activate_user_on_success	2022-01-20 15:03:45.732447+00
278	authentik_stages_password	0003_passwordstage_failed_attempts_before_cancel	2022-01-20 15:03:45.767337+00
279	authentik_stages_password	0004_auto_20200925_1057	2022-01-20 15:03:46.137565+00
280	authentik_stages_password	0005_auto_20210402_2221	2022-01-20 15:03:46.176776+00
281	authentik_stages_identification	0002_auto_20200530_2204	2022-01-20 15:03:47.187329+00
282	authentik_stages_identification	0003_auto_20200615_1641	2022-01-20 15:03:47.191428+00
283	authentik_stages_identification	0004_identificationstage_case_insensitive_matching	2022-01-20 15:03:47.195572+00
284	authentik_stages_identification	0005_auto_20201003_1734	2022-01-20 15:03:47.199207+00
285	authentik_stages_identification	0006_identificationstage_show_matched_user	2022-01-20 15:03:47.203031+00
286	authentik_stages_identification	0007_remove_identificationstage_template	2022-01-20 15:03:47.206639+00
287	authentik_stages_identification	0008_alter_identificationstage_user_fields	2022-01-20 15:03:47.210312+00
288	authentik_stages_identification	0009_identificationstage_sources	2022-01-20 15:03:47.214018+00
289	authentik_stages_identification	0010_identificationstage_password_stage	2022-01-20 15:03:47.217646+00
290	authentik_stages_identification	0011_alter_identificationstage_user_fields	2022-01-20 15:03:47.221204+00
291	authentik_stages_identification	0012_identificationstage_show_source_labels	2022-01-20 15:03:47.225018+00
292	authentik_stages_identification	0013_identificationstage_passwordless_flow	2022-01-20 15:03:47.228896+00
293	authentik_stages_invitation	0001_initial	2022-01-20 15:03:47.392118+00
294	authentik_stages_invitation	0002_auto_20201225_2143	2022-01-20 15:03:47.424648+00
295	authentik_stages_invitation	0003_auto_20201227_1210	2022-01-20 15:03:47.453607+00
296	authentik_stages_invitation	0004_invitation_single_use	2022-01-20 15:03:47.484098+00
297	authentik_stages_invitation	0005_auto_20210901_1211	2022-01-20 15:03:47.545308+00
298	authentik_stages_password	0006_passwordchange_rename	2022-01-20 15:03:47.619844+00
299	authentik_stages_password	0007_app_password	2022-01-20 15:03:47.727216+00
300	authentik_stages_password	0008_replace_inbuilt	2022-01-20 15:03:47.801746+00
301	authentik_stages_prompt	0002_auto_20200920_1859	2022-01-20 15:03:48.094876+00
302	authentik_stages_prompt	0003_auto_20210222_1821	2022-01-20 15:03:48.171839+00
303	authentik_stages_prompt	0004_prompt_sub_text	2022-01-20 15:03:48.18882+00
304	authentik_stages_prompt	0005_alter_prompt_field_key	2022-01-20 15:03:48.270914+00
305	authentik_stages_prompt	0006_alter_prompt_type	2022-01-20 15:03:48.385305+00
306	authentik_stages_user_delete	0001_initial	2022-01-20 15:03:48.492965+00
307	authentik_stages_user_write	0003_userwritestage_create_users_as_inactive	2022-01-20 15:03:48.524418+00
308	authentik_stages_user_write	0004_userwritestage_create_users_group	2022-01-20 15:03:48.613722+00
309	authentik_tenants	0001_initial	2022-01-20 15:03:49.169077+00
310	authentik_tenants	0002_default	2022-01-20 15:03:49.173367+00
311	authentik_tenants	0003_tenant_branding_favicon	2022-01-20 15:03:49.177521+00
312	authentik_tenants	0004_tenant_event_retention	2022-01-20 15:03:49.181266+00
313	authentik_tenants	0005_tenant_web_certificate	2022-01-20 15:03:49.18495+00
314	guardian	0001_initial	2022-01-20 15:03:49.41833+00
315	guardian	0002_generic_permissions_index	2022-01-20 15:03:49.473254+00
316	otp_static	0001_initial	2022-01-20 15:03:49.646122+00
317	otp_static	0002_throttling	2022-01-20 15:03:49.706007+00
318	otp_totp	0001_initial	2022-01-20 15:03:49.799536+00
319	otp_totp	0002_auto_20190420_0723	2022-01-20 15:03:49.864401+00
320	sessions	0001_initial	2022-01-20 15:03:49.885735+00
321	authentik_events	0001_squashed_0019_alter_notificationtransport_webhook_url	2022-01-20 15:03:49.895823+00
322	authentik_flows	0001_squashed_0007_auto_20200703_2059	2022-01-20 15:03:49.900979+00
323	authentik_flows	0012_auto_20200908_1542_squashed_0017_auto_20210329_1334	2022-01-20 15:03:49.905331+00
324	authentik_flows	0019_alter_flow_background_squashed_0024_alter_flow_compatibility_mode	2022-01-20 15:03:49.909307+00
325	authentik_outposts	0001_squashed_0017_outpost_managed	2022-01-20 15:03:49.913246+00
326	authentik_policies_event_matcher	0001_squashed_0018_alter_eventmatcherpolicy_action	2022-01-20 15:03:49.917092+00
327	authentik_providers_ldap	0001_squashed_0005_ldapprovider_search_mode	2022-01-20 15:03:49.920859+00
328	authentik_providers_oauth2	0007_auto_20201016_1107_squashed_0017_alter_oauth2provider_token_validity	2022-01-20 15:03:49.92471+00
329	authentik_providers_proxy	0001_squashed_0014_proxy_v2	2022-01-20 15:03:49.928381+00
330	authentik_providers_saml	0001_squashed_0005_remove_samlprovider_processor_path	2022-01-20 15:03:49.931992+00
331	authentik_sources_ldap	0001_squashed_0012_auto_20210812_1703	2022-01-20 15:03:49.936395+00
332	authentik_sources_saml	0001_squashed_0009_auto_20210301_0949	2022-01-20 15:03:49.94037+00
333	authentik_stages_authenticator_sms	0001_squashed_0004_auto_20211014_0936	2022-01-20 15:03:49.944285+00
334	authentik_stages_identification	0002_auto_20200530_2204_squashed_0013_identificationstage_passwordless_flow	2022-01-20 15:03:49.948849+00
335	authentik_tenants	0001_squashed_0005_tenant_web_certificate	2022-01-20 15:03:49.953481+00
336	authentik_core	0012_auto_20201003_1737_squashed_0016_auto_20201202_2234	2022-01-20 15:03:49.958333+00
337	authentik_core	0002_auto_20200523_1133_squashed_0011_provider_name_temp	2022-01-20 15:03:49.963079+00
338	authentik_core	0018_auto_20210330_1345_squashed_0028_alter_token_intent	2022-01-20 15:03:49.967647+00
\.


--
-- Data for Name: django_session; Type: TABLE DATA; Schema: public; Owner: authentik
--

COPY public.django_session (session_key, session_data, expire_date) FROM stdin;
\.


--
-- Data for Name: guardian_groupobjectpermission; Type: TABLE DATA; Schema: public; Owner: authentik
--

COPY public.guardian_groupobjectpermission (id, object_pk, content_type_id, group_id, permission_id) FROM stdin;
\.


--
-- Data for Name: guardian_userobjectpermission; Type: TABLE DATA; Schema: public; Owner: authentik
--

COPY public.guardian_userobjectpermission (id, object_pk, content_type_id, permission_id, user_id) FROM stdin;
1744	411f86cf-e410-4443-876b-9f3c6aefbd96	15	63	3
1745	2	35	145	3
\.


--
-- Data for Name: otp_static_staticdevice; Type: TABLE DATA; Schema: public; Owner: authentik
--

COPY public.otp_static_staticdevice (id, name, confirmed, user_id, throttling_failure_count, throttling_failure_timestamp) FROM stdin;
\.


--
-- Data for Name: otp_static_statictoken; Type: TABLE DATA; Schema: public; Owner: authentik
--

COPY public.otp_static_statictoken (id, token, device_id) FROM stdin;
\.


--
-- Data for Name: otp_totp_totpdevice; Type: TABLE DATA; Schema: public; Owner: authentik
--

COPY public.otp_totp_totpdevice (id, name, confirmed, key, step, t0, digits, tolerance, drift, last_t, user_id, throttling_failure_count, throttling_failure_timestamp) FROM stdin;
1	TOTP Authenticator	t	09e8e23d207a3f94ea8a3957bf01df989c3652ae	30	0	6	1	0	54759690	1	0	\N
\.


--
-- Name: auth_group_id_seq; Type: SEQUENCE SET; Schema: public; Owner: authentik
--

SELECT pg_catalog.setval('public.auth_group_id_seq', 1, false);


--
-- Name: auth_group_permissions_id_seq; Type: SEQUENCE SET; Schema: public; Owner: authentik
--

SELECT pg_catalog.setval('public.auth_group_permissions_id_seq', 1, false);


--
-- Name: auth_permission_id_seq; Type: SEQUENCE SET; Schema: public; Owner: authentik
--

SELECT pg_catalog.setval('public.auth_permission_id_seq', 344, true);


--
-- Name: authentik_core_provider_id_seq; Type: SEQUENCE SET; Schema: public; Owner: authentik
--

SELECT pg_catalog.setval('public.authentik_core_provider_id_seq', 2, true);


--
-- Name: authentik_core_provider_property_mappings_id_seq; Type: SEQUENCE SET; Schema: public; Owner: authentik
--

SELECT pg_catalog.setval('public.authentik_core_provider_property_mappings_id_seq', 19, true);


--
-- Name: authentik_core_source_property_mappings_id_seq; Type: SEQUENCE SET; Schema: public; Owner: authentik
--

SELECT pg_catalog.setval('public.authentik_core_source_property_mappings_id_seq', 1, false);


--
-- Name: authentik_core_user_groups_id_seq; Type: SEQUENCE SET; Schema: public; Owner: authentik
--

SELECT pg_catalog.setval('public.authentik_core_user_groups_id_seq', 1, false);


--
-- Name: authentik_core_user_id_seq; Type: SEQUENCE SET; Schema: public; Owner: authentik
--

SELECT pg_catalog.setval('public.authentik_core_user_id_seq', 5, true);


--
-- Name: authentik_core_user_pb_groups_id_seq; Type: SEQUENCE SET; Schema: public; Owner: authentik
--

SELECT pg_catalog.setval('public.authentik_core_user_pb_groups_id_seq', 2, true);


--
-- Name: authentik_core_user_user_permissions_id_seq; Type: SEQUENCE SET; Schema: public; Owner: authentik
--

SELECT pg_catalog.setval('public.authentik_core_user_user_permissions_id_seq', 1020, true);


--
-- Name: authentik_core_usersourceconnection_id_seq; Type: SEQUENCE SET; Schema: public; Owner: authentik
--

SELECT pg_catalog.setval('public.authentik_core_usersourceconnection_id_seq', 1, false);


--
-- Name: authentik_events_notificationrule_transports_id_seq; Type: SEQUENCE SET; Schema: public; Owner: authentik
--

SELECT pg_catalog.setval('public.authentik_events_notificationrule_transports_id_seq', 3, true);


--
-- Name: authentik_outposts_outpost_providers_id_seq; Type: SEQUENCE SET; Schema: public; Owner: authentik
--

SELECT pg_catalog.setval('public.authentik_outposts_outpost_providers_id_seq', 2, true);


--
-- Name: authentik_providers_oauth2_authorizationcode_id_seq; Type: SEQUENCE SET; Schema: public; Owner: authentik
--

SELECT pg_catalog.setval('public.authentik_providers_oauth2_authorizationcode_id_seq', 1, false);


--
-- Name: authentik_providers_oauth2_refreshtoken_id_seq; Type: SEQUENCE SET; Schema: public; Owner: authentik
--

SELECT pg_catalog.setval('public.authentik_providers_oauth2_refreshtoken_id_seq', 1, false);


--
-- Name: authentik_sources_ldap_ldapsource_property_mappings_grou_id_seq; Type: SEQUENCE SET; Schema: public; Owner: authentik
--

SELECT pg_catalog.setval('public.authentik_sources_ldap_ldapsource_property_mappings_grou_id_seq', 1, false);


--
-- Name: authentik_stages_authenticator_duo_duodevice_id_seq; Type: SEQUENCE SET; Schema: public; Owner: authentik
--

SELECT pg_catalog.setval('public.authentik_stages_authenticator_duo_duodevice_id_seq', 1, false);


--
-- Name: authentik_stages_authenticator_sms_smsdevice_id_seq; Type: SEQUENCE SET; Schema: public; Owner: authentik
--

SELECT pg_catalog.setval('public.authentik_stages_authenticator_sms_smsdevice_id_seq', 1, false);


--
-- Name: authentik_stages_authenticator_webauthn_webauthndevice_id_seq; Type: SEQUENCE SET; Schema: public; Owner: authentik
--

SELECT pg_catalog.setval('public.authentik_stages_authenticator_webauthn_webauthndevice_id_seq', 1, false);


--
-- Name: authentik_stages_consent_userconsent_id_seq; Type: SEQUENCE SET; Schema: public; Owner: authentik
--

SELECT pg_catalog.setval('public.authentik_stages_consent_userconsent_id_seq', 1, false);


--
-- Name: authentik_stages_identification_identificationstage_sour_id_seq; Type: SEQUENCE SET; Schema: public; Owner: authentik
--

SELECT pg_catalog.setval('public.authentik_stages_identification_identificationstage_sour_id_seq', 1, false);


--
-- Name: authentik_stages_prompt_promptstage_fields_id_seq; Type: SEQUENCE SET; Schema: public; Owner: authentik
--

SELECT pg_catalog.setval('public.authentik_stages_prompt_promptstage_fields_id_seq', 7, true);


--
-- Name: authentik_stages_prompt_promptstage_validation_policies_id_seq; Type: SEQUENCE SET; Schema: public; Owner: authentik
--

SELECT pg_catalog.setval('public.authentik_stages_prompt_promptstage_validation_policies_id_seq', 1, false);


--
-- Name: django_content_type_id_seq; Type: SEQUENCE SET; Schema: public; Owner: authentik
--

SELECT pg_catalog.setval('public.django_content_type_id_seq', 84, true);


--
-- Name: django_migrations_id_seq; Type: SEQUENCE SET; Schema: public; Owner: authentik
--

SELECT pg_catalog.setval('public.django_migrations_id_seq', 338, true);


--
-- Name: guardian_groupobjectpermission_id_seq; Type: SEQUENCE SET; Schema: public; Owner: authentik
--

SELECT pg_catalog.setval('public.guardian_groupobjectpermission_id_seq', 1, false);


--
-- Name: guardian_userobjectpermission_id_seq; Type: SEQUENCE SET; Schema: public; Owner: authentik
--

SELECT pg_catalog.setval('public.guardian_userobjectpermission_id_seq', 1745, true);


--
-- Name: otp_static_staticdevice_id_seq; Type: SEQUENCE SET; Schema: public; Owner: authentik
--

SELECT pg_catalog.setval('public.otp_static_staticdevice_id_seq', 1, false);


--
-- Name: otp_static_statictoken_id_seq; Type: SEQUENCE SET; Schema: public; Owner: authentik
--

SELECT pg_catalog.setval('public.otp_static_statictoken_id_seq', 1, false);


--
-- Name: otp_totp_totpdevice_id_seq; Type: SEQUENCE SET; Schema: public; Owner: authentik
--

SELECT pg_catalog.setval('public.otp_totp_totpdevice_id_seq', 1, true);


--
-- Name: auth_group auth_group_name_key; Type: CONSTRAINT; Schema: public; Owner: authentik
--

ALTER TABLE ONLY public.auth_group
    ADD CONSTRAINT auth_group_name_key UNIQUE (name);


--
-- Name: auth_group_permissions auth_group_permissions_group_id_permission_id_0cd325b0_uniq; Type: CONSTRAINT; Schema: public; Owner: authentik
--

ALTER TABLE ONLY public.auth_group_permissions
    ADD CONSTRAINT auth_group_permissions_group_id_permission_id_0cd325b0_uniq UNIQUE (group_id, permission_id);


--
-- Name: auth_group_permissions auth_group_permissions_pkey; Type: CONSTRAINT; Schema: public; Owner: authentik
--

ALTER TABLE ONLY public.auth_group_permissions
    ADD CONSTRAINT auth_group_permissions_pkey PRIMARY KEY (id);


--
-- Name: auth_group auth_group_pkey; Type: CONSTRAINT; Schema: public; Owner: authentik
--

ALTER TABLE ONLY public.auth_group
    ADD CONSTRAINT auth_group_pkey PRIMARY KEY (id);


--
-- Name: auth_permission auth_permission_content_type_id_codename_01ab375a_uniq; Type: CONSTRAINT; Schema: public; Owner: authentik
--

ALTER TABLE ONLY public.auth_permission
    ADD CONSTRAINT auth_permission_content_type_id_codename_01ab375a_uniq UNIQUE (content_type_id, codename);


--
-- Name: auth_permission auth_permission_pkey; Type: CONSTRAINT; Schema: public; Owner: authentik
--

ALTER TABLE ONLY public.auth_permission
    ADD CONSTRAINT auth_permission_pkey PRIMARY KEY (id);


--
-- Name: authentik_core_application authentik_core_application_pkey; Type: CONSTRAINT; Schema: public; Owner: authentik
--

ALTER TABLE ONLY public.authentik_core_application
    ADD CONSTRAINT authentik_core_application_pkey PRIMARY KEY (policybindingmodel_ptr_id);


--
-- Name: authentik_core_application authentik_core_application_provider_id_key; Type: CONSTRAINT; Schema: public; Owner: authentik
--

ALTER TABLE ONLY public.authentik_core_application
    ADD CONSTRAINT authentik_core_application_provider_id_key UNIQUE (provider_id);


--
-- Name: authentik_core_application authentik_core_application_slug_ab82d049_uniq; Type: CONSTRAINT; Schema: public; Owner: authentik
--

ALTER TABLE ONLY public.authentik_core_application
    ADD CONSTRAINT authentik_core_application_slug_ab82d049_uniq UNIQUE (slug);


--
-- Name: authentik_core_authenticatedsession authentik_core_authenticatedsession_pkey; Type: CONSTRAINT; Schema: public; Owner: authentik
--

ALTER TABLE ONLY public.authentik_core_authenticatedsession
    ADD CONSTRAINT authentik_core_authenticatedsession_pkey PRIMARY KEY (uuid);


--
-- Name: authentik_core_group authentik_core_group_name_parent_id_bb2177db_uniq; Type: CONSTRAINT; Schema: public; Owner: authentik
--

ALTER TABLE ONLY public.authentik_core_group
    ADD CONSTRAINT authentik_core_group_name_parent_id_bb2177db_uniq UNIQUE (name, parent_id);


--
-- Name: authentik_core_group authentik_core_group_pkey; Type: CONSTRAINT; Schema: public; Owner: authentik
--

ALTER TABLE ONLY public.authentik_core_group
    ADD CONSTRAINT authentik_core_group_pkey PRIMARY KEY (group_uuid);


--
-- Name: authentik_core_propertymapping authentik_core_propertymapping_managed_key; Type: CONSTRAINT; Schema: public; Owner: authentik
--

ALTER TABLE ONLY public.authentik_core_propertymapping
    ADD CONSTRAINT authentik_core_propertymapping_managed_key UNIQUE (managed);


--
-- Name: authentik_core_propertymapping authentik_core_propertymapping_pkey; Type: CONSTRAINT; Schema: public; Owner: authentik
--

ALTER TABLE ONLY public.authentik_core_propertymapping
    ADD CONSTRAINT authentik_core_propertymapping_pkey PRIMARY KEY (pm_uuid);


--
-- Name: authentik_core_provider_property_mappings authentik_core_provider__provider_id_propertymapp_cf242fa9_uniq; Type: CONSTRAINT; Schema: public; Owner: authentik
--

ALTER TABLE ONLY public.authentik_core_provider_property_mappings
    ADD CONSTRAINT authentik_core_provider__provider_id_propertymapp_cf242fa9_uniq UNIQUE (provider_id, propertymapping_id);


--
-- Name: authentik_core_provider authentik_core_provider_pkey; Type: CONSTRAINT; Schema: public; Owner: authentik
--

ALTER TABLE ONLY public.authentik_core_provider
    ADD CONSTRAINT authentik_core_provider_pkey PRIMARY KEY (id);


--
-- Name: authentik_core_provider_property_mappings authentik_core_provider_property_mappings_pkey; Type: CONSTRAINT; Schema: public; Owner: authentik
--

ALTER TABLE ONLY public.authentik_core_provider_property_mappings
    ADD CONSTRAINT authentik_core_provider_property_mappings_pkey PRIMARY KEY (id);


--
-- Name: authentik_core_source authentik_core_source_managed_key; Type: CONSTRAINT; Schema: public; Owner: authentik
--

ALTER TABLE ONLY public.authentik_core_source
    ADD CONSTRAINT authentik_core_source_managed_key UNIQUE (managed);


--
-- Name: authentik_core_source authentik_core_source_pkey; Type: CONSTRAINT; Schema: public; Owner: authentik
--

ALTER TABLE ONLY public.authentik_core_source
    ADD CONSTRAINT authentik_core_source_pkey PRIMARY KEY (policybindingmodel_ptr_id);


--
-- Name: authentik_core_source_property_mappings authentik_core_source_pr_source_id_propertymappin_f506919a_uniq; Type: CONSTRAINT; Schema: public; Owner: authentik
--

ALTER TABLE ONLY public.authentik_core_source_property_mappings
    ADD CONSTRAINT authentik_core_source_pr_source_id_propertymappin_f506919a_uniq UNIQUE (source_id, propertymapping_id);


--
-- Name: authentik_core_source_property_mappings authentik_core_source_property_mappings_pkey; Type: CONSTRAINT; Schema: public; Owner: authentik
--

ALTER TABLE ONLY public.authentik_core_source_property_mappings
    ADD CONSTRAINT authentik_core_source_property_mappings_pkey PRIMARY KEY (id);


--
-- Name: authentik_core_source authentik_core_source_slug_e15c7212_uniq; Type: CONSTRAINT; Schema: public; Owner: authentik
--

ALTER TABLE ONLY public.authentik_core_source
    ADD CONSTRAINT authentik_core_source_slug_e15c7212_uniq UNIQUE (slug);


--
-- Name: authentik_core_token authentik_core_token_identifier_af152015_uniq; Type: CONSTRAINT; Schema: public; Owner: authentik
--

ALTER TABLE ONLY public.authentik_core_token
    ADD CONSTRAINT authentik_core_token_identifier_af152015_uniq UNIQUE (identifier);


--
-- Name: authentik_core_token authentik_core_token_managed_key; Type: CONSTRAINT; Schema: public; Owner: authentik
--

ALTER TABLE ONLY public.authentik_core_token
    ADD CONSTRAINT authentik_core_token_managed_key UNIQUE (managed);


--
-- Name: authentik_core_token authentik_core_token_pkey; Type: CONSTRAINT; Schema: public; Owner: authentik
--

ALTER TABLE ONLY public.authentik_core_token
    ADD CONSTRAINT authentik_core_token_pkey PRIMARY KEY (token_uuid);


--
-- Name: authentik_core_user_groups authentik_core_user_groups_pkey; Type: CONSTRAINT; Schema: public; Owner: authentik
--

ALTER TABLE ONLY public.authentik_core_user_groups
    ADD CONSTRAINT authentik_core_user_groups_pkey PRIMARY KEY (id);


--
-- Name: authentik_core_user_groups authentik_core_user_groups_user_id_group_id_fbcd9aac_uniq; Type: CONSTRAINT; Schema: public; Owner: authentik
--

ALTER TABLE ONLY public.authentik_core_user_groups
    ADD CONSTRAINT authentik_core_user_groups_user_id_group_id_fbcd9aac_uniq UNIQUE (user_id, group_id);


--
-- Name: authentik_core_user_ak_groups authentik_core_user_pb_groups_pkey; Type: CONSTRAINT; Schema: public; Owner: authentik
--

ALTER TABLE ONLY public.authentik_core_user_ak_groups
    ADD CONSTRAINT authentik_core_user_pb_groups_pkey PRIMARY KEY (id);


--
-- Name: authentik_core_user_ak_groups authentik_core_user_pb_groups_user_id_group_id_fa5d69c3_uniq; Type: CONSTRAINT; Schema: public; Owner: authentik
--

ALTER TABLE ONLY public.authentik_core_user_ak_groups
    ADD CONSTRAINT authentik_core_user_pb_groups_user_id_group_id_fa5d69c3_uniq UNIQUE (user_id, group_id);


--
-- Name: authentik_core_user authentik_core_user_pkey; Type: CONSTRAINT; Schema: public; Owner: authentik
--

ALTER TABLE ONLY public.authentik_core_user
    ADD CONSTRAINT authentik_core_user_pkey PRIMARY KEY (id);


--
-- Name: authentik_core_user_user_permissions authentik_core_user_user_permissions_pkey; Type: CONSTRAINT; Schema: public; Owner: authentik
--

ALTER TABLE ONLY public.authentik_core_user_user_permissions
    ADD CONSTRAINT authentik_core_user_user_permissions_pkey PRIMARY KEY (id);


--
-- Name: authentik_core_user_user_permissions authentik_core_user_user_user_id_permission_id_2601a709_uniq; Type: CONSTRAINT; Schema: public; Owner: authentik
--

ALTER TABLE ONLY public.authentik_core_user_user_permissions
    ADD CONSTRAINT authentik_core_user_user_user_id_permission_id_2601a709_uniq UNIQUE (user_id, permission_id);


--
-- Name: authentik_core_user authentik_core_user_username_key; Type: CONSTRAINT; Schema: public; Owner: authentik
--

ALTER TABLE ONLY public.authentik_core_user
    ADD CONSTRAINT authentik_core_user_username_key UNIQUE (username);


--
-- Name: authentik_core_usersourceconnection authentik_core_usersourc_user_id_source_id_ad1f5aa7_uniq; Type: CONSTRAINT; Schema: public; Owner: authentik
--

ALTER TABLE ONLY public.authentik_core_usersourceconnection
    ADD CONSTRAINT authentik_core_usersourc_user_id_source_id_ad1f5aa7_uniq UNIQUE (user_id, source_id);


--
-- Name: authentik_core_usersourceconnection authentik_core_usersourceconnection_pkey; Type: CONSTRAINT; Schema: public; Owner: authentik
--

ALTER TABLE ONLY public.authentik_core_usersourceconnection
    ADD CONSTRAINT authentik_core_usersourceconnection_pkey PRIMARY KEY (id);


--
-- Name: authentik_crypto_certificatekeypair authentik_crypto_certificatekeypair_managed_key; Type: CONSTRAINT; Schema: public; Owner: authentik
--

ALTER TABLE ONLY public.authentik_crypto_certificatekeypair
    ADD CONSTRAINT authentik_crypto_certificatekeypair_managed_key UNIQUE (managed);


--
-- Name: authentik_crypto_certificatekeypair authentik_crypto_certificatekeypair_pkey; Type: CONSTRAINT; Schema: public; Owner: authentik
--

ALTER TABLE ONLY public.authentik_crypto_certificatekeypair
    ADD CONSTRAINT authentik_crypto_certificatekeypair_pkey PRIMARY KEY (kp_uuid);


--
-- Name: authentik_events_event authentik_events_event_pkey; Type: CONSTRAINT; Schema: public; Owner: authentik
--

ALTER TABLE ONLY public.authentik_events_event
    ADD CONSTRAINT authentik_events_event_pkey PRIMARY KEY (event_uuid);


--
-- Name: authentik_events_notificationrule_transports authentik_events_notific_notificationrule_id_noti_e1f5243d_uniq; Type: CONSTRAINT; Schema: public; Owner: authentik
--

ALTER TABLE ONLY public.authentik_events_notificationrule_transports
    ADD CONSTRAINT authentik_events_notific_notificationrule_id_noti_e1f5243d_uniq UNIQUE (notificationrule_id, notificationtransport_id);


--
-- Name: authentik_events_notification authentik_events_notification_pkey; Type: CONSTRAINT; Schema: public; Owner: authentik
--

ALTER TABLE ONLY public.authentik_events_notification
    ADD CONSTRAINT authentik_events_notification_pkey PRIMARY KEY (uuid);


--
-- Name: authentik_events_notificationrule authentik_events_notificationrule_name_key; Type: CONSTRAINT; Schema: public; Owner: authentik
--

ALTER TABLE ONLY public.authentik_events_notificationrule
    ADD CONSTRAINT authentik_events_notificationrule_name_key UNIQUE (name);


--
-- Name: authentik_events_notificationrule authentik_events_notificationrule_pkey; Type: CONSTRAINT; Schema: public; Owner: authentik
--

ALTER TABLE ONLY public.authentik_events_notificationrule
    ADD CONSTRAINT authentik_events_notificationrule_pkey PRIMARY KEY (policybindingmodel_ptr_id);


--
-- Name: authentik_events_notificationrule_transports authentik_events_notificationrule_transports_pkey; Type: CONSTRAINT; Schema: public; Owner: authentik
--

ALTER TABLE ONLY public.authentik_events_notificationrule_transports
    ADD CONSTRAINT authentik_events_notificationrule_transports_pkey PRIMARY KEY (id);


--
-- Name: authentik_events_notificationtransport authentik_events_notificationtransport_name_key; Type: CONSTRAINT; Schema: public; Owner: authentik
--

ALTER TABLE ONLY public.authentik_events_notificationtransport
    ADD CONSTRAINT authentik_events_notificationtransport_name_key UNIQUE (name);


--
-- Name: authentik_events_notificationtransport authentik_events_notificationtransport_pkey; Type: CONSTRAINT; Schema: public; Owner: authentik
--

ALTER TABLE ONLY public.authentik_events_notificationtransport
    ADD CONSTRAINT authentik_events_notificationtransport_pkey PRIMARY KEY (uuid);


--
-- Name: authentik_events_notificationwebhookmapping authentik_events_notificationwebhookmapping_pkey; Type: CONSTRAINT; Schema: public; Owner: authentik
--

ALTER TABLE ONLY public.authentik_events_notificationwebhookmapping
    ADD CONSTRAINT authentik_events_notificationwebhookmapping_pkey PRIMARY KEY (propertymapping_ptr_id);


--
-- Name: authentik_flows_flow authentik_flows_flow_pbm_id_key; Type: CONSTRAINT; Schema: public; Owner: authentik
--

ALTER TABLE ONLY public.authentik_flows_flow
    ADD CONSTRAINT authentik_flows_flow_pbm_id_key UNIQUE (policybindingmodel_ptr_id);


--
-- Name: authentik_flows_flow authentik_flows_flow_pkey; Type: CONSTRAINT; Schema: public; Owner: authentik
--

ALTER TABLE ONLY public.authentik_flows_flow
    ADD CONSTRAINT authentik_flows_flow_pkey PRIMARY KEY (flow_uuid);


--
-- Name: authentik_flows_flow authentik_flows_flow_slug_key; Type: CONSTRAINT; Schema: public; Owner: authentik
--

ALTER TABLE ONLY public.authentik_flows_flow
    ADD CONSTRAINT authentik_flows_flow_slug_key UNIQUE (slug);


--
-- Name: authentik_flows_flowstagebinding authentik_flows_flowstag_target_id_stage_id_order_f2150241_uniq; Type: CONSTRAINT; Schema: public; Owner: authentik
--

ALTER TABLE ONLY public.authentik_flows_flowstagebinding
    ADD CONSTRAINT authentik_flows_flowstag_target_id_stage_id_order_f2150241_uniq UNIQUE (target_id, stage_id, "order");


--
-- Name: authentik_flows_flowstagebinding authentik_flows_flowstagebinding_pkey; Type: CONSTRAINT; Schema: public; Owner: authentik
--

ALTER TABLE ONLY public.authentik_flows_flowstagebinding
    ADD CONSTRAINT authentik_flows_flowstagebinding_pkey PRIMARY KEY (fsb_uuid);


--
-- Name: authentik_flows_flowstagebinding authentik_flows_flowstagebinding_policybindingmodel_ptr_id_key; Type: CONSTRAINT; Schema: public; Owner: authentik
--

ALTER TABLE ONLY public.authentik_flows_flowstagebinding
    ADD CONSTRAINT authentik_flows_flowstagebinding_policybindingmodel_ptr_id_key UNIQUE (policybindingmodel_ptr_id);


--
-- Name: authentik_flows_flowtoken authentik_flows_flowtoken_pkey; Type: CONSTRAINT; Schema: public; Owner: authentik
--

ALTER TABLE ONLY public.authentik_flows_flowtoken
    ADD CONSTRAINT authentik_flows_flowtoken_pkey PRIMARY KEY (token_ptr_id);


--
-- Name: authentik_flows_stage authentik_flows_stage_name_a2584620_uniq; Type: CONSTRAINT; Schema: public; Owner: authentik
--

ALTER TABLE ONLY public.authentik_flows_stage
    ADD CONSTRAINT authentik_flows_stage_name_a2584620_uniq UNIQUE (name);


--
-- Name: authentik_flows_stage authentik_flows_stage_pkey; Type: CONSTRAINT; Schema: public; Owner: authentik
--

ALTER TABLE ONLY public.authentik_flows_stage
    ADD CONSTRAINT authentik_flows_stage_pkey PRIMARY KEY (stage_uuid);


--
-- Name: authentik_outposts_dockerserviceconnection authentik_outposts_dockerserviceconnection_pkey; Type: CONSTRAINT; Schema: public; Owner: authentik
--

ALTER TABLE ONLY public.authentik_outposts_dockerserviceconnection
    ADD CONSTRAINT authentik_outposts_dockerserviceconnection_pkey PRIMARY KEY (outpostserviceconnection_ptr_id);


--
-- Name: authentik_outposts_kubernetesserviceconnection authentik_outposts_kubernetesserviceconnection_pkey; Type: CONSTRAINT; Schema: public; Owner: authentik
--

ALTER TABLE ONLY public.authentik_outposts_kubernetesserviceconnection
    ADD CONSTRAINT authentik_outposts_kubernetesserviceconnection_pkey PRIMARY KEY (outpostserviceconnection_ptr_id);


--
-- Name: authentik_outposts_outpost_providers authentik_outposts_outpo_outpost_id_provider_id_bee0c17e_uniq; Type: CONSTRAINT; Schema: public; Owner: authentik
--

ALTER TABLE ONLY public.authentik_outposts_outpost_providers
    ADD CONSTRAINT authentik_outposts_outpo_outpost_id_provider_id_bee0c17e_uniq UNIQUE (outpost_id, provider_id);


--
-- Name: authentik_outposts_outpost authentik_outposts_outpost_managed_key; Type: CONSTRAINT; Schema: public; Owner: authentik
--

ALTER TABLE ONLY public.authentik_outposts_outpost
    ADD CONSTRAINT authentik_outposts_outpost_managed_key UNIQUE (managed);


--
-- Name: authentik_outposts_outpost authentik_outposts_outpost_pkey; Type: CONSTRAINT; Schema: public; Owner: authentik
--

ALTER TABLE ONLY public.authentik_outposts_outpost
    ADD CONSTRAINT authentik_outposts_outpost_pkey PRIMARY KEY (uuid);


--
-- Name: authentik_outposts_outpost_providers authentik_outposts_outpost_providers_pkey; Type: CONSTRAINT; Schema: public; Owner: authentik
--

ALTER TABLE ONLY public.authentik_outposts_outpost_providers
    ADD CONSTRAINT authentik_outposts_outpost_providers_pkey PRIMARY KEY (id);


--
-- Name: authentik_outposts_outpostserviceconnection authentik_outposts_outpostserviceconnection_pkey; Type: CONSTRAINT; Schema: public; Owner: authentik
--

ALTER TABLE ONLY public.authentik_outposts_outpostserviceconnection
    ADD CONSTRAINT authentik_outposts_outpostserviceconnection_pkey PRIMARY KEY (uuid);


--
-- Name: authentik_policies_dummy_dummypolicy authentik_policies_dummy_dummypolicy_pkey; Type: CONSTRAINT; Schema: public; Owner: authentik
--

ALTER TABLE ONLY public.authentik_policies_dummy_dummypolicy
    ADD CONSTRAINT authentik_policies_dummy_dummypolicy_pkey PRIMARY KEY (policy_ptr_id);


--
-- Name: authentik_policies_event_matcher_eventmatcherpolicy authentik_policies_event_matcher_eventmatcherpolicy_pkey; Type: CONSTRAINT; Schema: public; Owner: authentik
--

ALTER TABLE ONLY public.authentik_policies_event_matcher_eventmatcherpolicy
    ADD CONSTRAINT authentik_policies_event_matcher_eventmatcherpolicy_pkey PRIMARY KEY (policy_ptr_id);


--
-- Name: authentik_policies_expiry_passwordexpirypolicy authentik_policies_expiry_passwordexpirypolicy_pkey; Type: CONSTRAINT; Schema: public; Owner: authentik
--

ALTER TABLE ONLY public.authentik_policies_expiry_passwordexpirypolicy
    ADD CONSTRAINT authentik_policies_expiry_passwordexpirypolicy_pkey PRIMARY KEY (policy_ptr_id);


--
-- Name: authentik_policies_expression_expressionpolicy authentik_policies_expression_expressionpolicy_pkey; Type: CONSTRAINT; Schema: public; Owner: authentik
--

ALTER TABLE ONLY public.authentik_policies_expression_expressionpolicy
    ADD CONSTRAINT authentik_policies_expression_expressionpolicy_pkey PRIMARY KEY (policy_ptr_id);


--
-- Name: authentik_policies_hibp_haveibeenpwendpolicy authentik_policies_hibp_haveibeenpwendpolicy_pkey; Type: CONSTRAINT; Schema: public; Owner: authentik
--

ALTER TABLE ONLY public.authentik_policies_hibp_haveibeenpwendpolicy
    ADD CONSTRAINT authentik_policies_hibp_haveibeenpwendpolicy_pkey PRIMARY KEY (policy_ptr_id);


--
-- Name: authentik_policies_password_passwordpolicy authentik_policies_password_passwordpolicy_pkey; Type: CONSTRAINT; Schema: public; Owner: authentik
--

ALTER TABLE ONLY public.authentik_policies_password_passwordpolicy
    ADD CONSTRAINT authentik_policies_password_passwordpolicy_pkey PRIMARY KEY (policy_ptr_id);


--
-- Name: authentik_policies_policybinding authentik_policies_polic_policy_id_target_id_orde_0a6ac3bd_uniq; Type: CONSTRAINT; Schema: public; Owner: authentik
--

ALTER TABLE ONLY public.authentik_policies_policybinding
    ADD CONSTRAINT authentik_policies_polic_policy_id_target_id_orde_0a6ac3bd_uniq UNIQUE (policy_id, target_id, "order");


--
-- Name: authentik_policies_policy authentik_policies_policy_pkey; Type: CONSTRAINT; Schema: public; Owner: authentik
--

ALTER TABLE ONLY public.authentik_policies_policy
    ADD CONSTRAINT authentik_policies_policy_pkey PRIMARY KEY (policy_uuid);


--
-- Name: authentik_policies_policybinding authentik_policies_policybinding_pkey; Type: CONSTRAINT; Schema: public; Owner: authentik
--

ALTER TABLE ONLY public.authentik_policies_policybinding
    ADD CONSTRAINT authentik_policies_policybinding_pkey PRIMARY KEY (policy_binding_uuid);


--
-- Name: authentik_policies_policybindingmodel authentik_policies_policybindingmodel_pkey; Type: CONSTRAINT; Schema: public; Owner: authentik
--

ALTER TABLE ONLY public.authentik_policies_policybindingmodel
    ADD CONSTRAINT authentik_policies_policybindingmodel_pkey PRIMARY KEY (pbm_uuid);


--
-- Name: authentik_policies_reputation_reputation authentik_policies_reput_identifier_ip_d60de75a_uniq; Type: CONSTRAINT; Schema: public; Owner: authentik
--

ALTER TABLE ONLY public.authentik_policies_reputation_reputation
    ADD CONSTRAINT authentik_policies_reput_identifier_ip_d60de75a_uniq UNIQUE (identifier, ip);


--
-- Name: authentik_policies_reputation_reputation authentik_policies_reputation_reputation_pkey; Type: CONSTRAINT; Schema: public; Owner: authentik
--

ALTER TABLE ONLY public.authentik_policies_reputation_reputation
    ADD CONSTRAINT authentik_policies_reputation_reputation_pkey PRIMARY KEY (reputation_uuid);


--
-- Name: authentik_policies_reputation_reputationpolicy authentik_policies_reputation_reputationpolicy_pkey; Type: CONSTRAINT; Schema: public; Owner: authentik
--

ALTER TABLE ONLY public.authentik_policies_reputation_reputationpolicy
    ADD CONSTRAINT authentik_policies_reputation_reputationpolicy_pkey PRIMARY KEY (policy_ptr_id);


--
-- Name: authentik_providers_ldap_ldapprovider authentik_providers_ldap_ldapprovider_pkey; Type: CONSTRAINT; Schema: public; Owner: authentik
--

ALTER TABLE ONLY public.authentik_providers_ldap_ldapprovider
    ADD CONSTRAINT authentik_providers_ldap_ldapprovider_pkey PRIMARY KEY (provider_ptr_id);


--
-- Name: authentik_providers_oauth2_authorizationcode authentik_providers_oauth2_authorizationcode_code_key; Type: CONSTRAINT; Schema: public; Owner: authentik
--

ALTER TABLE ONLY public.authentik_providers_oauth2_authorizationcode
    ADD CONSTRAINT authentik_providers_oauth2_authorizationcode_code_key UNIQUE (code);


--
-- Name: authentik_providers_oauth2_authorizationcode authentik_providers_oauth2_authorizationcode_pkey; Type: CONSTRAINT; Schema: public; Owner: authentik
--

ALTER TABLE ONLY public.authentik_providers_oauth2_authorizationcode
    ADD CONSTRAINT authentik_providers_oauth2_authorizationcode_pkey PRIMARY KEY (id);


--
-- Name: authentik_providers_oauth2_oauth2provider authentik_providers_oauth2_oauth2provider_client_id_key; Type: CONSTRAINT; Schema: public; Owner: authentik
--

ALTER TABLE ONLY public.authentik_providers_oauth2_oauth2provider
    ADD CONSTRAINT authentik_providers_oauth2_oauth2provider_client_id_key UNIQUE (client_id);


--
-- Name: authentik_providers_oauth2_oauth2provider authentik_providers_oauth2_oauth2provider_pkey; Type: CONSTRAINT; Schema: public; Owner: authentik
--

ALTER TABLE ONLY public.authentik_providers_oauth2_oauth2provider
    ADD CONSTRAINT authentik_providers_oauth2_oauth2provider_pkey PRIMARY KEY (provider_ptr_id);


--
-- Name: authentik_providers_oauth2_refreshtoken authentik_providers_oauth2_refreshtoken_pkey; Type: CONSTRAINT; Schema: public; Owner: authentik
--

ALTER TABLE ONLY public.authentik_providers_oauth2_refreshtoken
    ADD CONSTRAINT authentik_providers_oauth2_refreshtoken_pkey PRIMARY KEY (id);


--
-- Name: authentik_providers_oauth2_refreshtoken authentik_providers_oauth2_refreshtoken_refresh_token_key; Type: CONSTRAINT; Schema: public; Owner: authentik
--

ALTER TABLE ONLY public.authentik_providers_oauth2_refreshtoken
    ADD CONSTRAINT authentik_providers_oauth2_refreshtoken_refresh_token_key UNIQUE (refresh_token);


--
-- Name: authentik_providers_oauth2_scopemapping authentik_providers_oauth2_scopemapping_pkey; Type: CONSTRAINT; Schema: public; Owner: authentik
--

ALTER TABLE ONLY public.authentik_providers_oauth2_scopemapping
    ADD CONSTRAINT authentik_providers_oauth2_scopemapping_pkey PRIMARY KEY (propertymapping_ptr_id);


--
-- Name: authentik_providers_proxy_proxyprovider authentik_providers_proxy_proxyprovider_pkey; Type: CONSTRAINT; Schema: public; Owner: authentik
--

ALTER TABLE ONLY public.authentik_providers_proxy_proxyprovider
    ADD CONSTRAINT authentik_providers_proxy_proxyprovider_pkey PRIMARY KEY (oauth2provider_ptr_id);


--
-- Name: authentik_providers_saml_samlpropertymapping authentik_providers_saml_samlpropertymapping_pkey; Type: CONSTRAINT; Schema: public; Owner: authentik
--

ALTER TABLE ONLY public.authentik_providers_saml_samlpropertymapping
    ADD CONSTRAINT authentik_providers_saml_samlpropertymapping_pkey PRIMARY KEY (propertymapping_ptr_id);


--
-- Name: authentik_providers_saml_samlprovider authentik_providers_saml_samlprovider_pkey; Type: CONSTRAINT; Schema: public; Owner: authentik
--

ALTER TABLE ONLY public.authentik_providers_saml_samlprovider
    ADD CONSTRAINT authentik_providers_saml_samlprovider_pkey PRIMARY KEY (provider_ptr_id);


--
-- Name: authentik_sources_ldap_ldapsource_property_mappings_group authentik_sources_ldap_l_ldapsource_id_propertyma_98e4fb2b_uniq; Type: CONSTRAINT; Schema: public; Owner: authentik
--

ALTER TABLE ONLY public.authentik_sources_ldap_ldapsource_property_mappings_group
    ADD CONSTRAINT authentik_sources_ldap_l_ldapsource_id_propertyma_98e4fb2b_uniq UNIQUE (ldapsource_id, propertymapping_id);


--
-- Name: authentik_sources_ldap_ldappropertymapping authentik_sources_ldap_ldappropertymapping_pkey; Type: CONSTRAINT; Schema: public; Owner: authentik
--

ALTER TABLE ONLY public.authentik_sources_ldap_ldappropertymapping
    ADD CONSTRAINT authentik_sources_ldap_ldappropertymapping_pkey PRIMARY KEY (propertymapping_ptr_id);


--
-- Name: authentik_sources_ldap_ldapsource authentik_sources_ldap_ldapsource_pkey; Type: CONSTRAINT; Schema: public; Owner: authentik
--

ALTER TABLE ONLY public.authentik_sources_ldap_ldapsource
    ADD CONSTRAINT authentik_sources_ldap_ldapsource_pkey PRIMARY KEY (source_ptr_id);


--
-- Name: authentik_sources_ldap_ldapsource_property_mappings_group authentik_sources_ldap_ldapsource_property_mappings_group_pkey; Type: CONSTRAINT; Schema: public; Owner: authentik
--

ALTER TABLE ONLY public.authentik_sources_ldap_ldapsource_property_mappings_group
    ADD CONSTRAINT authentik_sources_ldap_ldapsource_property_mappings_group_pkey PRIMARY KEY (id);


--
-- Name: authentik_sources_oauth_oauthsource authentik_sources_oauth_oauthsource_pkey; Type: CONSTRAINT; Schema: public; Owner: authentik
--

ALTER TABLE ONLY public.authentik_sources_oauth_oauthsource
    ADD CONSTRAINT authentik_sources_oauth_oauthsource_pkey PRIMARY KEY (source_ptr_id);


--
-- Name: authentik_sources_oauth_useroauthsourceconnection authentik_sources_oauth_useroauthsourceconnection_pkey; Type: CONSTRAINT; Schema: public; Owner: authentik
--

ALTER TABLE ONLY public.authentik_sources_oauth_useroauthsourceconnection
    ADD CONSTRAINT authentik_sources_oauth_useroauthsourceconnection_pkey PRIMARY KEY (usersourceconnection_ptr_id);


--
-- Name: authentik_sources_plex_plexsource authentik_sources_plex_plexsource_pkey; Type: CONSTRAINT; Schema: public; Owner: authentik
--

ALTER TABLE ONLY public.authentik_sources_plex_plexsource
    ADD CONSTRAINT authentik_sources_plex_plexsource_pkey PRIMARY KEY (source_ptr_id);


--
-- Name: authentik_sources_plex_plexsourceconnection authentik_sources_plex_plexsourceconnection_pkey; Type: CONSTRAINT; Schema: public; Owner: authentik
--

ALTER TABLE ONLY public.authentik_sources_plex_plexsourceconnection
    ADD CONSTRAINT authentik_sources_plex_plexsourceconnection_pkey PRIMARY KEY (usersourceconnection_ptr_id);


--
-- Name: authentik_sources_saml_samlsource authentik_sources_saml_samlsource_pkey; Type: CONSTRAINT; Schema: public; Owner: authentik
--

ALTER TABLE ONLY public.authentik_sources_saml_samlsource
    ADD CONSTRAINT authentik_sources_saml_samlsource_pkey PRIMARY KEY (source_ptr_id);


--
-- Name: authentik_stages_authenticator_duo_authenticatorduostage authentik_stages_authenticator_duo_authenticatorduostage_pkey; Type: CONSTRAINT; Schema: public; Owner: authentik
--

ALTER TABLE ONLY public.authentik_stages_authenticator_duo_authenticatorduostage
    ADD CONSTRAINT authentik_stages_authenticator_duo_authenticatorduostage_pkey PRIMARY KEY (stage_ptr_id);


--
-- Name: authentik_stages_authenticator_duo_duodevice authentik_stages_authenticator_duo_duodevice_pkey; Type: CONSTRAINT; Schema: public; Owner: authentik
--

ALTER TABLE ONLY public.authentik_stages_authenticator_duo_duodevice
    ADD CONSTRAINT authentik_stages_authenticator_duo_duodevice_pkey PRIMARY KEY (id);


--
-- Name: authentik_stages_authenticator_sms_authenticatorsmsstage authentik_stages_authenticator_sms_authenticatorsmsstage_pkey; Type: CONSTRAINT; Schema: public; Owner: authentik
--

ALTER TABLE ONLY public.authentik_stages_authenticator_sms_authenticatorsmsstage
    ADD CONSTRAINT authentik_stages_authenticator_sms_authenticatorsmsstage_pkey PRIMARY KEY (stage_ptr_id);


--
-- Name: authentik_stages_authenticator_sms_smsdevice authentik_stages_authenticator_sms_smsdevice_pkey; Type: CONSTRAINT; Schema: public; Owner: authentik
--

ALTER TABLE ONLY public.authentik_stages_authenticator_sms_smsdevice
    ADD CONSTRAINT authentik_stages_authenticator_sms_smsdevice_pkey PRIMARY KEY (id);


--
-- Name: authentik_stages_authenticator_static_authenticatorstaticstage authentik_stages_authenticator_static_otpstaticstage_pkey; Type: CONSTRAINT; Schema: public; Owner: authentik
--

ALTER TABLE ONLY public.authentik_stages_authenticator_static_authenticatorstaticstage
    ADD CONSTRAINT authentik_stages_authenticator_static_otpstaticstage_pkey PRIMARY KEY (stage_ptr_id);


--
-- Name: authentik_stages_authenticator_totp_authenticatortotpstage authentik_stages_authenticator_totp_otptimestage_pkey; Type: CONSTRAINT; Schema: public; Owner: authentik
--

ALTER TABLE ONLY public.authentik_stages_authenticator_totp_authenticatortotpstage
    ADD CONSTRAINT authentik_stages_authenticator_totp_otptimestage_pkey PRIMARY KEY (stage_ptr_id);


--
-- Name: authentik_stages_authenticator_validate_authenticatorvalida499c authentik_stages_authenticator_validate_otpvalidatestage_pkey; Type: CONSTRAINT; Schema: public; Owner: authentik
--

ALTER TABLE ONLY public.authentik_stages_authenticator_validate_authenticatorvalida499c
    ADD CONSTRAINT authentik_stages_authenticator_validate_otpvalidatestage_pkey PRIMARY KEY (stage_ptr_id);


--
-- Name: authentik_stages_authenticator_webauthn_authenticatewebauth4bbe authentik_stages_authenticator_webauthn_authenticatewebaut_pkey; Type: CONSTRAINT; Schema: public; Owner: authentik
--

ALTER TABLE ONLY public.authentik_stages_authenticator_webauthn_authenticatewebauth4bbe
    ADD CONSTRAINT authentik_stages_authenticator_webauthn_authenticatewebaut_pkey PRIMARY KEY (stage_ptr_id);


--
-- Name: authentik_stages_authenticator_webauthn_webauthndevice authentik_stages_authenticator_webauthn_webau_credential_id_key; Type: CONSTRAINT; Schema: public; Owner: authentik
--

ALTER TABLE ONLY public.authentik_stages_authenticator_webauthn_webauthndevice
    ADD CONSTRAINT authentik_stages_authenticator_webauthn_webau_credential_id_key UNIQUE (credential_id);


--
-- Name: authentik_stages_authenticator_webauthn_webauthndevice authentik_stages_authenticator_webauthn_webauthndevice_pkey; Type: CONSTRAINT; Schema: public; Owner: authentik
--

ALTER TABLE ONLY public.authentik_stages_authenticator_webauthn_webauthndevice
    ADD CONSTRAINT authentik_stages_authenticator_webauthn_webauthndevice_pkey PRIMARY KEY (id);


--
-- Name: authentik_stages_captcha_captchastage authentik_stages_captcha_captchastage_pkey; Type: CONSTRAINT; Schema: public; Owner: authentik
--

ALTER TABLE ONLY public.authentik_stages_captcha_captchastage
    ADD CONSTRAINT authentik_stages_captcha_captchastage_pkey PRIMARY KEY (stage_ptr_id);


--
-- Name: authentik_stages_consent_consentstage authentik_stages_consent_consentstage_pkey; Type: CONSTRAINT; Schema: public; Owner: authentik
--

ALTER TABLE ONLY public.authentik_stages_consent_consentstage
    ADD CONSTRAINT authentik_stages_consent_consentstage_pkey PRIMARY KEY (stage_ptr_id);


--
-- Name: authentik_stages_consent_userconsent authentik_stages_consent_user_id_application_id_2c060266_uniq; Type: CONSTRAINT; Schema: public; Owner: authentik
--

ALTER TABLE ONLY public.authentik_stages_consent_userconsent
    ADD CONSTRAINT authentik_stages_consent_user_id_application_id_2c060266_uniq UNIQUE (user_id, application_id);


--
-- Name: authentik_stages_consent_userconsent authentik_stages_consent_userconsent_pkey; Type: CONSTRAINT; Schema: public; Owner: authentik
--

ALTER TABLE ONLY public.authentik_stages_consent_userconsent
    ADD CONSTRAINT authentik_stages_consent_userconsent_pkey PRIMARY KEY (id);


--
-- Name: authentik_stages_deny_denystage authentik_stages_deny_denystage_pkey; Type: CONSTRAINT; Schema: public; Owner: authentik
--

ALTER TABLE ONLY public.authentik_stages_deny_denystage
    ADD CONSTRAINT authentik_stages_deny_denystage_pkey PRIMARY KEY (stage_ptr_id);


--
-- Name: authentik_stages_dummy_dummystage authentik_stages_dummy_dummystage_pkey; Type: CONSTRAINT; Schema: public; Owner: authentik
--

ALTER TABLE ONLY public.authentik_stages_dummy_dummystage
    ADD CONSTRAINT authentik_stages_dummy_dummystage_pkey PRIMARY KEY (stage_ptr_id);


--
-- Name: authentik_stages_email_emailstage authentik_stages_email_emailstage_pkey; Type: CONSTRAINT; Schema: public; Owner: authentik
--

ALTER TABLE ONLY public.authentik_stages_email_emailstage
    ADD CONSTRAINT authentik_stages_email_emailstage_pkey PRIMARY KEY (stage_ptr_id);


--
-- Name: authentik_stages_identification_identificationstage_sources authentik_stages_identif_identificationstage_id_s_cdf0dfc3_uniq; Type: CONSTRAINT; Schema: public; Owner: authentik
--

ALTER TABLE ONLY public.authentik_stages_identification_identificationstage_sources
    ADD CONSTRAINT authentik_stages_identif_identificationstage_id_s_cdf0dfc3_uniq UNIQUE (identificationstage_id, source_id);


--
-- Name: authentik_stages_identification_identificationstage authentik_stages_identification_identificationstage_pkey; Type: CONSTRAINT; Schema: public; Owner: authentik
--

ALTER TABLE ONLY public.authentik_stages_identification_identificationstage
    ADD CONSTRAINT authentik_stages_identification_identificationstage_pkey PRIMARY KEY (stage_ptr_id);


--
-- Name: authentik_stages_identification_identificationstage_sources authentik_stages_identification_identificationstage_source_pkey; Type: CONSTRAINT; Schema: public; Owner: authentik
--

ALTER TABLE ONLY public.authentik_stages_identification_identificationstage_sources
    ADD CONSTRAINT authentik_stages_identification_identificationstage_source_pkey PRIMARY KEY (id);


--
-- Name: authentik_stages_invitation_invitation authentik_stages_invitation_invitation_pkey; Type: CONSTRAINT; Schema: public; Owner: authentik
--

ALTER TABLE ONLY public.authentik_stages_invitation_invitation
    ADD CONSTRAINT authentik_stages_invitation_invitation_pkey PRIMARY KEY (invite_uuid);


--
-- Name: authentik_stages_invitation_invitationstage authentik_stages_invitation_invitationstage_pkey; Type: CONSTRAINT; Schema: public; Owner: authentik
--

ALTER TABLE ONLY public.authentik_stages_invitation_invitationstage
    ADD CONSTRAINT authentik_stages_invitation_invitationstage_pkey PRIMARY KEY (stage_ptr_id);


--
-- Name: authentik_stages_password_passwordstage authentik_stages_password_passwordstage_pkey; Type: CONSTRAINT; Schema: public; Owner: authentik
--

ALTER TABLE ONLY public.authentik_stages_password_passwordstage
    ADD CONSTRAINT authentik_stages_password_passwordstage_pkey PRIMARY KEY (stage_ptr_id);


--
-- Name: authentik_stages_prompt_promptstage_validation_policies authentik_stages_prompt__promptstage_id_policy_id_16cd627d_uniq; Type: CONSTRAINT; Schema: public; Owner: authentik
--

ALTER TABLE ONLY public.authentik_stages_prompt_promptstage_validation_policies
    ADD CONSTRAINT authentik_stages_prompt__promptstage_id_policy_id_16cd627d_uniq UNIQUE (promptstage_id, policy_id);


--
-- Name: authentik_stages_prompt_promptstage_fields authentik_stages_prompt__promptstage_id_prompt_id_3212c07e_uniq; Type: CONSTRAINT; Schema: public; Owner: authentik
--

ALTER TABLE ONLY public.authentik_stages_prompt_promptstage_fields
    ADD CONSTRAINT authentik_stages_prompt__promptstage_id_prompt_id_3212c07e_uniq UNIQUE (promptstage_id, prompt_id);


--
-- Name: authentik_stages_prompt_prompt authentik_stages_prompt_prompt_pkey; Type: CONSTRAINT; Schema: public; Owner: authentik
--

ALTER TABLE ONLY public.authentik_stages_prompt_prompt
    ADD CONSTRAINT authentik_stages_prompt_prompt_pkey PRIMARY KEY (prompt_uuid);


--
-- Name: authentik_stages_prompt_promptstage_fields authentik_stages_prompt_promptstage_fields_pkey; Type: CONSTRAINT; Schema: public; Owner: authentik
--

ALTER TABLE ONLY public.authentik_stages_prompt_promptstage_fields
    ADD CONSTRAINT authentik_stages_prompt_promptstage_fields_pkey PRIMARY KEY (id);


--
-- Name: authentik_stages_prompt_promptstage authentik_stages_prompt_promptstage_pkey; Type: CONSTRAINT; Schema: public; Owner: authentik
--

ALTER TABLE ONLY public.authentik_stages_prompt_promptstage
    ADD CONSTRAINT authentik_stages_prompt_promptstage_pkey PRIMARY KEY (stage_ptr_id);


--
-- Name: authentik_stages_prompt_promptstage_validation_policies authentik_stages_prompt_promptstage_validation_policies_pkey; Type: CONSTRAINT; Schema: public; Owner: authentik
--

ALTER TABLE ONLY public.authentik_stages_prompt_promptstage_validation_policies
    ADD CONSTRAINT authentik_stages_prompt_promptstage_validation_policies_pkey PRIMARY KEY (id);


--
-- Name: authentik_stages_user_delete_userdeletestage authentik_stages_user_delete_userdeletestage_pkey; Type: CONSTRAINT; Schema: public; Owner: authentik
--

ALTER TABLE ONLY public.authentik_stages_user_delete_userdeletestage
    ADD CONSTRAINT authentik_stages_user_delete_userdeletestage_pkey PRIMARY KEY (stage_ptr_id);


--
-- Name: authentik_stages_user_login_userloginstage authentik_stages_user_login_userloginstage_pkey; Type: CONSTRAINT; Schema: public; Owner: authentik
--

ALTER TABLE ONLY public.authentik_stages_user_login_userloginstage
    ADD CONSTRAINT authentik_stages_user_login_userloginstage_pkey PRIMARY KEY (stage_ptr_id);


--
-- Name: authentik_stages_user_logout_userlogoutstage authentik_stages_user_logout_userlogoutstage_pkey; Type: CONSTRAINT; Schema: public; Owner: authentik
--

ALTER TABLE ONLY public.authentik_stages_user_logout_userlogoutstage
    ADD CONSTRAINT authentik_stages_user_logout_userlogoutstage_pkey PRIMARY KEY (stage_ptr_id);


--
-- Name: authentik_stages_user_write_userwritestage authentik_stages_user_write_userwritestage_pkey; Type: CONSTRAINT; Schema: public; Owner: authentik
--

ALTER TABLE ONLY public.authentik_stages_user_write_userwritestage
    ADD CONSTRAINT authentik_stages_user_write_userwritestage_pkey PRIMARY KEY (stage_ptr_id);


--
-- Name: authentik_tenants_tenant authentik_tenants_tenant_pkey; Type: CONSTRAINT; Schema: public; Owner: authentik
--

ALTER TABLE ONLY public.authentik_tenants_tenant
    ADD CONSTRAINT authentik_tenants_tenant_pkey PRIMARY KEY (tenant_uuid);


--
-- Name: django_content_type django_content_type_app_label_model_76bd3d3b_uniq; Type: CONSTRAINT; Schema: public; Owner: authentik
--

ALTER TABLE ONLY public.django_content_type
    ADD CONSTRAINT django_content_type_app_label_model_76bd3d3b_uniq UNIQUE (app_label, model);


--
-- Name: django_content_type django_content_type_pkey; Type: CONSTRAINT; Schema: public; Owner: authentik
--

ALTER TABLE ONLY public.django_content_type
    ADD CONSTRAINT django_content_type_pkey PRIMARY KEY (id);


--
-- Name: django_migrations django_migrations_pkey; Type: CONSTRAINT; Schema: public; Owner: authentik
--

ALTER TABLE ONLY public.django_migrations
    ADD CONSTRAINT django_migrations_pkey PRIMARY KEY (id);


--
-- Name: django_session django_session_pkey; Type: CONSTRAINT; Schema: public; Owner: authentik
--

ALTER TABLE ONLY public.django_session
    ADD CONSTRAINT django_session_pkey PRIMARY KEY (session_key);


--
-- Name: guardian_groupobjectpermission guardian_groupobjectperm_group_id_permission_id_o_3f189f7c_uniq; Type: CONSTRAINT; Schema: public; Owner: authentik
--

ALTER TABLE ONLY public.guardian_groupobjectpermission
    ADD CONSTRAINT guardian_groupobjectperm_group_id_permission_id_o_3f189f7c_uniq UNIQUE (group_id, permission_id, object_pk);


--
-- Name: guardian_groupobjectpermission guardian_groupobjectpermission_pkey; Type: CONSTRAINT; Schema: public; Owner: authentik
--

ALTER TABLE ONLY public.guardian_groupobjectpermission
    ADD CONSTRAINT guardian_groupobjectpermission_pkey PRIMARY KEY (id);


--
-- Name: guardian_userobjectpermission guardian_userobjectpermi_user_id_permission_id_ob_b0b3d2fc_uniq; Type: CONSTRAINT; Schema: public; Owner: authentik
--

ALTER TABLE ONLY public.guardian_userobjectpermission
    ADD CONSTRAINT guardian_userobjectpermi_user_id_permission_id_ob_b0b3d2fc_uniq UNIQUE (user_id, permission_id, object_pk);


--
-- Name: guardian_userobjectpermission guardian_userobjectpermission_pkey; Type: CONSTRAINT; Schema: public; Owner: authentik
--

ALTER TABLE ONLY public.guardian_userobjectpermission
    ADD CONSTRAINT guardian_userobjectpermission_pkey PRIMARY KEY (id);


--
-- Name: otp_static_staticdevice otp_static_staticdevice_pkey; Type: CONSTRAINT; Schema: public; Owner: authentik
--

ALTER TABLE ONLY public.otp_static_staticdevice
    ADD CONSTRAINT otp_static_staticdevice_pkey PRIMARY KEY (id);


--
-- Name: otp_static_statictoken otp_static_statictoken_pkey; Type: CONSTRAINT; Schema: public; Owner: authentik
--

ALTER TABLE ONLY public.otp_static_statictoken
    ADD CONSTRAINT otp_static_statictoken_pkey PRIMARY KEY (id);


--
-- Name: otp_totp_totpdevice otp_totp_totpdevice_pkey; Type: CONSTRAINT; Schema: public; Owner: authentik
--

ALTER TABLE ONLY public.otp_totp_totpdevice
    ADD CONSTRAINT otp_totp_totpdevice_pkey PRIMARY KEY (id);


--
-- Name: auth_group_name_a6ea08ec_like; Type: INDEX; Schema: public; Owner: authentik
--

CREATE INDEX auth_group_name_a6ea08ec_like ON public.auth_group USING btree (name varchar_pattern_ops);


--
-- Name: auth_group_permissions_group_id_b120cbf9; Type: INDEX; Schema: public; Owner: authentik
--

CREATE INDEX auth_group_permissions_group_id_b120cbf9 ON public.auth_group_permissions USING btree (group_id);


--
-- Name: auth_group_permissions_permission_id_84c5c92e; Type: INDEX; Schema: public; Owner: authentik
--

CREATE INDEX auth_group_permissions_permission_id_84c5c92e ON public.auth_group_permissions USING btree (permission_id);


--
-- Name: auth_permission_content_type_id_2f476e4b; Type: INDEX; Schema: public; Owner: authentik
--

CREATE INDEX auth_permission_content_type_id_2f476e4b ON public.auth_permission USING btree (content_type_id);


--
-- Name: authentik_c_identif_d9d032_idx; Type: INDEX; Schema: public; Owner: authentik
--

CREATE INDEX authentik_c_identif_d9d032_idx ON public.authentik_core_token USING btree (identifier);


--
-- Name: authentik_c_key_f71355_idx; Type: INDEX; Schema: public; Owner: authentik
--

CREATE INDEX authentik_c_key_f71355_idx ON public.authentik_core_token USING btree (key);


--
-- Name: authentik_core_application_slug_ab82d049_like; Type: INDEX; Schema: public; Owner: authentik
--

CREATE INDEX authentik_core_application_slug_ab82d049_like ON public.authentik_core_application USING btree (slug varchar_pattern_ops);


--
-- Name: authentik_core_authenticatedsession_user_id_5055b6cf; Type: INDEX; Schema: public; Owner: authentik
--

CREATE INDEX authentik_core_authenticatedsession_user_id_5055b6cf ON public.authentik_core_authenticatedsession USING btree (user_id);


--
-- Name: authentik_core_group_parent_id_c2cd3508; Type: INDEX; Schema: public; Owner: authentik
--

CREATE INDEX authentik_core_group_parent_id_c2cd3508 ON public.authentik_core_group USING btree (parent_id);


--
-- Name: authentik_core_propertymapping_managed_e1718652_like; Type: INDEX; Schema: public; Owner: authentik
--

CREATE INDEX authentik_core_propertymapping_managed_e1718652_like ON public.authentik_core_propertymapping USING btree (managed text_pattern_ops);


--
-- Name: authentik_core_provider_authorization_flow_id_1482437b; Type: INDEX; Schema: public; Owner: authentik
--

CREATE INDEX authentik_core_provider_authorization_flow_id_1482437b ON public.authentik_core_provider USING btree (authorization_flow_id);


--
-- Name: authentik_core_provider_pr_propertymapping_id_7d1de2b7; Type: INDEX; Schema: public; Owner: authentik
--

CREATE INDEX authentik_core_provider_pr_propertymapping_id_7d1de2b7 ON public.authentik_core_provider_property_mappings USING btree (propertymapping_id);


--
-- Name: authentik_core_provider_property_mappings_provider_id_10e17d5c; Type: INDEX; Schema: public; Owner: authentik
--

CREATE INDEX authentik_core_provider_property_mappings_provider_id_10e17d5c ON public.authentik_core_provider_property_mappings USING btree (provider_id);


--
-- Name: authentik_core_source_authentication_flow_id_2478087b; Type: INDEX; Schema: public; Owner: authentik
--

CREATE INDEX authentik_core_source_authentication_flow_id_2478087b ON public.authentik_core_source USING btree (authentication_flow_id);


--
-- Name: authentik_core_source_enrollment_flow_id_7844a7b3; Type: INDEX; Schema: public; Owner: authentik
--

CREATE INDEX authentik_core_source_enrollment_flow_id_7844a7b3 ON public.authentik_core_source USING btree (enrollment_flow_id);


--
-- Name: authentik_core_source_managed_65965884_like; Type: INDEX; Schema: public; Owner: authentik
--

CREATE INDEX authentik_core_source_managed_65965884_like ON public.authentik_core_source USING btree (managed text_pattern_ops);


--
-- Name: authentik_core_source_prop_propertymapping_id_f455cf7d; Type: INDEX; Schema: public; Owner: authentik
--

CREATE INDEX authentik_core_source_prop_propertymapping_id_f455cf7d ON public.authentik_core_source_property_mappings USING btree (propertymapping_id);


--
-- Name: authentik_core_source_property_mappings_source_id_66697386; Type: INDEX; Schema: public; Owner: authentik
--

CREATE INDEX authentik_core_source_property_mappings_source_id_66697386 ON public.authentik_core_source_property_mappings USING btree (source_id);


--
-- Name: authentik_core_source_slug_e15c7212_like; Type: INDEX; Schema: public; Owner: authentik
--

CREATE INDEX authentik_core_source_slug_e15c7212_like ON public.authentik_core_source USING btree (slug varchar_pattern_ops);


--
-- Name: authentik_core_token_identifier_af152015_like; Type: INDEX; Schema: public; Owner: authentik
--

CREATE INDEX authentik_core_token_identifier_af152015_like ON public.authentik_core_token USING btree (identifier varchar_pattern_ops);


--
-- Name: authentik_core_token_managed_20a845a1_like; Type: INDEX; Schema: public; Owner: authentik
--

CREATE INDEX authentik_core_token_managed_20a845a1_like ON public.authentik_core_token USING btree (managed text_pattern_ops);


--
-- Name: authentik_core_token_user_id_479d5b79; Type: INDEX; Schema: public; Owner: authentik
--

CREATE INDEX authentik_core_token_user_id_479d5b79 ON public.authentik_core_token USING btree (user_id);


--
-- Name: authentik_core_user_groups_group_id_72ba5f8d; Type: INDEX; Schema: public; Owner: authentik
--

CREATE INDEX authentik_core_user_groups_group_id_72ba5f8d ON public.authentik_core_user_groups USING btree (group_id);


--
-- Name: authentik_core_user_groups_user_id_a2462693; Type: INDEX; Schema: public; Owner: authentik
--

CREATE INDEX authentik_core_user_groups_user_id_a2462693 ON public.authentik_core_user_groups USING btree (user_id);


--
-- Name: authentik_core_user_pb_groups_group_id_344046d2; Type: INDEX; Schema: public; Owner: authentik
--

CREATE INDEX authentik_core_user_pb_groups_group_id_344046d2 ON public.authentik_core_user_ak_groups USING btree (group_id);


--
-- Name: authentik_core_user_pb_groups_user_id_5ce7c1dc; Type: INDEX; Schema: public; Owner: authentik
--

CREATE INDEX authentik_core_user_pb_groups_user_id_5ce7c1dc ON public.authentik_core_user_ak_groups USING btree (user_id);


--
-- Name: authentik_core_user_user_permissions_permission_id_67859147; Type: INDEX; Schema: public; Owner: authentik
--

CREATE INDEX authentik_core_user_user_permissions_permission_id_67859147 ON public.authentik_core_user_user_permissions USING btree (permission_id);


--
-- Name: authentik_core_user_user_permissions_user_id_6e5a5d85; Type: INDEX; Schema: public; Owner: authentik
--

CREATE INDEX authentik_core_user_user_permissions_user_id_6e5a5d85 ON public.authentik_core_user_user_permissions USING btree (user_id);


--
-- Name: authentik_core_user_username_ba8d02c8_like; Type: INDEX; Schema: public; Owner: authentik
--

CREATE INDEX authentik_core_user_username_ba8d02c8_like ON public.authentik_core_user USING btree (username varchar_pattern_ops);


--
-- Name: authentik_core_usersourceconnection_source_id_450cff14; Type: INDEX; Schema: public; Owner: authentik
--

CREATE INDEX authentik_core_usersourceconnection_source_id_450cff14 ON public.authentik_core_usersourceconnection USING btree (source_id);


--
-- Name: authentik_core_usersourceconnection_user_id_7f305d6f; Type: INDEX; Schema: public; Owner: authentik
--

CREATE INDEX authentik_core_usersourceconnection_user_id_7f305d6f ON public.authentik_core_usersourceconnection USING btree (user_id);


--
-- Name: authentik_crypto_certificatekeypair_managed_a997712a_like; Type: INDEX; Schema: public; Owner: authentik
--

CREATE INDEX authentik_crypto_certificatekeypair_managed_a997712a_like ON public.authentik_crypto_certificatekeypair USING btree (managed text_pattern_ops);


--
-- Name: authentik_events_notificat_notificationrule_id_eccbe1d6; Type: INDEX; Schema: public; Owner: authentik
--

CREATE INDEX authentik_events_notificat_notificationrule_id_eccbe1d6 ON public.authentik_events_notificationrule_transports USING btree (notificationrule_id);


--
-- Name: authentik_events_notificat_notificationtransport_id_62ec0805; Type: INDEX; Schema: public; Owner: authentik
--

CREATE INDEX authentik_events_notificat_notificationtransport_id_62ec0805 ON public.authentik_events_notificationrule_transports USING btree (notificationtransport_id);


--
-- Name: authentik_events_notificat_webhook_mapping_id_2a646fb6; Type: INDEX; Schema: public; Owner: authentik
--

CREATE INDEX authentik_events_notificat_webhook_mapping_id_2a646fb6 ON public.authentik_events_notificationtransport USING btree (webhook_mapping_id);


--
-- Name: authentik_events_notification_event_id_ac5c4bb7; Type: INDEX; Schema: public; Owner: authentik
--

CREATE INDEX authentik_events_notification_event_id_ac5c4bb7 ON public.authentik_events_notification USING btree (event_id);


--
-- Name: authentik_events_notification_user_id_9ea0c690; Type: INDEX; Schema: public; Owner: authentik
--

CREATE INDEX authentik_events_notification_user_id_9ea0c690 ON public.authentik_events_notification USING btree (user_id);


--
-- Name: authentik_events_notificationrule_group_id_667f0fe0; Type: INDEX; Schema: public; Owner: authentik
--

CREATE INDEX authentik_events_notificationrule_group_id_667f0fe0 ON public.authentik_events_notificationrule USING btree (group_id);


--
-- Name: authentik_events_notificationrule_name_7401a31b_like; Type: INDEX; Schema: public; Owner: authentik
--

CREATE INDEX authentik_events_notificationrule_name_7401a31b_like ON public.authentik_events_notificationrule USING btree (name text_pattern_ops);


--
-- Name: authentik_events_notificationtransport_name_1f0bd605_like; Type: INDEX; Schema: public; Owner: authentik
--

CREATE INDEX authentik_events_notificationtransport_name_1f0bd605_like ON public.authentik_events_notificationtransport USING btree (name text_pattern_ops);


--
-- Name: authentik_flows_flow_slug_3c406d87_like; Type: INDEX; Schema: public; Owner: authentik
--

CREATE INDEX authentik_flows_flow_slug_3c406d87_like ON public.authentik_flows_flow USING btree (slug varchar_pattern_ops);


--
-- Name: authentik_flows_flowstagebinding_stage_id_7a270212; Type: INDEX; Schema: public; Owner: authentik
--

CREATE INDEX authentik_flows_flowstagebinding_stage_id_7a270212 ON public.authentik_flows_flowstagebinding USING btree (stage_id);


--
-- Name: authentik_flows_flowstagebinding_target_id_4899c0f8; Type: INDEX; Schema: public; Owner: authentik
--

CREATE INDEX authentik_flows_flowstagebinding_target_id_4899c0f8 ON public.authentik_flows_flowstagebinding USING btree (target_id);


--
-- Name: authentik_flows_flowtoken_flow_id_e4c82880; Type: INDEX; Schema: public; Owner: authentik
--

CREATE INDEX authentik_flows_flowtoken_flow_id_e4c82880 ON public.authentik_flows_flowtoken USING btree (flow_id);


--
-- Name: authentik_flows_stage_name_a2584620_like; Type: INDEX; Schema: public; Owner: authentik
--

CREATE INDEX authentik_flows_stage_name_a2584620_like ON public.authentik_flows_stage USING btree (name text_pattern_ops);


--
-- Name: authentik_outposts_dockers_tls_authentication_id_942e2224; Type: INDEX; Schema: public; Owner: authentik
--

CREATE INDEX authentik_outposts_dockers_tls_authentication_id_942e2224 ON public.authentik_outposts_dockerserviceconnection USING btree (tls_authentication_id);


--
-- Name: authentik_outposts_dockers_tls_verification_id_769fac22; Type: INDEX; Schema: public; Owner: authentik
--

CREATE INDEX authentik_outposts_dockers_tls_verification_id_769fac22 ON public.authentik_outposts_dockerserviceconnection USING btree (tls_verification_id);


--
-- Name: authentik_outposts_outpost_managed_e03db044_like; Type: INDEX; Schema: public; Owner: authentik
--

CREATE INDEX authentik_outposts_outpost_managed_e03db044_like ON public.authentik_outposts_outpost USING btree (managed text_pattern_ops);


--
-- Name: authentik_outposts_outpost_providers_outpost_id_eaaf025b; Type: INDEX; Schema: public; Owner: authentik
--

CREATE INDEX authentik_outposts_outpost_providers_outpost_id_eaaf025b ON public.authentik_outposts_outpost_providers USING btree (outpost_id);


--
-- Name: authentik_outposts_outpost_providers_provider_id_7c5cb603; Type: INDEX; Schema: public; Owner: authentik
--

CREATE INDEX authentik_outposts_outpost_providers_provider_id_7c5cb603 ON public.authentik_outposts_outpost_providers USING btree (provider_id);


--
-- Name: authentik_outposts_outpost_service_connection_id_3eafd830; Type: INDEX; Schema: public; Owner: authentik
--

CREATE INDEX authentik_outposts_outpost_service_connection_id_3eafd830 ON public.authentik_outposts_outpost USING btree (service_connection_id);


--
-- Name: authentik_policies_policybinding_group_id_2afb13ee; Type: INDEX; Schema: public; Owner: authentik
--

CREATE INDEX authentik_policies_policybinding_group_id_2afb13ee ON public.authentik_policies_policybinding USING btree (group_id);


--
-- Name: authentik_policies_policybinding_policy_id_c07161e4; Type: INDEX; Schema: public; Owner: authentik
--

CREATE INDEX authentik_policies_policybinding_policy_id_c07161e4 ON public.authentik_policies_policybinding USING btree (policy_id);


--
-- Name: authentik_policies_policybinding_target_id_a7075d8d; Type: INDEX; Schema: public; Owner: authentik
--

CREATE INDEX authentik_policies_policybinding_target_id_a7075d8d ON public.authentik_policies_policybinding USING btree (target_id);


--
-- Name: authentik_policies_policybinding_user_id_323bebdb; Type: INDEX; Schema: public; Owner: authentik
--

CREATE INDEX authentik_policies_policybinding_user_id_323bebdb ON public.authentik_policies_policybinding USING btree (user_id);


--
-- Name: authentik_providers_ldap_ldapprovider_certificate_id_6a7a6af2; Type: INDEX; Schema: public; Owner: authentik
--

CREATE INDEX authentik_providers_ldap_ldapprovider_certificate_id_6a7a6af2 ON public.authentik_providers_ldap_ldapprovider USING btree (certificate_id);


--
-- Name: authentik_providers_ldap_ldapprovider_search_group_id_64713cfa; Type: INDEX; Schema: public; Owner: authentik
--

CREATE INDEX authentik_providers_ldap_ldapprovider_search_group_id_64713cfa ON public.authentik_providers_ldap_ldapprovider USING btree (search_group_id);


--
-- Name: authentik_providers_oaut_client_id_ae566546_like; Type: INDEX; Schema: public; Owner: authentik
--

CREATE INDEX authentik_providers_oaut_client_id_ae566546_like ON public.authentik_providers_oauth2_oauth2provider USING btree (client_id varchar_pattern_ops);


--
-- Name: authentik_providers_oaut_refresh_token_851d886b_like; Type: INDEX; Schema: public; Owner: authentik
--

CREATE INDEX authentik_providers_oaut_refresh_token_851d886b_like ON public.authentik_providers_oauth2_refreshtoken USING btree (refresh_token varchar_pattern_ops);


--
-- Name: authentik_providers_oauth2_authorizationcode_code_0202addc_like; Type: INDEX; Schema: public; Owner: authentik
--

CREATE INDEX authentik_providers_oauth2_authorizationcode_code_0202addc_like ON public.authentik_providers_oauth2_authorizationcode USING btree (code varchar_pattern_ops);


--
-- Name: authentik_providers_oauth2_authorizationcode_user_id_c9a35141; Type: INDEX; Schema: public; Owner: authentik
--

CREATE INDEX authentik_providers_oauth2_authorizationcode_user_id_c9a35141 ON public.authentik_providers_oauth2_authorizationcode USING btree (user_id);


--
-- Name: authentik_providers_oauth2_oauth2provider_rsa_key_id_836efe9f; Type: INDEX; Schema: public; Owner: authentik
--

CREATE INDEX authentik_providers_oauth2_oauth2provider_rsa_key_id_836efe9f ON public.authentik_providers_oauth2_oauth2provider USING btree (signing_key_id);


--
-- Name: authentik_providers_oauth2_provider_id_731a3e62; Type: INDEX; Schema: public; Owner: authentik
--

CREATE INDEX authentik_providers_oauth2_provider_id_731a3e62 ON public.authentik_providers_oauth2_authorizationcode USING btree (provider_id);


--
-- Name: authentik_providers_oauth2_refreshtoken_provider_id_8bf99dba; Type: INDEX; Schema: public; Owner: authentik
--

CREATE INDEX authentik_providers_oauth2_refreshtoken_provider_id_8bf99dba ON public.authentik_providers_oauth2_refreshtoken USING btree (provider_id);


--
-- Name: authentik_providers_oauth2_refreshtoken_user_id_ebdc1143; Type: INDEX; Schema: public; Owner: authentik
--

CREATE INDEX authentik_providers_oauth2_refreshtoken_user_id_ebdc1143 ON public.authentik_providers_oauth2_refreshtoken USING btree (user_id);


--
-- Name: authentik_providers_proxy_proxyprovider_certificate_id_b1e0c422; Type: INDEX; Schema: public; Owner: authentik
--

CREATE INDEX authentik_providers_proxy_proxyprovider_certificate_id_b1e0c422 ON public.authentik_providers_proxy_proxyprovider USING btree (certificate_id);


--
-- Name: authentik_providers_saml_s_name_id_mapping_id_5d45f77f; Type: INDEX; Schema: public; Owner: authentik
--

CREATE INDEX authentik_providers_saml_s_name_id_mapping_id_5d45f77f ON public.authentik_providers_saml_samlprovider USING btree (name_id_mapping_id);


--
-- Name: authentik_providers_saml_s_verification_kp_id_7b0fbd80; Type: INDEX; Schema: public; Owner: authentik
--

CREATE INDEX authentik_providers_saml_s_verification_kp_id_7b0fbd80 ON public.authentik_providers_saml_samlprovider USING btree (verification_kp_id);


--
-- Name: authentik_providers_saml_samlprovider_signing_kp_id_f1bce700; Type: INDEX; Schema: public; Owner: authentik
--

CREATE INDEX authentik_providers_saml_samlprovider_signing_kp_id_f1bce700 ON public.authentik_providers_saml_samlprovider USING btree (signing_kp_id);


--
-- Name: authentik_sources_ldap_lda_ldapsource_id_4eff95ce; Type: INDEX; Schema: public; Owner: authentik
--

CREATE INDEX authentik_sources_ldap_lda_ldapsource_id_4eff95ce ON public.authentik_sources_ldap_ldapsource_property_mappings_group USING btree (ldapsource_id);


--
-- Name: authentik_sources_ldap_lda_propertymapping_id_6d727491; Type: INDEX; Schema: public; Owner: authentik
--

CREATE INDEX authentik_sources_ldap_lda_propertymapping_id_6d727491 ON public.authentik_sources_ldap_ldapsource_property_mappings_group USING btree (propertymapping_id);


--
-- Name: authentik_sources_ldap_ldapsource_peer_certificate_id_50528d0a; Type: INDEX; Schema: public; Owner: authentik
--

CREATE INDEX authentik_sources_ldap_ldapsource_peer_certificate_id_50528d0a ON public.authentik_sources_ldap_ldapsource USING btree (peer_certificate_id);


--
-- Name: authentik_sources_ldap_ldapsource_sync_parent_group_id_9c730e90; Type: INDEX; Schema: public; Owner: authentik
--

CREATE INDEX authentik_sources_ldap_ldapsource_sync_parent_group_id_9c730e90 ON public.authentik_sources_ldap_ldapsource USING btree (sync_parent_group_id);


--
-- Name: authentik_sources_saml_sam_pre_authentication_flow_id_cec52f8b; Type: INDEX; Schema: public; Owner: authentik
--

CREATE INDEX authentik_sources_saml_sam_pre_authentication_flow_id_cec52f8b ON public.authentik_sources_saml_samlsource USING btree (pre_authentication_flow_id);


--
-- Name: authentik_sources_saml_samlsource_signing_kp_id_faae605c; Type: INDEX; Schema: public; Owner: authentik
--

CREATE INDEX authentik_sources_saml_samlsource_signing_kp_id_faae605c ON public.authentik_sources_saml_samlsource USING btree (signing_kp_id);


--
-- Name: authentik_stages_authent_credential_id_4260aaee_like; Type: INDEX; Schema: public; Owner: authentik
--

CREATE INDEX authentik_stages_authent_credential_id_4260aaee_like ON public.authentik_stages_authenticator_webauthn_webauthndevice USING btree (credential_id varchar_pattern_ops);


--
-- Name: authentik_stages_authentic_configuration_stage_id_dd6db547; Type: INDEX; Schema: public; Owner: authentik
--

CREATE INDEX authentik_stages_authentic_configuration_stage_id_dd6db547 ON public.authentik_stages_authenticator_validate_authenticatorvalida499c USING btree (configuration_stage_id);


--
-- Name: authentik_stages_authentic_configure_flow_id_0e413e4d; Type: INDEX; Schema: public; Owner: authentik
--

CREATE INDEX authentik_stages_authentic_configure_flow_id_0e413e4d ON public.authentik_stages_authenticator_static_authenticatorstaticstage USING btree (configure_flow_id);


--
-- Name: authentik_stages_authentic_configure_flow_id_4c667db1; Type: INDEX; Schema: public; Owner: authentik
--

CREATE INDEX authentik_stages_authentic_configure_flow_id_4c667db1 ON public.authentik_stages_authenticator_duo_authenticatorduostage USING btree (configure_flow_id);


--
-- Name: authentik_stages_authentic_configure_flow_id_b1d83847; Type: INDEX; Schema: public; Owner: authentik
--

CREATE INDEX authentik_stages_authentic_configure_flow_id_b1d83847 ON public.authentik_stages_authenticator_webauthn_authenticatewebauth4bbe USING btree (configure_flow_id);


--
-- Name: authentik_stages_authentic_configure_flow_id_e6d859e3; Type: INDEX; Schema: public; Owner: authentik
--

CREATE INDEX authentik_stages_authentic_configure_flow_id_e6d859e3 ON public.authentik_stages_authenticator_totp_authenticatortotpstage USING btree (configure_flow_id);


--
-- Name: authentik_stages_authentic_configure_flow_id_ff974e9e; Type: INDEX; Schema: public; Owner: authentik
--

CREATE INDEX authentik_stages_authentic_configure_flow_id_ff974e9e ON public.authentik_stages_authenticator_sms_authenticatorsmsstage USING btree (configure_flow_id);


--
-- Name: authentik_stages_authentic_user_id_26c9196a; Type: INDEX; Schema: public; Owner: authentik
--

CREATE INDEX authentik_stages_authentic_user_id_26c9196a ON public.authentik_stages_authenticator_webauthn_webauthndevice USING btree (user_id);


--
-- Name: authentik_stages_authenticator_duo_duodevice_stage_id_926e33da; Type: INDEX; Schema: public; Owner: authentik
--

CREATE INDEX authentik_stages_authenticator_duo_duodevice_stage_id_926e33da ON public.authentik_stages_authenticator_duo_duodevice USING btree (stage_id);


--
-- Name: authentik_stages_authenticator_duo_duodevice_user_id_bd340329; Type: INDEX; Schema: public; Owner: authentik
--

CREATE INDEX authentik_stages_authenticator_duo_duodevice_user_id_bd340329 ON public.authentik_stages_authenticator_duo_duodevice USING btree (user_id);


--
-- Name: authentik_stages_authenticator_sms_smsdevice_stage_id_35c87fa6; Type: INDEX; Schema: public; Owner: authentik
--

CREATE INDEX authentik_stages_authenticator_sms_smsdevice_stage_id_35c87fa6 ON public.authentik_stages_authenticator_sms_smsdevice USING btree (stage_id);


--
-- Name: authentik_stages_authenticator_sms_smsdevice_user_id_454934c5; Type: INDEX; Schema: public; Owner: authentik
--

CREATE INDEX authentik_stages_authenticator_sms_smsdevice_user_id_454934c5 ON public.authentik_stages_authenticator_sms_smsdevice USING btree (user_id);


--
-- Name: authentik_stages_consent_userconsent_application_id_ad55f58e; Type: INDEX; Schema: public; Owner: authentik
--

CREATE INDEX authentik_stages_consent_userconsent_application_id_ad55f58e ON public.authentik_stages_consent_userconsent USING btree (application_id);


--
-- Name: authentik_stages_consent_userconsent_user_id_554dc39f; Type: INDEX; Schema: public; Owner: authentik
--

CREATE INDEX authentik_stages_consent_userconsent_user_id_554dc39f ON public.authentik_stages_consent_userconsent USING btree (user_id);


--
-- Name: authentik_stages_identific_enrollment_flow_id_930e83ff; Type: INDEX; Schema: public; Owner: authentik
--

CREATE INDEX authentik_stages_identific_enrollment_flow_id_930e83ff ON public.authentik_stages_identification_identificationstage USING btree (enrollment_flow_id);


--
-- Name: authentik_stages_identific_identificationstage_id_c119703c; Type: INDEX; Schema: public; Owner: authentik
--

CREATE INDEX authentik_stages_identific_identificationstage_id_c119703c ON public.authentik_stages_identification_identificationstage_sources USING btree (identificationstage_id);


--
-- Name: authentik_stages_identific_password_stage_id_8d68497a; Type: INDEX; Schema: public; Owner: authentik
--

CREATE INDEX authentik_stages_identific_password_stage_id_8d68497a ON public.authentik_stages_identification_identificationstage USING btree (password_stage_id);


--
-- Name: authentik_stages_identific_passwordless_flow_id_68cf3874; Type: INDEX; Schema: public; Owner: authentik
--

CREATE INDEX authentik_stages_identific_passwordless_flow_id_68cf3874 ON public.authentik_stages_identification_identificationstage USING btree (passwordless_flow_id);


--
-- Name: authentik_stages_identific_recovery_flow_id_16f5f1c7; Type: INDEX; Schema: public; Owner: authentik
--

CREATE INDEX authentik_stages_identific_recovery_flow_id_16f5f1c7 ON public.authentik_stages_identification_identificationstage USING btree (recovery_flow_id);


--
-- Name: authentik_stages_identific_source_id_9579fda9; Type: INDEX; Schema: public; Owner: authentik
--

CREATE INDEX authentik_stages_identific_source_id_9579fda9 ON public.authentik_stages_identification_identificationstage_sources USING btree (source_id);


--
-- Name: authentik_stages_invitation_invitation_created_by_id_87fe9398; Type: INDEX; Schema: public; Owner: authentik
--

CREATE INDEX authentik_stages_invitation_invitation_created_by_id_87fe9398 ON public.authentik_stages_invitation_invitation USING btree (created_by_id);


--
-- Name: authentik_stages_password_passwordstage_change_flow_id_d56f0f83; Type: INDEX; Schema: public; Owner: authentik
--

CREATE INDEX authentik_stages_password_passwordstage_change_flow_id_d56f0f83 ON public.authentik_stages_password_passwordstage USING btree (configure_flow_id);


--
-- Name: authentik_stages_prompt_pr_policy_id_96db92ab; Type: INDEX; Schema: public; Owner: authentik
--

CREATE INDEX authentik_stages_prompt_pr_policy_id_96db92ab ON public.authentik_stages_prompt_promptstage_validation_policies USING btree (policy_id);


--
-- Name: authentik_stages_prompt_pr_promptstage_id_cb253bb1; Type: INDEX; Schema: public; Owner: authentik
--

CREATE INDEX authentik_stages_prompt_pr_promptstage_id_cb253bb1 ON public.authentik_stages_prompt_promptstage_validation_policies USING btree (promptstage_id);


--
-- Name: authentik_stages_prompt_pr_promptstage_id_d3bd61cc; Type: INDEX; Schema: public; Owner: authentik
--

CREATE INDEX authentik_stages_prompt_pr_promptstage_id_d3bd61cc ON public.authentik_stages_prompt_promptstage_fields USING btree (promptstage_id);


--
-- Name: authentik_stages_prompt_promptstage_fields_prompt_id_8c79d4c1; Type: INDEX; Schema: public; Owner: authentik
--

CREATE INDEX authentik_stages_prompt_promptstage_fields_prompt_id_8c79d4c1 ON public.authentik_stages_prompt_promptstage_fields USING btree (prompt_id);


--
-- Name: authentik_stages_user_writ_create_users_group_id_90b7794f; Type: INDEX; Schema: public; Owner: authentik
--

CREATE INDEX authentik_stages_user_writ_create_users_group_id_90b7794f ON public.authentik_stages_user_write_userwritestage USING btree (create_users_group_id);


--
-- Name: authentik_tenants_tenant_flow_authentication_id_7a0889f3; Type: INDEX; Schema: public; Owner: authentik
--

CREATE INDEX authentik_tenants_tenant_flow_authentication_id_7a0889f3 ON public.authentik_tenants_tenant USING btree (flow_authentication_id);


--
-- Name: authentik_tenants_tenant_flow_invalidation_id_cedce4a1; Type: INDEX; Schema: public; Owner: authentik
--

CREATE INDEX authentik_tenants_tenant_flow_invalidation_id_cedce4a1 ON public.authentik_tenants_tenant USING btree (flow_invalidation_id);


--
-- Name: authentik_tenants_tenant_flow_recovery_id_a08f1692; Type: INDEX; Schema: public; Owner: authentik
--

CREATE INDEX authentik_tenants_tenant_flow_recovery_id_a08f1692 ON public.authentik_tenants_tenant USING btree (flow_recovery_id);


--
-- Name: authentik_tenants_tenant_flow_unenrollment_id_73817e72; Type: INDEX; Schema: public; Owner: authentik
--

CREATE INDEX authentik_tenants_tenant_flow_unenrollment_id_73817e72 ON public.authentik_tenants_tenant USING btree (flow_unenrollment_id);


--
-- Name: authentik_tenants_tenant_web_certificate_id_74429583; Type: INDEX; Schema: public; Owner: authentik
--

CREATE INDEX authentik_tenants_tenant_web_certificate_id_74429583 ON public.authentik_tenants_tenant USING btree (web_certificate_id);


--
-- Name: django_session_expire_date_a5c62663; Type: INDEX; Schema: public; Owner: authentik
--

CREATE INDEX django_session_expire_date_a5c62663 ON public.django_session USING btree (expire_date);


--
-- Name: django_session_session_key_c0390e0f_like; Type: INDEX; Schema: public; Owner: authentik
--

CREATE INDEX django_session_session_key_c0390e0f_like ON public.django_session USING btree (session_key varchar_pattern_ops);


--
-- Name: guardian_gr_content_ae6aec_idx; Type: INDEX; Schema: public; Owner: authentik
--

CREATE INDEX guardian_gr_content_ae6aec_idx ON public.guardian_groupobjectpermission USING btree (content_type_id, object_pk);


--
-- Name: guardian_groupobjectpermission_content_type_id_7ade36b8; Type: INDEX; Schema: public; Owner: authentik
--

CREATE INDEX guardian_groupobjectpermission_content_type_id_7ade36b8 ON public.guardian_groupobjectpermission USING btree (content_type_id);


--
-- Name: guardian_groupobjectpermission_group_id_4bbbfb62; Type: INDEX; Schema: public; Owner: authentik
--

CREATE INDEX guardian_groupobjectpermission_group_id_4bbbfb62 ON public.guardian_groupobjectpermission USING btree (group_id);


--
-- Name: guardian_groupobjectpermission_permission_id_36572738; Type: INDEX; Schema: public; Owner: authentik
--

CREATE INDEX guardian_groupobjectpermission_permission_id_36572738 ON public.guardian_groupobjectpermission USING btree (permission_id);


--
-- Name: guardian_us_content_179ed2_idx; Type: INDEX; Schema: public; Owner: authentik
--

CREATE INDEX guardian_us_content_179ed2_idx ON public.guardian_userobjectpermission USING btree (content_type_id, object_pk);


--
-- Name: guardian_userobjectpermission_content_type_id_2e892405; Type: INDEX; Schema: public; Owner: authentik
--

CREATE INDEX guardian_userobjectpermission_content_type_id_2e892405 ON public.guardian_userobjectpermission USING btree (content_type_id);


--
-- Name: guardian_userobjectpermission_permission_id_71807bfc; Type: INDEX; Schema: public; Owner: authentik
--

CREATE INDEX guardian_userobjectpermission_permission_id_71807bfc ON public.guardian_userobjectpermission USING btree (permission_id);


--
-- Name: guardian_userobjectpermission_user_id_d5c1e964; Type: INDEX; Schema: public; Owner: authentik
--

CREATE INDEX guardian_userobjectpermission_user_id_d5c1e964 ON public.guardian_userobjectpermission USING btree (user_id);


--
-- Name: otp_static_staticdevice_user_id_7f9cff2b; Type: INDEX; Schema: public; Owner: authentik
--

CREATE INDEX otp_static_staticdevice_user_id_7f9cff2b ON public.otp_static_staticdevice USING btree (user_id);


--
-- Name: otp_static_statictoken_device_id_74b7c7d1; Type: INDEX; Schema: public; Owner: authentik
--

CREATE INDEX otp_static_statictoken_device_id_74b7c7d1 ON public.otp_static_statictoken USING btree (device_id);


--
-- Name: otp_static_statictoken_token_d0a51866; Type: INDEX; Schema: public; Owner: authentik
--

CREATE INDEX otp_static_statictoken_token_d0a51866 ON public.otp_static_statictoken USING btree (token);


--
-- Name: otp_static_statictoken_token_d0a51866_like; Type: INDEX; Schema: public; Owner: authentik
--

CREATE INDEX otp_static_statictoken_token_d0a51866_like ON public.otp_static_statictoken USING btree (token varchar_pattern_ops);


--
-- Name: otp_totp_totpdevice_user_id_0fb18292; Type: INDEX; Schema: public; Owner: authentik
--

CREATE INDEX otp_totp_totpdevice_user_id_0fb18292 ON public.otp_totp_totpdevice USING btree (user_id);


--
-- Name: auth_group_permissions auth_group_permissio_permission_id_84c5c92e_fk_auth_perm; Type: FK CONSTRAINT; Schema: public; Owner: authentik
--

ALTER TABLE ONLY public.auth_group_permissions
    ADD CONSTRAINT auth_group_permissio_permission_id_84c5c92e_fk_auth_perm FOREIGN KEY (permission_id) REFERENCES public.auth_permission(id) DEFERRABLE INITIALLY DEFERRED;


--
-- Name: auth_group_permissions auth_group_permissions_group_id_b120cbf9_fk_auth_group_id; Type: FK CONSTRAINT; Schema: public; Owner: authentik
--

ALTER TABLE ONLY public.auth_group_permissions
    ADD CONSTRAINT auth_group_permissions_group_id_b120cbf9_fk_auth_group_id FOREIGN KEY (group_id) REFERENCES public.auth_group(id) DEFERRABLE INITIALLY DEFERRED;


--
-- Name: auth_permission auth_permission_content_type_id_2f476e4b_fk_django_co; Type: FK CONSTRAINT; Schema: public; Owner: authentik
--

ALTER TABLE ONLY public.auth_permission
    ADD CONSTRAINT auth_permission_content_type_id_2f476e4b_fk_django_co FOREIGN KEY (content_type_id) REFERENCES public.django_content_type(id) DEFERRABLE INITIALLY DEFERRED;


--
-- Name: authentik_core_application authentik_core_appli_policybindingmodel_p_a04bee2b_fk_authentik; Type: FK CONSTRAINT; Schema: public; Owner: authentik
--

ALTER TABLE ONLY public.authentik_core_application
    ADD CONSTRAINT authentik_core_appli_policybindingmodel_p_a04bee2b_fk_authentik FOREIGN KEY (policybindingmodel_ptr_id) REFERENCES public.authentik_policies_policybindingmodel(pbm_uuid) DEFERRABLE INITIALLY DEFERRED;


--
-- Name: authentik_core_application authentik_core_appli_provider_id_357ae6c6_fk_authentik; Type: FK CONSTRAINT; Schema: public; Owner: authentik
--

ALTER TABLE ONLY public.authentik_core_application
    ADD CONSTRAINT authentik_core_appli_provider_id_357ae6c6_fk_authentik FOREIGN KEY (provider_id) REFERENCES public.authentik_core_provider(id) DEFERRABLE INITIALLY DEFERRED;


--
-- Name: authentik_core_authenticatedsession authentik_core_authe_user_id_5055b6cf_fk_authentik; Type: FK CONSTRAINT; Schema: public; Owner: authentik
--

ALTER TABLE ONLY public.authentik_core_authenticatedsession
    ADD CONSTRAINT authentik_core_authe_user_id_5055b6cf_fk_authentik FOREIGN KEY (user_id) REFERENCES public.authentik_core_user(id) DEFERRABLE INITIALLY DEFERRED;


--
-- Name: authentik_core_group authentik_core_group_parent_id_c2cd3508_fk_authentik; Type: FK CONSTRAINT; Schema: public; Owner: authentik
--

ALTER TABLE ONLY public.authentik_core_group
    ADD CONSTRAINT authentik_core_group_parent_id_c2cd3508_fk_authentik FOREIGN KEY (parent_id) REFERENCES public.authentik_core_group(group_uuid) DEFERRABLE INITIALLY DEFERRED;


--
-- Name: authentik_core_provider authentik_core_provi_authorization_flow_i_1482437b_fk_authentik; Type: FK CONSTRAINT; Schema: public; Owner: authentik
--

ALTER TABLE ONLY public.authentik_core_provider
    ADD CONSTRAINT authentik_core_provi_authorization_flow_i_1482437b_fk_authentik FOREIGN KEY (authorization_flow_id) REFERENCES public.authentik_flows_flow(flow_uuid) DEFERRABLE INITIALLY DEFERRED;


--
-- Name: authentik_core_provider_property_mappings authentik_core_provi_propertymapping_id_7d1de2b7_fk_authentik; Type: FK CONSTRAINT; Schema: public; Owner: authentik
--

ALTER TABLE ONLY public.authentik_core_provider_property_mappings
    ADD CONSTRAINT authentik_core_provi_propertymapping_id_7d1de2b7_fk_authentik FOREIGN KEY (propertymapping_id) REFERENCES public.authentik_core_propertymapping(pm_uuid) DEFERRABLE INITIALLY DEFERRED;


--
-- Name: authentik_core_provider_property_mappings authentik_core_provi_provider_id_10e17d5c_fk_authentik; Type: FK CONSTRAINT; Schema: public; Owner: authentik
--

ALTER TABLE ONLY public.authentik_core_provider_property_mappings
    ADD CONSTRAINT authentik_core_provi_provider_id_10e17d5c_fk_authentik FOREIGN KEY (provider_id) REFERENCES public.authentik_core_provider(id) DEFERRABLE INITIALLY DEFERRED;


--
-- Name: authentik_core_source authentik_core_sourc_authentication_flow__2478087b_fk_authentik; Type: FK CONSTRAINT; Schema: public; Owner: authentik
--

ALTER TABLE ONLY public.authentik_core_source
    ADD CONSTRAINT authentik_core_sourc_authentication_flow__2478087b_fk_authentik FOREIGN KEY (authentication_flow_id) REFERENCES public.authentik_flows_flow(flow_uuid) DEFERRABLE INITIALLY DEFERRED;


--
-- Name: authentik_core_source authentik_core_sourc_enrollment_flow_id_7844a7b3_fk_authentik; Type: FK CONSTRAINT; Schema: public; Owner: authentik
--

ALTER TABLE ONLY public.authentik_core_source
    ADD CONSTRAINT authentik_core_sourc_enrollment_flow_id_7844a7b3_fk_authentik FOREIGN KEY (enrollment_flow_id) REFERENCES public.authentik_flows_flow(flow_uuid) DEFERRABLE INITIALLY DEFERRED;


--
-- Name: authentik_core_source authentik_core_sourc_policybindingmodel_p_746c4900_fk_authentik; Type: FK CONSTRAINT; Schema: public; Owner: authentik
--

ALTER TABLE ONLY public.authentik_core_source
    ADD CONSTRAINT authentik_core_sourc_policybindingmodel_p_746c4900_fk_authentik FOREIGN KEY (policybindingmodel_ptr_id) REFERENCES public.authentik_policies_policybindingmodel(pbm_uuid) DEFERRABLE INITIALLY DEFERRED;


--
-- Name: authentik_core_source_property_mappings authentik_core_sourc_propertymapping_id_f455cf7d_fk_authentik; Type: FK CONSTRAINT; Schema: public; Owner: authentik
--

ALTER TABLE ONLY public.authentik_core_source_property_mappings
    ADD CONSTRAINT authentik_core_sourc_propertymapping_id_f455cf7d_fk_authentik FOREIGN KEY (propertymapping_id) REFERENCES public.authentik_core_propertymapping(pm_uuid) DEFERRABLE INITIALLY DEFERRED;


--
-- Name: authentik_core_source_property_mappings authentik_core_sourc_source_id_66697386_fk_authentik; Type: FK CONSTRAINT; Schema: public; Owner: authentik
--

ALTER TABLE ONLY public.authentik_core_source_property_mappings
    ADD CONSTRAINT authentik_core_sourc_source_id_66697386_fk_authentik FOREIGN KEY (source_id) REFERENCES public.authentik_core_source(policybindingmodel_ptr_id) DEFERRABLE INITIALLY DEFERRED;


--
-- Name: authentik_core_token authentik_core_token_user_id_479d5b79_fk_authentik_core_user_id; Type: FK CONSTRAINT; Schema: public; Owner: authentik
--

ALTER TABLE ONLY public.authentik_core_token
    ADD CONSTRAINT authentik_core_token_user_id_479d5b79_fk_authentik_core_user_id FOREIGN KEY (user_id) REFERENCES public.authentik_core_user(id) DEFERRABLE INITIALLY DEFERRED;


--
-- Name: authentik_core_user_ak_groups authentik_core_user__group_id_344046d2_fk_authentik; Type: FK CONSTRAINT; Schema: public; Owner: authentik
--

ALTER TABLE ONLY public.authentik_core_user_ak_groups
    ADD CONSTRAINT authentik_core_user__group_id_344046d2_fk_authentik FOREIGN KEY (group_id) REFERENCES public.authentik_core_group(group_uuid) DEFERRABLE INITIALLY DEFERRED;


--
-- Name: authentik_core_user_user_permissions authentik_core_user__permission_id_67859147_fk_auth_perm; Type: FK CONSTRAINT; Schema: public; Owner: authentik
--

ALTER TABLE ONLY public.authentik_core_user_user_permissions
    ADD CONSTRAINT authentik_core_user__permission_id_67859147_fk_auth_perm FOREIGN KEY (permission_id) REFERENCES public.auth_permission(id) DEFERRABLE INITIALLY DEFERRED;


--
-- Name: authentik_core_user_ak_groups authentik_core_user__user_id_5ce7c1dc_fk_authentik; Type: FK CONSTRAINT; Schema: public; Owner: authentik
--

ALTER TABLE ONLY public.authentik_core_user_ak_groups
    ADD CONSTRAINT authentik_core_user__user_id_5ce7c1dc_fk_authentik FOREIGN KEY (user_id) REFERENCES public.authentik_core_user(id) DEFERRABLE INITIALLY DEFERRED;


--
-- Name: authentik_core_user_user_permissions authentik_core_user__user_id_6e5a5d85_fk_authentik; Type: FK CONSTRAINT; Schema: public; Owner: authentik
--

ALTER TABLE ONLY public.authentik_core_user_user_permissions
    ADD CONSTRAINT authentik_core_user__user_id_6e5a5d85_fk_authentik FOREIGN KEY (user_id) REFERENCES public.authentik_core_user(id) DEFERRABLE INITIALLY DEFERRED;


--
-- Name: authentik_core_user_groups authentik_core_user__user_id_a2462693_fk_authentik; Type: FK CONSTRAINT; Schema: public; Owner: authentik
--

ALTER TABLE ONLY public.authentik_core_user_groups
    ADD CONSTRAINT authentik_core_user__user_id_a2462693_fk_authentik FOREIGN KEY (user_id) REFERENCES public.authentik_core_user(id) DEFERRABLE INITIALLY DEFERRED;


--
-- Name: authentik_core_user_groups authentik_core_user_groups_group_id_72ba5f8d_fk_auth_group_id; Type: FK CONSTRAINT; Schema: public; Owner: authentik
--

ALTER TABLE ONLY public.authentik_core_user_groups
    ADD CONSTRAINT authentik_core_user_groups_group_id_72ba5f8d_fk_auth_group_id FOREIGN KEY (group_id) REFERENCES public.auth_group(id) DEFERRABLE INITIALLY DEFERRED;


--
-- Name: authentik_core_usersourceconnection authentik_core_users_source_id_450cff14_fk_authentik; Type: FK CONSTRAINT; Schema: public; Owner: authentik
--

ALTER TABLE ONLY public.authentik_core_usersourceconnection
    ADD CONSTRAINT authentik_core_users_source_id_450cff14_fk_authentik FOREIGN KEY (source_id) REFERENCES public.authentik_core_source(policybindingmodel_ptr_id) DEFERRABLE INITIALLY DEFERRED;


--
-- Name: authentik_core_usersourceconnection authentik_core_users_user_id_7f305d6f_fk_authentik; Type: FK CONSTRAINT; Schema: public; Owner: authentik
--

ALTER TABLE ONLY public.authentik_core_usersourceconnection
    ADD CONSTRAINT authentik_core_users_user_id_7f305d6f_fk_authentik FOREIGN KEY (user_id) REFERENCES public.authentik_core_user(id) DEFERRABLE INITIALLY DEFERRED;


--
-- Name: authentik_events_notification authentik_events_not_event_id_ac5c4bb7_fk_authentik; Type: FK CONSTRAINT; Schema: public; Owner: authentik
--

ALTER TABLE ONLY public.authentik_events_notification
    ADD CONSTRAINT authentik_events_not_event_id_ac5c4bb7_fk_authentik FOREIGN KEY (event_id) REFERENCES public.authentik_events_event(event_uuid) DEFERRABLE INITIALLY DEFERRED;


--
-- Name: authentik_events_notificationrule authentik_events_not_group_id_667f0fe0_fk_authentik; Type: FK CONSTRAINT; Schema: public; Owner: authentik
--

ALTER TABLE ONLY public.authentik_events_notificationrule
    ADD CONSTRAINT authentik_events_not_group_id_667f0fe0_fk_authentik FOREIGN KEY (group_id) REFERENCES public.authentik_core_group(group_uuid) DEFERRABLE INITIALLY DEFERRED;


--
-- Name: authentik_events_notificationrule_transports authentik_events_not_notificationrule_id_eccbe1d6_fk_authentik; Type: FK CONSTRAINT; Schema: public; Owner: authentik
--

ALTER TABLE ONLY public.authentik_events_notificationrule_transports
    ADD CONSTRAINT authentik_events_not_notificationrule_id_eccbe1d6_fk_authentik FOREIGN KEY (notificationrule_id) REFERENCES public.authentik_events_notificationrule(policybindingmodel_ptr_id) DEFERRABLE INITIALLY DEFERRED;


--
-- Name: authentik_events_notificationrule_transports authentik_events_not_notificationtranspor_62ec0805_fk_authentik; Type: FK CONSTRAINT; Schema: public; Owner: authentik
--

ALTER TABLE ONLY public.authentik_events_notificationrule_transports
    ADD CONSTRAINT authentik_events_not_notificationtranspor_62ec0805_fk_authentik FOREIGN KEY (notificationtransport_id) REFERENCES public.authentik_events_notificationtransport(uuid) DEFERRABLE INITIALLY DEFERRED;


--
-- Name: authentik_events_notificationrule authentik_events_not_policybindingmodel_p_74974b98_fk_authentik; Type: FK CONSTRAINT; Schema: public; Owner: authentik
--

ALTER TABLE ONLY public.authentik_events_notificationrule
    ADD CONSTRAINT authentik_events_not_policybindingmodel_p_74974b98_fk_authentik FOREIGN KEY (policybindingmodel_ptr_id) REFERENCES public.authentik_policies_policybindingmodel(pbm_uuid) DEFERRABLE INITIALLY DEFERRED;


--
-- Name: authentik_events_notificationwebhookmapping authentik_events_not_propertymapping_ptr__56d35fcd_fk_authentik; Type: FK CONSTRAINT; Schema: public; Owner: authentik
--

ALTER TABLE ONLY public.authentik_events_notificationwebhookmapping
    ADD CONSTRAINT authentik_events_not_propertymapping_ptr__56d35fcd_fk_authentik FOREIGN KEY (propertymapping_ptr_id) REFERENCES public.authentik_core_propertymapping(pm_uuid) DEFERRABLE INITIALLY DEFERRED;


--
-- Name: authentik_events_notification authentik_events_not_user_id_9ea0c690_fk_authentik; Type: FK CONSTRAINT; Schema: public; Owner: authentik
--

ALTER TABLE ONLY public.authentik_events_notification
    ADD CONSTRAINT authentik_events_not_user_id_9ea0c690_fk_authentik FOREIGN KEY (user_id) REFERENCES public.authentik_core_user(id) DEFERRABLE INITIALLY DEFERRED;


--
-- Name: authentik_events_notificationtransport authentik_events_not_webhook_mapping_id_2a646fb6_fk_authentik; Type: FK CONSTRAINT; Schema: public; Owner: authentik
--

ALTER TABLE ONLY public.authentik_events_notificationtransport
    ADD CONSTRAINT authentik_events_not_webhook_mapping_id_2a646fb6_fk_authentik FOREIGN KEY (webhook_mapping_id) REFERENCES public.authentik_events_notificationwebhookmapping(propertymapping_ptr_id) DEFERRABLE INITIALLY DEFERRED;


--
-- Name: authentik_flows_flowtoken authentik_flows_flow_flow_id_e4c82880_fk_authentik; Type: FK CONSTRAINT; Schema: public; Owner: authentik
--

ALTER TABLE ONLY public.authentik_flows_flowtoken
    ADD CONSTRAINT authentik_flows_flow_flow_id_e4c82880_fk_authentik FOREIGN KEY (flow_id) REFERENCES public.authentik_flows_flow(flow_uuid) DEFERRABLE INITIALLY DEFERRED;


--
-- Name: authentik_flows_flowstagebinding authentik_flows_flow_policybindingmodel_p_20d905a6_fk_authentik; Type: FK CONSTRAINT; Schema: public; Owner: authentik
--

ALTER TABLE ONLY public.authentik_flows_flowstagebinding
    ADD CONSTRAINT authentik_flows_flow_policybindingmodel_p_20d905a6_fk_authentik FOREIGN KEY (policybindingmodel_ptr_id) REFERENCES public.authentik_policies_policybindingmodel(pbm_uuid) DEFERRABLE INITIALLY DEFERRED;


--
-- Name: authentik_flows_flow authentik_flows_flow_policybindingmodel_p_9c3c290f_fk_authentik; Type: FK CONSTRAINT; Schema: public; Owner: authentik
--

ALTER TABLE ONLY public.authentik_flows_flow
    ADD CONSTRAINT authentik_flows_flow_policybindingmodel_p_9c3c290f_fk_authentik FOREIGN KEY (policybindingmodel_ptr_id) REFERENCES public.authentik_policies_policybindingmodel(pbm_uuid) DEFERRABLE INITIALLY DEFERRED;


--
-- Name: authentik_flows_flowstagebinding authentik_flows_flow_stage_id_7a270212_fk_authentik; Type: FK CONSTRAINT; Schema: public; Owner: authentik
--

ALTER TABLE ONLY public.authentik_flows_flowstagebinding
    ADD CONSTRAINT authentik_flows_flow_stage_id_7a270212_fk_authentik FOREIGN KEY (stage_id) REFERENCES public.authentik_flows_stage(stage_uuid) DEFERRABLE INITIALLY DEFERRED;


--
-- Name: authentik_flows_flowstagebinding authentik_flows_flow_target_id_4899c0f8_fk_authentik; Type: FK CONSTRAINT; Schema: public; Owner: authentik
--

ALTER TABLE ONLY public.authentik_flows_flowstagebinding
    ADD CONSTRAINT authentik_flows_flow_target_id_4899c0f8_fk_authentik FOREIGN KEY (target_id) REFERENCES public.authentik_flows_flow(flow_uuid) DEFERRABLE INITIALLY DEFERRED;


--
-- Name: authentik_flows_flowtoken authentik_flows_flow_token_ptr_id_e3047c65_fk_authentik; Type: FK CONSTRAINT; Schema: public; Owner: authentik
--

ALTER TABLE ONLY public.authentik_flows_flowtoken
    ADD CONSTRAINT authentik_flows_flow_token_ptr_id_e3047c65_fk_authentik FOREIGN KEY (token_ptr_id) REFERENCES public.authentik_core_token(token_uuid) DEFERRABLE INITIALLY DEFERRED;


--
-- Name: authentik_outposts_dockerserviceconnection authentik_outposts_d_outpostserviceconnec_35f196a0_fk_authentik; Type: FK CONSTRAINT; Schema: public; Owner: authentik
--

ALTER TABLE ONLY public.authentik_outposts_dockerserviceconnection
    ADD CONSTRAINT authentik_outposts_d_outpostserviceconnec_35f196a0_fk_authentik FOREIGN KEY (outpostserviceconnection_ptr_id) REFERENCES public.authentik_outposts_outpostserviceconnection(uuid) DEFERRABLE INITIALLY DEFERRED;


--
-- Name: authentik_outposts_dockerserviceconnection authentik_outposts_d_tls_authentication_i_942e2224_fk_authentik; Type: FK CONSTRAINT; Schema: public; Owner: authentik
--

ALTER TABLE ONLY public.authentik_outposts_dockerserviceconnection
    ADD CONSTRAINT authentik_outposts_d_tls_authentication_i_942e2224_fk_authentik FOREIGN KEY (tls_authentication_id) REFERENCES public.authentik_crypto_certificatekeypair(kp_uuid) DEFERRABLE INITIALLY DEFERRED;


--
-- Name: authentik_outposts_dockerserviceconnection authentik_outposts_d_tls_verification_id_769fac22_fk_authentik; Type: FK CONSTRAINT; Schema: public; Owner: authentik
--

ALTER TABLE ONLY public.authentik_outposts_dockerserviceconnection
    ADD CONSTRAINT authentik_outposts_d_tls_verification_id_769fac22_fk_authentik FOREIGN KEY (tls_verification_id) REFERENCES public.authentik_crypto_certificatekeypair(kp_uuid) DEFERRABLE INITIALLY DEFERRED;


--
-- Name: authentik_outposts_kubernetesserviceconnection authentik_outposts_k_outpostserviceconnec_f5cf691d_fk_authentik; Type: FK CONSTRAINT; Schema: public; Owner: authentik
--

ALTER TABLE ONLY public.authentik_outposts_kubernetesserviceconnection
    ADD CONSTRAINT authentik_outposts_k_outpostserviceconnec_f5cf691d_fk_authentik FOREIGN KEY (outpostserviceconnection_ptr_id) REFERENCES public.authentik_outposts_outpostserviceconnection(uuid) DEFERRABLE INITIALLY DEFERRED;


--
-- Name: authentik_outposts_outpost_providers authentik_outposts_o_outpost_id_eaaf025b_fk_authentik; Type: FK CONSTRAINT; Schema: public; Owner: authentik
--

ALTER TABLE ONLY public.authentik_outposts_outpost_providers
    ADD CONSTRAINT authentik_outposts_o_outpost_id_eaaf025b_fk_authentik FOREIGN KEY (outpost_id) REFERENCES public.authentik_outposts_outpost(uuid) DEFERRABLE INITIALLY DEFERRED;


--
-- Name: authentik_outposts_outpost_providers authentik_outposts_o_provider_id_7c5cb603_fk_authentik; Type: FK CONSTRAINT; Schema: public; Owner: authentik
--

ALTER TABLE ONLY public.authentik_outposts_outpost_providers
    ADD CONSTRAINT authentik_outposts_o_provider_id_7c5cb603_fk_authentik FOREIGN KEY (provider_id) REFERENCES public.authentik_core_provider(id) DEFERRABLE INITIALLY DEFERRED;


--
-- Name: authentik_outposts_outpost authentik_outposts_o_service_connection_i_3eafd830_fk_authentik; Type: FK CONSTRAINT; Schema: public; Owner: authentik
--

ALTER TABLE ONLY public.authentik_outposts_outpost
    ADD CONSTRAINT authentik_outposts_o_service_connection_i_3eafd830_fk_authentik FOREIGN KEY (service_connection_id) REFERENCES public.authentik_outposts_outpostserviceconnection(uuid) DEFERRABLE INITIALLY DEFERRED;


--
-- Name: authentik_policies_dummy_dummypolicy authentik_policies_d_policy_ptr_id_d411c5e4_fk_authentik; Type: FK CONSTRAINT; Schema: public; Owner: authentik
--

ALTER TABLE ONLY public.authentik_policies_dummy_dummypolicy
    ADD CONSTRAINT authentik_policies_d_policy_ptr_id_d411c5e4_fk_authentik FOREIGN KEY (policy_ptr_id) REFERENCES public.authentik_policies_policy(policy_uuid) DEFERRABLE INITIALLY DEFERRED;


--
-- Name: authentik_policies_expression_expressionpolicy authentik_policies_e_policy_ptr_id_3fec413c_fk_authentik; Type: FK CONSTRAINT; Schema: public; Owner: authentik
--

ALTER TABLE ONLY public.authentik_policies_expression_expressionpolicy
    ADD CONSTRAINT authentik_policies_e_policy_ptr_id_3fec413c_fk_authentik FOREIGN KEY (policy_ptr_id) REFERENCES public.authentik_policies_policy(policy_uuid) DEFERRABLE INITIALLY DEFERRED;


--
-- Name: authentik_policies_expiry_passwordexpirypolicy authentik_policies_e_policy_ptr_id_bad15341_fk_authentik; Type: FK CONSTRAINT; Schema: public; Owner: authentik
--

ALTER TABLE ONLY public.authentik_policies_expiry_passwordexpirypolicy
    ADD CONSTRAINT authentik_policies_e_policy_ptr_id_bad15341_fk_authentik FOREIGN KEY (policy_ptr_id) REFERENCES public.authentik_policies_policy(policy_uuid) DEFERRABLE INITIALLY DEFERRED;


--
-- Name: authentik_policies_event_matcher_eventmatcherpolicy authentik_policies_e_policy_ptr_id_f12a3e96_fk_authentik; Type: FK CONSTRAINT; Schema: public; Owner: authentik
--

ALTER TABLE ONLY public.authentik_policies_event_matcher_eventmatcherpolicy
    ADD CONSTRAINT authentik_policies_e_policy_ptr_id_f12a3e96_fk_authentik FOREIGN KEY (policy_ptr_id) REFERENCES public.authentik_policies_policy(policy_uuid) DEFERRABLE INITIALLY DEFERRED;


--
-- Name: authentik_policies_hibp_haveibeenpwendpolicy authentik_policies_h_policy_ptr_id_13df0e7e_fk_authentik; Type: FK CONSTRAINT; Schema: public; Owner: authentik
--

ALTER TABLE ONLY public.authentik_policies_hibp_haveibeenpwendpolicy
    ADD CONSTRAINT authentik_policies_h_policy_ptr_id_13df0e7e_fk_authentik FOREIGN KEY (policy_ptr_id) REFERENCES public.authentik_policies_policy(policy_uuid) DEFERRABLE INITIALLY DEFERRED;


--
-- Name: authentik_policies_policybinding authentik_policies_p_group_id_2afb13ee_fk_authentik; Type: FK CONSTRAINT; Schema: public; Owner: authentik
--

ALTER TABLE ONLY public.authentik_policies_policybinding
    ADD CONSTRAINT authentik_policies_p_group_id_2afb13ee_fk_authentik FOREIGN KEY (group_id) REFERENCES public.authentik_core_group(group_uuid) DEFERRABLE INITIALLY DEFERRED;


--
-- Name: authentik_policies_policybinding authentik_policies_p_policy_id_c07161e4_fk_authentik; Type: FK CONSTRAINT; Schema: public; Owner: authentik
--

ALTER TABLE ONLY public.authentik_policies_policybinding
    ADD CONSTRAINT authentik_policies_p_policy_id_c07161e4_fk_authentik FOREIGN KEY (policy_id) REFERENCES public.authentik_policies_policy(policy_uuid) DEFERRABLE INITIALLY DEFERRED;


--
-- Name: authentik_policies_password_passwordpolicy authentik_policies_p_policy_ptr_id_6301794d_fk_authentik; Type: FK CONSTRAINT; Schema: public; Owner: authentik
--

ALTER TABLE ONLY public.authentik_policies_password_passwordpolicy
    ADD CONSTRAINT authentik_policies_p_policy_ptr_id_6301794d_fk_authentik FOREIGN KEY (policy_ptr_id) REFERENCES public.authentik_policies_policy(policy_uuid) DEFERRABLE INITIALLY DEFERRED;


--
-- Name: authentik_policies_policybinding authentik_policies_p_target_id_a7075d8d_fk_authentik; Type: FK CONSTRAINT; Schema: public; Owner: authentik
--

ALTER TABLE ONLY public.authentik_policies_policybinding
    ADD CONSTRAINT authentik_policies_p_target_id_a7075d8d_fk_authentik FOREIGN KEY (target_id) REFERENCES public.authentik_policies_policybindingmodel(pbm_uuid) DEFERRABLE INITIALLY DEFERRED;


--
-- Name: authentik_policies_policybinding authentik_policies_p_user_id_323bebdb_fk_authentik; Type: FK CONSTRAINT; Schema: public; Owner: authentik
--

ALTER TABLE ONLY public.authentik_policies_policybinding
    ADD CONSTRAINT authentik_policies_p_user_id_323bebdb_fk_authentik FOREIGN KEY (user_id) REFERENCES public.authentik_core_user(id) DEFERRABLE INITIALLY DEFERRED;


--
-- Name: authentik_policies_reputation_reputationpolicy authentik_policies_r_policy_ptr_id_5d5a869c_fk_authentik; Type: FK CONSTRAINT; Schema: public; Owner: authentik
--

ALTER TABLE ONLY public.authentik_policies_reputation_reputationpolicy
    ADD CONSTRAINT authentik_policies_r_policy_ptr_id_5d5a869c_fk_authentik FOREIGN KEY (policy_ptr_id) REFERENCES public.authentik_policies_policy(policy_uuid) DEFERRABLE INITIALLY DEFERRED;


--
-- Name: authentik_providers_ldap_ldapprovider authentik_providers__certificate_id_6a7a6af2_fk_authentik; Type: FK CONSTRAINT; Schema: public; Owner: authentik
--

ALTER TABLE ONLY public.authentik_providers_ldap_ldapprovider
    ADD CONSTRAINT authentik_providers__certificate_id_6a7a6af2_fk_authentik FOREIGN KEY (certificate_id) REFERENCES public.authentik_crypto_certificatekeypair(kp_uuid) DEFERRABLE INITIALLY DEFERRED;


--
-- Name: authentik_providers_proxy_proxyprovider authentik_providers__certificate_id_b1e0c422_fk_authentik; Type: FK CONSTRAINT; Schema: public; Owner: authentik
--

ALTER TABLE ONLY public.authentik_providers_proxy_proxyprovider
    ADD CONSTRAINT authentik_providers__certificate_id_b1e0c422_fk_authentik FOREIGN KEY (certificate_id) REFERENCES public.authentik_crypto_certificatekeypair(kp_uuid) DEFERRABLE INITIALLY DEFERRED;


--
-- Name: authentik_providers_saml_samlprovider authentik_providers__name_id_mapping_id_5d45f77f_fk_authentik; Type: FK CONSTRAINT; Schema: public; Owner: authentik
--

ALTER TABLE ONLY public.authentik_providers_saml_samlprovider
    ADD CONSTRAINT authentik_providers__name_id_mapping_id_5d45f77f_fk_authentik FOREIGN KEY (name_id_mapping_id) REFERENCES public.authentik_providers_saml_samlpropertymapping(propertymapping_ptr_id) DEFERRABLE INITIALLY DEFERRED;


--
-- Name: authentik_providers_proxy_proxyprovider authentik_providers__oauth2provider_ptr_i_eb747e01_fk_authentik; Type: FK CONSTRAINT; Schema: public; Owner: authentik
--

ALTER TABLE ONLY public.authentik_providers_proxy_proxyprovider
    ADD CONSTRAINT authentik_providers__oauth2provider_ptr_i_eb747e01_fk_authentik FOREIGN KEY (oauth2provider_ptr_id) REFERENCES public.authentik_providers_oauth2_oauth2provider(provider_ptr_id) DEFERRABLE INITIALLY DEFERRED;


--
-- Name: authentik_providers_oauth2_scopemapping authentik_providers__propertymapping_ptr__37f1d926_fk_authentik; Type: FK CONSTRAINT; Schema: public; Owner: authentik
--

ALTER TABLE ONLY public.authentik_providers_oauth2_scopemapping
    ADD CONSTRAINT authentik_providers__propertymapping_ptr__37f1d926_fk_authentik FOREIGN KEY (propertymapping_ptr_id) REFERENCES public.authentik_core_propertymapping(pm_uuid) DEFERRABLE INITIALLY DEFERRED;


--
-- Name: authentik_providers_saml_samlpropertymapping authentik_providers__propertymapping_ptr__812e8cfb_fk_authentik; Type: FK CONSTRAINT; Schema: public; Owner: authentik
--

ALTER TABLE ONLY public.authentik_providers_saml_samlpropertymapping
    ADD CONSTRAINT authentik_providers__propertymapping_ptr__812e8cfb_fk_authentik FOREIGN KEY (propertymapping_ptr_id) REFERENCES public.authentik_core_propertymapping(pm_uuid) DEFERRABLE INITIALLY DEFERRED;


--
-- Name: authentik_providers_oauth2_authorizationcode authentik_providers__provider_id_731a3e62_fk_authentik; Type: FK CONSTRAINT; Schema: public; Owner: authentik
--

ALTER TABLE ONLY public.authentik_providers_oauth2_authorizationcode
    ADD CONSTRAINT authentik_providers__provider_id_731a3e62_fk_authentik FOREIGN KEY (provider_id) REFERENCES public.authentik_providers_oauth2_oauth2provider(provider_ptr_id) DEFERRABLE INITIALLY DEFERRED;


--
-- Name: authentik_providers_oauth2_refreshtoken authentik_providers__provider_id_8bf99dba_fk_authentik; Type: FK CONSTRAINT; Schema: public; Owner: authentik
--

ALTER TABLE ONLY public.authentik_providers_oauth2_refreshtoken
    ADD CONSTRAINT authentik_providers__provider_id_8bf99dba_fk_authentik FOREIGN KEY (provider_id) REFERENCES public.authentik_providers_oauth2_oauth2provider(provider_ptr_id) DEFERRABLE INITIALLY DEFERRED;


--
-- Name: authentik_providers_saml_samlprovider authentik_providers__provider_ptr_id_677ac81a_fk_authentik; Type: FK CONSTRAINT; Schema: public; Owner: authentik
--

ALTER TABLE ONLY public.authentik_providers_saml_samlprovider
    ADD CONSTRAINT authentik_providers__provider_ptr_id_677ac81a_fk_authentik FOREIGN KEY (provider_ptr_id) REFERENCES public.authentik_core_provider(id) DEFERRABLE INITIALLY DEFERRED;


--
-- Name: authentik_providers_oauth2_oauth2provider authentik_providers__provider_ptr_id_76903270_fk_authentik; Type: FK CONSTRAINT; Schema: public; Owner: authentik
--

ALTER TABLE ONLY public.authentik_providers_oauth2_oauth2provider
    ADD CONSTRAINT authentik_providers__provider_ptr_id_76903270_fk_authentik FOREIGN KEY (provider_ptr_id) REFERENCES public.authentik_core_provider(id) DEFERRABLE INITIALLY DEFERRED;


--
-- Name: authentik_providers_ldap_ldapprovider authentik_providers__provider_ptr_id_deae38fd_fk_authentik; Type: FK CONSTRAINT; Schema: public; Owner: authentik
--

ALTER TABLE ONLY public.authentik_providers_ldap_ldapprovider
    ADD CONSTRAINT authentik_providers__provider_ptr_id_deae38fd_fk_authentik FOREIGN KEY (provider_ptr_id) REFERENCES public.authentik_core_provider(id) DEFERRABLE INITIALLY DEFERRED;


--
-- Name: authentik_providers_ldap_ldapprovider authentik_providers__search_group_id_64713cfa_fk_authentik; Type: FK CONSTRAINT; Schema: public; Owner: authentik
--

ALTER TABLE ONLY public.authentik_providers_ldap_ldapprovider
    ADD CONSTRAINT authentik_providers__search_group_id_64713cfa_fk_authentik FOREIGN KEY (search_group_id) REFERENCES public.authentik_core_group(group_uuid) DEFERRABLE INITIALLY DEFERRED;


--
-- Name: authentik_providers_oauth2_oauth2provider authentik_providers__signing_key_id_4189c2f3_fk_authentik; Type: FK CONSTRAINT; Schema: public; Owner: authentik
--

ALTER TABLE ONLY public.authentik_providers_oauth2_oauth2provider
    ADD CONSTRAINT authentik_providers__signing_key_id_4189c2f3_fk_authentik FOREIGN KEY (signing_key_id) REFERENCES public.authentik_crypto_certificatekeypair(kp_uuid) DEFERRABLE INITIALLY DEFERRED;


--
-- Name: authentik_providers_saml_samlprovider authentik_providers__signing_kp_id_f1bce700_fk_authentik; Type: FK CONSTRAINT; Schema: public; Owner: authentik
--

ALTER TABLE ONLY public.authentik_providers_saml_samlprovider
    ADD CONSTRAINT authentik_providers__signing_kp_id_f1bce700_fk_authentik FOREIGN KEY (signing_kp_id) REFERENCES public.authentik_crypto_certificatekeypair(kp_uuid) DEFERRABLE INITIALLY DEFERRED;


--
-- Name: authentik_providers_oauth2_authorizationcode authentik_providers__user_id_c9a35141_fk_authentik; Type: FK CONSTRAINT; Schema: public; Owner: authentik
--

ALTER TABLE ONLY public.authentik_providers_oauth2_authorizationcode
    ADD CONSTRAINT authentik_providers__user_id_c9a35141_fk_authentik FOREIGN KEY (user_id) REFERENCES public.authentik_core_user(id) DEFERRABLE INITIALLY DEFERRED;


--
-- Name: authentik_providers_oauth2_refreshtoken authentik_providers__user_id_ebdc1143_fk_authentik; Type: FK CONSTRAINT; Schema: public; Owner: authentik
--

ALTER TABLE ONLY public.authentik_providers_oauth2_refreshtoken
    ADD CONSTRAINT authentik_providers__user_id_ebdc1143_fk_authentik FOREIGN KEY (user_id) REFERENCES public.authentik_core_user(id) DEFERRABLE INITIALLY DEFERRED;


--
-- Name: authentik_providers_saml_samlprovider authentik_providers__verification_kp_id_7b0fbd80_fk_authentik; Type: FK CONSTRAINT; Schema: public; Owner: authentik
--

ALTER TABLE ONLY public.authentik_providers_saml_samlprovider
    ADD CONSTRAINT authentik_providers__verification_kp_id_7b0fbd80_fk_authentik FOREIGN KEY (verification_kp_id) REFERENCES public.authentik_crypto_certificatekeypair(kp_uuid) DEFERRABLE INITIALLY DEFERRED;


--
-- Name: authentik_sources_ldap_ldapsource_property_mappings_group authentik_sources_ld_ldapsource_id_4eff95ce_fk_authentik; Type: FK CONSTRAINT; Schema: public; Owner: authentik
--

ALTER TABLE ONLY public.authentik_sources_ldap_ldapsource_property_mappings_group
    ADD CONSTRAINT authentik_sources_ld_ldapsource_id_4eff95ce_fk_authentik FOREIGN KEY (ldapsource_id) REFERENCES public.authentik_sources_ldap_ldapsource(source_ptr_id) DEFERRABLE INITIALLY DEFERRED;


--
-- Name: authentik_sources_ldap_ldapsource authentik_sources_ld_peer_certificate_id_50528d0a_fk_authentik; Type: FK CONSTRAINT; Schema: public; Owner: authentik
--

ALTER TABLE ONLY public.authentik_sources_ldap_ldapsource
    ADD CONSTRAINT authentik_sources_ld_peer_certificate_id_50528d0a_fk_authentik FOREIGN KEY (peer_certificate_id) REFERENCES public.authentik_crypto_certificatekeypair(kp_uuid) DEFERRABLE INITIALLY DEFERRED;


--
-- Name: authentik_sources_ldap_ldapsource_property_mappings_group authentik_sources_ld_propertymapping_id_6d727491_fk_authentik; Type: FK CONSTRAINT; Schema: public; Owner: authentik
--

ALTER TABLE ONLY public.authentik_sources_ldap_ldapsource_property_mappings_group
    ADD CONSTRAINT authentik_sources_ld_propertymapping_id_6d727491_fk_authentik FOREIGN KEY (propertymapping_id) REFERENCES public.authentik_core_propertymapping(pm_uuid) DEFERRABLE INITIALLY DEFERRED;


--
-- Name: authentik_sources_ldap_ldappropertymapping authentik_sources_ld_propertymapping_ptr__559cd35b_fk_authentik; Type: FK CONSTRAINT; Schema: public; Owner: authentik
--

ALTER TABLE ONLY public.authentik_sources_ldap_ldappropertymapping
    ADD CONSTRAINT authentik_sources_ld_propertymapping_ptr__559cd35b_fk_authentik FOREIGN KEY (propertymapping_ptr_id) REFERENCES public.authentik_core_propertymapping(pm_uuid) DEFERRABLE INITIALLY DEFERRED;


--
-- Name: authentik_sources_ldap_ldapsource authentik_sources_ld_source_ptr_id_264402b5_fk_authentik; Type: FK CONSTRAINT; Schema: public; Owner: authentik
--

ALTER TABLE ONLY public.authentik_sources_ldap_ldapsource
    ADD CONSTRAINT authentik_sources_ld_source_ptr_id_264402b5_fk_authentik FOREIGN KEY (source_ptr_id) REFERENCES public.authentik_core_source(policybindingmodel_ptr_id) DEFERRABLE INITIALLY DEFERRED;


--
-- Name: authentik_sources_ldap_ldapsource authentik_sources_ld_sync_parent_group_id_9c730e90_fk_authentik; Type: FK CONSTRAINT; Schema: public; Owner: authentik
--

ALTER TABLE ONLY public.authentik_sources_ldap_ldapsource
    ADD CONSTRAINT authentik_sources_ld_sync_parent_group_id_9c730e90_fk_authentik FOREIGN KEY (sync_parent_group_id) REFERENCES public.authentik_core_group(group_uuid) DEFERRABLE INITIALLY DEFERRED;


--
-- Name: authentik_sources_oauth_oauthsource authentik_sources_oa_source_ptr_id_eb45d674_fk_authentik; Type: FK CONSTRAINT; Schema: public; Owner: authentik
--

ALTER TABLE ONLY public.authentik_sources_oauth_oauthsource
    ADD CONSTRAINT authentik_sources_oa_source_ptr_id_eb45d674_fk_authentik FOREIGN KEY (source_ptr_id) REFERENCES public.authentik_core_source(policybindingmodel_ptr_id) DEFERRABLE INITIALLY DEFERRED;


--
-- Name: authentik_sources_oauth_useroauthsourceconnection authentik_sources_oa_usersourceconnection_e9ae7a6b_fk_authentik; Type: FK CONSTRAINT; Schema: public; Owner: authentik
--

ALTER TABLE ONLY public.authentik_sources_oauth_useroauthsourceconnection
    ADD CONSTRAINT authentik_sources_oa_usersourceconnection_e9ae7a6b_fk_authentik FOREIGN KEY (usersourceconnection_ptr_id) REFERENCES public.authentik_core_usersourceconnection(id) DEFERRABLE INITIALLY DEFERRED;


--
-- Name: authentik_sources_plex_plexsource authentik_sources_pl_source_ptr_id_b52adfc2_fk_authentik; Type: FK CONSTRAINT; Schema: public; Owner: authentik
--

ALTER TABLE ONLY public.authentik_sources_plex_plexsource
    ADD CONSTRAINT authentik_sources_pl_source_ptr_id_b52adfc2_fk_authentik FOREIGN KEY (source_ptr_id) REFERENCES public.authentik_core_source(policybindingmodel_ptr_id) DEFERRABLE INITIALLY DEFERRED;


--
-- Name: authentik_sources_plex_plexsourceconnection authentik_sources_pl_usersourceconnection_ff3dd805_fk_authentik; Type: FK CONSTRAINT; Schema: public; Owner: authentik
--

ALTER TABLE ONLY public.authentik_sources_plex_plexsourceconnection
    ADD CONSTRAINT authentik_sources_pl_usersourceconnection_ff3dd805_fk_authentik FOREIGN KEY (usersourceconnection_ptr_id) REFERENCES public.authentik_core_usersourceconnection(id) DEFERRABLE INITIALLY DEFERRED;


--
-- Name: authentik_sources_saml_samlsource authentik_sources_sa_pre_authentication_f_cec52f8b_fk_authentik; Type: FK CONSTRAINT; Schema: public; Owner: authentik
--

ALTER TABLE ONLY public.authentik_sources_saml_samlsource
    ADD CONSTRAINT authentik_sources_sa_pre_authentication_f_cec52f8b_fk_authentik FOREIGN KEY (pre_authentication_flow_id) REFERENCES public.authentik_flows_flow(flow_uuid) DEFERRABLE INITIALLY DEFERRED;


--
-- Name: authentik_sources_saml_samlsource authentik_sources_sa_signing_kp_id_faae605c_fk_authentik; Type: FK CONSTRAINT; Schema: public; Owner: authentik
--

ALTER TABLE ONLY public.authentik_sources_saml_samlsource
    ADD CONSTRAINT authentik_sources_sa_signing_kp_id_faae605c_fk_authentik FOREIGN KEY (signing_kp_id) REFERENCES public.authentik_crypto_certificatekeypair(kp_uuid) DEFERRABLE INITIALLY DEFERRED;


--
-- Name: authentik_sources_saml_samlsource authentik_sources_sa_source_ptr_id_3381b214_fk_authentik; Type: FK CONSTRAINT; Schema: public; Owner: authentik
--

ALTER TABLE ONLY public.authentik_sources_saml_samlsource
    ADD CONSTRAINT authentik_sources_sa_source_ptr_id_3381b214_fk_authentik FOREIGN KEY (source_ptr_id) REFERENCES public.authentik_core_source(policybindingmodel_ptr_id) DEFERRABLE INITIALLY DEFERRED;


--
-- Name: authentik_stages_authenticator_validate_authenticatorvalida499c authentik_stages_aut_configuration_stage__dd6db547_fk_authentik; Type: FK CONSTRAINT; Schema: public; Owner: authentik
--

ALTER TABLE ONLY public.authentik_stages_authenticator_validate_authenticatorvalida499c
    ADD CONSTRAINT authentik_stages_aut_configuration_stage__dd6db547_fk_authentik FOREIGN KEY (configuration_stage_id) REFERENCES public.authentik_flows_stage(stage_uuid) DEFERRABLE INITIALLY DEFERRED;


--
-- Name: authentik_stages_authenticator_static_authenticatorstaticstage authentik_stages_aut_configure_flow_id_0e413e4d_fk_authentik; Type: FK CONSTRAINT; Schema: public; Owner: authentik
--

ALTER TABLE ONLY public.authentik_stages_authenticator_static_authenticatorstaticstage
    ADD CONSTRAINT authentik_stages_aut_configure_flow_id_0e413e4d_fk_authentik FOREIGN KEY (configure_flow_id) REFERENCES public.authentik_flows_flow(flow_uuid) DEFERRABLE INITIALLY DEFERRED;


--
-- Name: authentik_stages_authenticator_duo_authenticatorduostage authentik_stages_aut_configure_flow_id_4c667db1_fk_authentik; Type: FK CONSTRAINT; Schema: public; Owner: authentik
--

ALTER TABLE ONLY public.authentik_stages_authenticator_duo_authenticatorduostage
    ADD CONSTRAINT authentik_stages_aut_configure_flow_id_4c667db1_fk_authentik FOREIGN KEY (configure_flow_id) REFERENCES public.authentik_flows_flow(flow_uuid) DEFERRABLE INITIALLY DEFERRED;


--
-- Name: authentik_stages_authenticator_webauthn_authenticatewebauth4bbe authentik_stages_aut_configure_flow_id_b1d83847_fk_authentik; Type: FK CONSTRAINT; Schema: public; Owner: authentik
--

ALTER TABLE ONLY public.authentik_stages_authenticator_webauthn_authenticatewebauth4bbe
    ADD CONSTRAINT authentik_stages_aut_configure_flow_id_b1d83847_fk_authentik FOREIGN KEY (configure_flow_id) REFERENCES public.authentik_flows_flow(flow_uuid) DEFERRABLE INITIALLY DEFERRED;


--
-- Name: authentik_stages_authenticator_totp_authenticatortotpstage authentik_stages_aut_configure_flow_id_e6d859e3_fk_authentik; Type: FK CONSTRAINT; Schema: public; Owner: authentik
--

ALTER TABLE ONLY public.authentik_stages_authenticator_totp_authenticatortotpstage
    ADD CONSTRAINT authentik_stages_aut_configure_flow_id_e6d859e3_fk_authentik FOREIGN KEY (configure_flow_id) REFERENCES public.authentik_flows_flow(flow_uuid) DEFERRABLE INITIALLY DEFERRED;


--
-- Name: authentik_stages_authenticator_sms_authenticatorsmsstage authentik_stages_aut_configure_flow_id_ff974e9e_fk_authentik; Type: FK CONSTRAINT; Schema: public; Owner: authentik
--

ALTER TABLE ONLY public.authentik_stages_authenticator_sms_authenticatorsmsstage
    ADD CONSTRAINT authentik_stages_aut_configure_flow_id_ff974e9e_fk_authentik FOREIGN KEY (configure_flow_id) REFERENCES public.authentik_flows_flow(flow_uuid) DEFERRABLE INITIALLY DEFERRED;


--
-- Name: authentik_stages_authenticator_sms_smsdevice authentik_stages_aut_stage_id_35c87fa6_fk_authentik; Type: FK CONSTRAINT; Schema: public; Owner: authentik
--

ALTER TABLE ONLY public.authentik_stages_authenticator_sms_smsdevice
    ADD CONSTRAINT authentik_stages_aut_stage_id_35c87fa6_fk_authentik FOREIGN KEY (stage_id) REFERENCES public.authentik_stages_authenticator_sms_authenticatorsmsstage(stage_ptr_id) DEFERRABLE INITIALLY DEFERRED;


--
-- Name: authentik_stages_authenticator_duo_duodevice authentik_stages_aut_stage_id_926e33da_fk_authentik; Type: FK CONSTRAINT; Schema: public; Owner: authentik
--

ALTER TABLE ONLY public.authentik_stages_authenticator_duo_duodevice
    ADD CONSTRAINT authentik_stages_aut_stage_id_926e33da_fk_authentik FOREIGN KEY (stage_id) REFERENCES public.authentik_stages_authenticator_duo_authenticatorduostage(stage_ptr_id) DEFERRABLE INITIALLY DEFERRED;


--
-- Name: authentik_stages_authenticator_sms_authenticatorsmsstage authentik_stages_aut_stage_ptr_id_4ebb9914_fk_authentik; Type: FK CONSTRAINT; Schema: public; Owner: authentik
--

ALTER TABLE ONLY public.authentik_stages_authenticator_sms_authenticatorsmsstage
    ADD CONSTRAINT authentik_stages_aut_stage_ptr_id_4ebb9914_fk_authentik FOREIGN KEY (stage_ptr_id) REFERENCES public.authentik_flows_stage(stage_uuid) DEFERRABLE INITIALLY DEFERRED;


--
-- Name: authentik_stages_authenticator_webauthn_authenticatewebauth4bbe authentik_stages_aut_stage_ptr_id_67d6ca22_fk_authentik; Type: FK CONSTRAINT; Schema: public; Owner: authentik
--

ALTER TABLE ONLY public.authentik_stages_authenticator_webauthn_authenticatewebauth4bbe
    ADD CONSTRAINT authentik_stages_aut_stage_ptr_id_67d6ca22_fk_authentik FOREIGN KEY (stage_ptr_id) REFERENCES public.authentik_flows_stage(stage_uuid) DEFERRABLE INITIALLY DEFERRED;


--
-- Name: authentik_stages_authenticator_duo_authenticatorduostage authentik_stages_aut_stage_ptr_id_7835ea46_fk_authentik; Type: FK CONSTRAINT; Schema: public; Owner: authentik
--

ALTER TABLE ONLY public.authentik_stages_authenticator_duo_authenticatorduostage
    ADD CONSTRAINT authentik_stages_aut_stage_ptr_id_7835ea46_fk_authentik FOREIGN KEY (stage_ptr_id) REFERENCES public.authentik_flows_stage(stage_uuid) DEFERRABLE INITIALLY DEFERRED;


--
-- Name: authentik_stages_authenticator_totp_authenticatortotpstage authentik_stages_aut_stage_ptr_id_9e1575b0_fk_authentik; Type: FK CONSTRAINT; Schema: public; Owner: authentik
--

ALTER TABLE ONLY public.authentik_stages_authenticator_totp_authenticatortotpstage
    ADD CONSTRAINT authentik_stages_aut_stage_ptr_id_9e1575b0_fk_authentik FOREIGN KEY (stage_ptr_id) REFERENCES public.authentik_flows_stage(stage_uuid) DEFERRABLE INITIALLY DEFERRED;


--
-- Name: authentik_stages_authenticator_static_authenticatorstaticstage authentik_stages_aut_stage_ptr_id_a719c9e1_fk_authentik; Type: FK CONSTRAINT; Schema: public; Owner: authentik
--

ALTER TABLE ONLY public.authentik_stages_authenticator_static_authenticatorstaticstage
    ADD CONSTRAINT authentik_stages_aut_stage_ptr_id_a719c9e1_fk_authentik FOREIGN KEY (stage_ptr_id) REFERENCES public.authentik_flows_stage(stage_uuid) DEFERRABLE INITIALLY DEFERRED;


--
-- Name: authentik_stages_authenticator_validate_authenticatorvalida499c authentik_stages_aut_stage_ptr_id_d44614a3_fk_authentik; Type: FK CONSTRAINT; Schema: public; Owner: authentik
--

ALTER TABLE ONLY public.authentik_stages_authenticator_validate_authenticatorvalida499c
    ADD CONSTRAINT authentik_stages_aut_stage_ptr_id_d44614a3_fk_authentik FOREIGN KEY (stage_ptr_id) REFERENCES public.authentik_flows_stage(stage_uuid) DEFERRABLE INITIALLY DEFERRED;


--
-- Name: authentik_stages_authenticator_webauthn_webauthndevice authentik_stages_aut_user_id_26c9196a_fk_authentik; Type: FK CONSTRAINT; Schema: public; Owner: authentik
--

ALTER TABLE ONLY public.authentik_stages_authenticator_webauthn_webauthndevice
    ADD CONSTRAINT authentik_stages_aut_user_id_26c9196a_fk_authentik FOREIGN KEY (user_id) REFERENCES public.authentik_core_user(id) DEFERRABLE INITIALLY DEFERRED;


--
-- Name: authentik_stages_authenticator_sms_smsdevice authentik_stages_aut_user_id_454934c5_fk_authentik; Type: FK CONSTRAINT; Schema: public; Owner: authentik
--

ALTER TABLE ONLY public.authentik_stages_authenticator_sms_smsdevice
    ADD CONSTRAINT authentik_stages_aut_user_id_454934c5_fk_authentik FOREIGN KEY (user_id) REFERENCES public.authentik_core_user(id) DEFERRABLE INITIALLY DEFERRED;


--
-- Name: authentik_stages_authenticator_duo_duodevice authentik_stages_aut_user_id_bd340329_fk_authentik; Type: FK CONSTRAINT; Schema: public; Owner: authentik
--

ALTER TABLE ONLY public.authentik_stages_authenticator_duo_duodevice
    ADD CONSTRAINT authentik_stages_aut_user_id_bd340329_fk_authentik FOREIGN KEY (user_id) REFERENCES public.authentik_core_user(id) DEFERRABLE INITIALLY DEFERRED;


--
-- Name: authentik_stages_captcha_captchastage authentik_stages_cap_stage_ptr_id_6328c33b_fk_authentik; Type: FK CONSTRAINT; Schema: public; Owner: authentik
--

ALTER TABLE ONLY public.authentik_stages_captcha_captchastage
    ADD CONSTRAINT authentik_stages_cap_stage_ptr_id_6328c33b_fk_authentik FOREIGN KEY (stage_ptr_id) REFERENCES public.authentik_flows_stage(stage_uuid) DEFERRABLE INITIALLY DEFERRED;


--
-- Name: authentik_stages_consent_userconsent authentik_stages_con_application_id_ad55f58e_fk_authentik; Type: FK CONSTRAINT; Schema: public; Owner: authentik
--

ALTER TABLE ONLY public.authentik_stages_consent_userconsent
    ADD CONSTRAINT authentik_stages_con_application_id_ad55f58e_fk_authentik FOREIGN KEY (application_id) REFERENCES public.authentik_core_application(policybindingmodel_ptr_id) DEFERRABLE INITIALLY DEFERRED;


--
-- Name: authentik_stages_consent_consentstage authentik_stages_con_stage_ptr_id_492add69_fk_authentik; Type: FK CONSTRAINT; Schema: public; Owner: authentik
--

ALTER TABLE ONLY public.authentik_stages_consent_consentstage
    ADD CONSTRAINT authentik_stages_con_stage_ptr_id_492add69_fk_authentik FOREIGN KEY (stage_ptr_id) REFERENCES public.authentik_flows_stage(stage_uuid) DEFERRABLE INITIALLY DEFERRED;


--
-- Name: authentik_stages_consent_userconsent authentik_stages_con_user_id_554dc39f_fk_authentik; Type: FK CONSTRAINT; Schema: public; Owner: authentik
--

ALTER TABLE ONLY public.authentik_stages_consent_userconsent
    ADD CONSTRAINT authentik_stages_con_user_id_554dc39f_fk_authentik FOREIGN KEY (user_id) REFERENCES public.authentik_core_user(id) DEFERRABLE INITIALLY DEFERRED;


--
-- Name: authentik_stages_deny_denystage authentik_stages_den_stage_ptr_id_5290ec0e_fk_authentik; Type: FK CONSTRAINT; Schema: public; Owner: authentik
--

ALTER TABLE ONLY public.authentik_stages_deny_denystage
    ADD CONSTRAINT authentik_stages_den_stage_ptr_id_5290ec0e_fk_authentik FOREIGN KEY (stage_ptr_id) REFERENCES public.authentik_flows_stage(stage_uuid) DEFERRABLE INITIALLY DEFERRED;


--
-- Name: authentik_stages_dummy_dummystage authentik_stages_dum_stage_ptr_id_7d72bd43_fk_authentik; Type: FK CONSTRAINT; Schema: public; Owner: authentik
--

ALTER TABLE ONLY public.authentik_stages_dummy_dummystage
    ADD CONSTRAINT authentik_stages_dum_stage_ptr_id_7d72bd43_fk_authentik FOREIGN KEY (stage_ptr_id) REFERENCES public.authentik_flows_stage(stage_uuid) DEFERRABLE INITIALLY DEFERRED;


--
-- Name: authentik_stages_email_emailstage authentik_stages_ema_stage_ptr_id_7355e8a2_fk_authentik; Type: FK CONSTRAINT; Schema: public; Owner: authentik
--

ALTER TABLE ONLY public.authentik_stages_email_emailstage
    ADD CONSTRAINT authentik_stages_ema_stage_ptr_id_7355e8a2_fk_authentik FOREIGN KEY (stage_ptr_id) REFERENCES public.authentik_flows_stage(stage_uuid) DEFERRABLE INITIALLY DEFERRED;


--
-- Name: authentik_stages_identification_identificationstage authentik_stages_ide_enrollment_flow_id_930e83ff_fk_authentik; Type: FK CONSTRAINT; Schema: public; Owner: authentik
--

ALTER TABLE ONLY public.authentik_stages_identification_identificationstage
    ADD CONSTRAINT authentik_stages_ide_enrollment_flow_id_930e83ff_fk_authentik FOREIGN KEY (enrollment_flow_id) REFERENCES public.authentik_flows_flow(flow_uuid) DEFERRABLE INITIALLY DEFERRED;


--
-- Name: authentik_stages_identification_identificationstage_sources authentik_stages_ide_identificationstage__c119703c_fk_authentik; Type: FK CONSTRAINT; Schema: public; Owner: authentik
--

ALTER TABLE ONLY public.authentik_stages_identification_identificationstage_sources
    ADD CONSTRAINT authentik_stages_ide_identificationstage__c119703c_fk_authentik FOREIGN KEY (identificationstage_id) REFERENCES public.authentik_stages_identification_identificationstage(stage_ptr_id) DEFERRABLE INITIALLY DEFERRED;


--
-- Name: authentik_stages_identification_identificationstage authentik_stages_ide_password_stage_id_8d68497a_fk_authentik; Type: FK CONSTRAINT; Schema: public; Owner: authentik
--

ALTER TABLE ONLY public.authentik_stages_identification_identificationstage
    ADD CONSTRAINT authentik_stages_ide_password_stage_id_8d68497a_fk_authentik FOREIGN KEY (password_stage_id) REFERENCES public.authentik_stages_password_passwordstage(stage_ptr_id) DEFERRABLE INITIALLY DEFERRED;


--
-- Name: authentik_stages_identification_identificationstage authentik_stages_ide_passwordless_flow_id_68cf3874_fk_authentik; Type: FK CONSTRAINT; Schema: public; Owner: authentik
--

ALTER TABLE ONLY public.authentik_stages_identification_identificationstage
    ADD CONSTRAINT authentik_stages_ide_passwordless_flow_id_68cf3874_fk_authentik FOREIGN KEY (passwordless_flow_id) REFERENCES public.authentik_flows_flow(flow_uuid) DEFERRABLE INITIALLY DEFERRED;


--
-- Name: authentik_stages_identification_identificationstage authentik_stages_ide_recovery_flow_id_16f5f1c7_fk_authentik; Type: FK CONSTRAINT; Schema: public; Owner: authentik
--

ALTER TABLE ONLY public.authentik_stages_identification_identificationstage
    ADD CONSTRAINT authentik_stages_ide_recovery_flow_id_16f5f1c7_fk_authentik FOREIGN KEY (recovery_flow_id) REFERENCES public.authentik_flows_flow(flow_uuid) DEFERRABLE INITIALLY DEFERRED;


--
-- Name: authentik_stages_identification_identificationstage_sources authentik_stages_ide_source_id_9579fda9_fk_authentik; Type: FK CONSTRAINT; Schema: public; Owner: authentik
--

ALTER TABLE ONLY public.authentik_stages_identification_identificationstage_sources
    ADD CONSTRAINT authentik_stages_ide_source_id_9579fda9_fk_authentik FOREIGN KEY (source_id) REFERENCES public.authentik_core_source(policybindingmodel_ptr_id) DEFERRABLE INITIALLY DEFERRED;


--
-- Name: authentik_stages_identification_identificationstage authentik_stages_ide_stage_ptr_id_da7dad55_fk_authentik; Type: FK CONSTRAINT; Schema: public; Owner: authentik
--

ALTER TABLE ONLY public.authentik_stages_identification_identificationstage
    ADD CONSTRAINT authentik_stages_ide_stage_ptr_id_da7dad55_fk_authentik FOREIGN KEY (stage_ptr_id) REFERENCES public.authentik_flows_stage(stage_uuid) DEFERRABLE INITIALLY DEFERRED;


--
-- Name: authentik_stages_invitation_invitation authentik_stages_inv_created_by_id_87fe9398_fk_authentik; Type: FK CONSTRAINT; Schema: public; Owner: authentik
--

ALTER TABLE ONLY public.authentik_stages_invitation_invitation
    ADD CONSTRAINT authentik_stages_inv_created_by_id_87fe9398_fk_authentik FOREIGN KEY (created_by_id) REFERENCES public.authentik_core_user(id) DEFERRABLE INITIALLY DEFERRED;


--
-- Name: authentik_stages_invitation_invitationstage authentik_stages_inv_stage_ptr_id_fcaca395_fk_authentik; Type: FK CONSTRAINT; Schema: public; Owner: authentik
--

ALTER TABLE ONLY public.authentik_stages_invitation_invitationstage
    ADD CONSTRAINT authentik_stages_inv_stage_ptr_id_fcaca395_fk_authentik FOREIGN KEY (stage_ptr_id) REFERENCES public.authentik_flows_stage(stage_uuid) DEFERRABLE INITIALLY DEFERRED;


--
-- Name: authentik_stages_password_passwordstage authentik_stages_pas_configure_flow_id_2a91be83_fk_authentik; Type: FK CONSTRAINT; Schema: public; Owner: authentik
--

ALTER TABLE ONLY public.authentik_stages_password_passwordstage
    ADD CONSTRAINT authentik_stages_pas_configure_flow_id_2a91be83_fk_authentik FOREIGN KEY (configure_flow_id) REFERENCES public.authentik_flows_flow(flow_uuid) DEFERRABLE INITIALLY DEFERRED;


--
-- Name: authentik_stages_password_passwordstage authentik_stages_pas_stage_ptr_id_46eda438_fk_authentik; Type: FK CONSTRAINT; Schema: public; Owner: authentik
--

ALTER TABLE ONLY public.authentik_stages_password_passwordstage
    ADD CONSTRAINT authentik_stages_pas_stage_ptr_id_46eda438_fk_authentik FOREIGN KEY (stage_ptr_id) REFERENCES public.authentik_flows_stage(stage_uuid) DEFERRABLE INITIALLY DEFERRED;


--
-- Name: authentik_stages_prompt_promptstage_validation_policies authentik_stages_pro_policy_id_96db92ab_fk_authentik; Type: FK CONSTRAINT; Schema: public; Owner: authentik
--

ALTER TABLE ONLY public.authentik_stages_prompt_promptstage_validation_policies
    ADD CONSTRAINT authentik_stages_pro_policy_id_96db92ab_fk_authentik FOREIGN KEY (policy_id) REFERENCES public.authentik_policies_policy(policy_uuid) DEFERRABLE INITIALLY DEFERRED;


--
-- Name: authentik_stages_prompt_promptstage_fields authentik_stages_pro_prompt_id_8c79d4c1_fk_authentik; Type: FK CONSTRAINT; Schema: public; Owner: authentik
--

ALTER TABLE ONLY public.authentik_stages_prompt_promptstage_fields
    ADD CONSTRAINT authentik_stages_pro_prompt_id_8c79d4c1_fk_authentik FOREIGN KEY (prompt_id) REFERENCES public.authentik_stages_prompt_prompt(prompt_uuid) DEFERRABLE INITIALLY DEFERRED;


--
-- Name: authentik_stages_prompt_promptstage_validation_policies authentik_stages_pro_promptstage_id_cb253bb1_fk_authentik; Type: FK CONSTRAINT; Schema: public; Owner: authentik
--

ALTER TABLE ONLY public.authentik_stages_prompt_promptstage_validation_policies
    ADD CONSTRAINT authentik_stages_pro_promptstage_id_cb253bb1_fk_authentik FOREIGN KEY (promptstage_id) REFERENCES public.authentik_stages_prompt_promptstage(stage_ptr_id) DEFERRABLE INITIALLY DEFERRED;


--
-- Name: authentik_stages_prompt_promptstage_fields authentik_stages_pro_promptstage_id_d3bd61cc_fk_authentik; Type: FK CONSTRAINT; Schema: public; Owner: authentik
--

ALTER TABLE ONLY public.authentik_stages_prompt_promptstage_fields
    ADD CONSTRAINT authentik_stages_pro_promptstage_id_d3bd61cc_fk_authentik FOREIGN KEY (promptstage_id) REFERENCES public.authentik_stages_prompt_promptstage(stage_ptr_id) DEFERRABLE INITIALLY DEFERRED;


--
-- Name: authentik_stages_prompt_promptstage authentik_stages_pro_stage_ptr_id_285415b5_fk_authentik; Type: FK CONSTRAINT; Schema: public; Owner: authentik
--

ALTER TABLE ONLY public.authentik_stages_prompt_promptstage
    ADD CONSTRAINT authentik_stages_pro_stage_ptr_id_285415b5_fk_authentik FOREIGN KEY (stage_ptr_id) REFERENCES public.authentik_flows_stage(stage_uuid) DEFERRABLE INITIALLY DEFERRED;


--
-- Name: authentik_stages_user_write_userwritestage authentik_stages_use_create_users_group_i_90b7794f_fk_authentik; Type: FK CONSTRAINT; Schema: public; Owner: authentik
--

ALTER TABLE ONLY public.authentik_stages_user_write_userwritestage
    ADD CONSTRAINT authentik_stages_use_create_users_group_i_90b7794f_fk_authentik FOREIGN KEY (create_users_group_id) REFERENCES public.authentik_core_group(group_uuid) DEFERRABLE INITIALLY DEFERRED;


--
-- Name: authentik_stages_user_write_userwritestage authentik_stages_use_stage_ptr_id_2cc319e1_fk_authentik; Type: FK CONSTRAINT; Schema: public; Owner: authentik
--

ALTER TABLE ONLY public.authentik_stages_user_write_userwritestage
    ADD CONSTRAINT authentik_stages_use_stage_ptr_id_2cc319e1_fk_authentik FOREIGN KEY (stage_ptr_id) REFERENCES public.authentik_flows_stage(stage_uuid) DEFERRABLE INITIALLY DEFERRED;


--
-- Name: authentik_stages_user_delete_userdeletestage authentik_stages_use_stage_ptr_id_61292077_fk_authentik; Type: FK CONSTRAINT; Schema: public; Owner: authentik
--

ALTER TABLE ONLY public.authentik_stages_user_delete_userdeletestage
    ADD CONSTRAINT authentik_stages_use_stage_ptr_id_61292077_fk_authentik FOREIGN KEY (stage_ptr_id) REFERENCES public.authentik_flows_stage(stage_uuid) DEFERRABLE INITIALLY DEFERRED;


--
-- Name: authentik_stages_user_login_userloginstage authentik_stages_use_stage_ptr_id_b1bc035b_fk_authentik; Type: FK CONSTRAINT; Schema: public; Owner: authentik
--

ALTER TABLE ONLY public.authentik_stages_user_login_userloginstage
    ADD CONSTRAINT authentik_stages_use_stage_ptr_id_b1bc035b_fk_authentik FOREIGN KEY (stage_ptr_id) REFERENCES public.authentik_flows_stage(stage_uuid) DEFERRABLE INITIALLY DEFERRED;


--
-- Name: authentik_stages_user_logout_userlogoutstage authentik_stages_use_stage_ptr_id_c7d7012d_fk_authentik; Type: FK CONSTRAINT; Schema: public; Owner: authentik
--

ALTER TABLE ONLY public.authentik_stages_user_logout_userlogoutstage
    ADD CONSTRAINT authentik_stages_use_stage_ptr_id_c7d7012d_fk_authentik FOREIGN KEY (stage_ptr_id) REFERENCES public.authentik_flows_stage(stage_uuid) DEFERRABLE INITIALLY DEFERRED;


--
-- Name: authentik_tenants_tenant authentik_tenants_te_flow_authentication__7a0889f3_fk_authentik; Type: FK CONSTRAINT; Schema: public; Owner: authentik
--

ALTER TABLE ONLY public.authentik_tenants_tenant
    ADD CONSTRAINT authentik_tenants_te_flow_authentication__7a0889f3_fk_authentik FOREIGN KEY (flow_authentication_id) REFERENCES public.authentik_flows_flow(flow_uuid) DEFERRABLE INITIALLY DEFERRED;


--
-- Name: authentik_tenants_tenant authentik_tenants_te_flow_invalidation_id_cedce4a1_fk_authentik; Type: FK CONSTRAINT; Schema: public; Owner: authentik
--

ALTER TABLE ONLY public.authentik_tenants_tenant
    ADD CONSTRAINT authentik_tenants_te_flow_invalidation_id_cedce4a1_fk_authentik FOREIGN KEY (flow_invalidation_id) REFERENCES public.authentik_flows_flow(flow_uuid) DEFERRABLE INITIALLY DEFERRED;


--
-- Name: authentik_tenants_tenant authentik_tenants_te_flow_recovery_id_a08f1692_fk_authentik; Type: FK CONSTRAINT; Schema: public; Owner: authentik
--

ALTER TABLE ONLY public.authentik_tenants_tenant
    ADD CONSTRAINT authentik_tenants_te_flow_recovery_id_a08f1692_fk_authentik FOREIGN KEY (flow_recovery_id) REFERENCES public.authentik_flows_flow(flow_uuid) DEFERRABLE INITIALLY DEFERRED;


--
-- Name: authentik_tenants_tenant authentik_tenants_te_flow_unenrollment_id_73817e72_fk_authentik; Type: FK CONSTRAINT; Schema: public; Owner: authentik
--

ALTER TABLE ONLY public.authentik_tenants_tenant
    ADD CONSTRAINT authentik_tenants_te_flow_unenrollment_id_73817e72_fk_authentik FOREIGN KEY (flow_unenrollment_id) REFERENCES public.authentik_flows_flow(flow_uuid) DEFERRABLE INITIALLY DEFERRED;


--
-- Name: authentik_tenants_tenant authentik_tenants_te_web_certificate_id_74429583_fk_authentik; Type: FK CONSTRAINT; Schema: public; Owner: authentik
--

ALTER TABLE ONLY public.authentik_tenants_tenant
    ADD CONSTRAINT authentik_tenants_te_web_certificate_id_74429583_fk_authentik FOREIGN KEY (web_certificate_id) REFERENCES public.authentik_crypto_certificatekeypair(kp_uuid) DEFERRABLE INITIALLY DEFERRED;


--
-- Name: guardian_groupobjectpermission guardian_groupobject_content_type_id_7ade36b8_fk_django_co; Type: FK CONSTRAINT; Schema: public; Owner: authentik
--

ALTER TABLE ONLY public.guardian_groupobjectpermission
    ADD CONSTRAINT guardian_groupobject_content_type_id_7ade36b8_fk_django_co FOREIGN KEY (content_type_id) REFERENCES public.django_content_type(id) DEFERRABLE INITIALLY DEFERRED;


--
-- Name: guardian_groupobjectpermission guardian_groupobject_group_id_4bbbfb62_fk_auth_grou; Type: FK CONSTRAINT; Schema: public; Owner: authentik
--

ALTER TABLE ONLY public.guardian_groupobjectpermission
    ADD CONSTRAINT guardian_groupobject_group_id_4bbbfb62_fk_auth_grou FOREIGN KEY (group_id) REFERENCES public.auth_group(id) DEFERRABLE INITIALLY DEFERRED;


--
-- Name: guardian_groupobjectpermission guardian_groupobject_permission_id_36572738_fk_auth_perm; Type: FK CONSTRAINT; Schema: public; Owner: authentik
--

ALTER TABLE ONLY public.guardian_groupobjectpermission
    ADD CONSTRAINT guardian_groupobject_permission_id_36572738_fk_auth_perm FOREIGN KEY (permission_id) REFERENCES public.auth_permission(id) DEFERRABLE INITIALLY DEFERRED;


--
-- Name: guardian_userobjectpermission guardian_userobjectp_content_type_id_2e892405_fk_django_co; Type: FK CONSTRAINT; Schema: public; Owner: authentik
--

ALTER TABLE ONLY public.guardian_userobjectpermission
    ADD CONSTRAINT guardian_userobjectp_content_type_id_2e892405_fk_django_co FOREIGN KEY (content_type_id) REFERENCES public.django_content_type(id) DEFERRABLE INITIALLY DEFERRED;


--
-- Name: guardian_userobjectpermission guardian_userobjectp_permission_id_71807bfc_fk_auth_perm; Type: FK CONSTRAINT; Schema: public; Owner: authentik
--

ALTER TABLE ONLY public.guardian_userobjectpermission
    ADD CONSTRAINT guardian_userobjectp_permission_id_71807bfc_fk_auth_perm FOREIGN KEY (permission_id) REFERENCES public.auth_permission(id) DEFERRABLE INITIALLY DEFERRED;


--
-- Name: guardian_userobjectpermission guardian_userobjectp_user_id_d5c1e964_fk_authentik; Type: FK CONSTRAINT; Schema: public; Owner: authentik
--

ALTER TABLE ONLY public.guardian_userobjectpermission
    ADD CONSTRAINT guardian_userobjectp_user_id_d5c1e964_fk_authentik FOREIGN KEY (user_id) REFERENCES public.authentik_core_user(id) DEFERRABLE INITIALLY DEFERRED;


--
-- Name: otp_static_staticdevice otp_static_staticdev_user_id_7f9cff2b_fk_authentik; Type: FK CONSTRAINT; Schema: public; Owner: authentik
--

ALTER TABLE ONLY public.otp_static_staticdevice
    ADD CONSTRAINT otp_static_staticdev_user_id_7f9cff2b_fk_authentik FOREIGN KEY (user_id) REFERENCES public.authentik_core_user(id) DEFERRABLE INITIALLY DEFERRED;


--
-- Name: otp_static_statictoken otp_static_statictok_device_id_74b7c7d1_fk_otp_stati; Type: FK CONSTRAINT; Schema: public; Owner: authentik
--

ALTER TABLE ONLY public.otp_static_statictoken
    ADD CONSTRAINT otp_static_statictok_device_id_74b7c7d1_fk_otp_stati FOREIGN KEY (device_id) REFERENCES public.otp_static_staticdevice(id) DEFERRABLE INITIALLY DEFERRED;


--
-- Name: otp_totp_totpdevice otp_totp_totpdevice_user_id_0fb18292_fk_authentik_core_user_id; Type: FK CONSTRAINT; Schema: public; Owner: authentik
--

ALTER TABLE ONLY public.otp_totp_totpdevice
    ADD CONSTRAINT otp_totp_totpdevice_user_id_0fb18292_fk_authentik_core_user_id FOREIGN KEY (user_id) REFERENCES public.authentik_core_user(id) DEFERRABLE INITIALLY DEFERRED;


--
-- PostgreSQL database dump complete
--

